caseyear,state,st_case,statename,ve_total,ve_forms,pvh_invl,peds,pernotmvit,permvit,persons,county,countyname,city,cityname,day,dayname,month,monthname,year,day_week,day_weekname,hour,hourname,minute,minutename,nhs,nhsname,rur_urb,rur_urbname,func_sys,func_sysname,rd_owner,rd_ownername,route,routename,tway_id,tway_id2,milept,mileptname,latitude,latitudename,longitud,longitudname,sp_jur,sp_jurname,harm_ev,harm_evname,man_coll,man_collname,reljct1,reljct1name,reljct2,reljct2name,typ_int,typ_intname,wrk_zone,wrk_zonename,road_fnc,road_fncname,rel_road,rel_roadname,lgt_cond,lgt_condname,weather1,weather1name,weather2,weather2name,weather,weathername,sch_bus,sch_busname,rail,railname,not_hour,not_hourname,not_min,not_minname,arr_hour,arr_hourname,arr_min,arr_minname,hosp_hr,hosp_hrname,hosp_mn,hosp_mnname,cf1,cf1name,cf2,cf2name,cf3,cf3name,fatals,drunk_dr
2018,9,90071,Connecticut,1,1,0,0,0,1,1,3,HARTFORD (3),365,MANCHESTER,14,14,4,April,2018,7,Saturday,16,4:00pm-4:59pm,12,12,0,This section IS NOT on the NHS,2,Urban,5,Major Collector,1,State Highway Agency,3,State Highway,SR-534,,15,15,41.76519167,41.76519167,-72.492127780,-72.492127780,0,No Special Jurisdiction,24,Guardrail Face,0,Not a Collision with Motor Vehicle In-Transport,0,No,1,Non-Junction,1,Not an Intersection,0,None,,,4,On Roadside,1,Daylight,1,Clear,0,No Additional Atmospheric Conditions,1,Clear,0,No,0000000,Not Applicable,16,4:00pm-4:59pm,12,12,16,4:00pm-4:59pm,15,15,88,Not Applicable (Not Transported),88,Not Applicable (Not Transported),0,None,0,None,0,None,1,1
2018,9,90072,Connecticut,1,1,0,0,0,1,1,5,LITCHFIELD (5),634,SALISBURY,7,7,6,June,2018,5,Thursday,18,6:00pm-6:59pm,0,0,0,This section IS NOT on the NHS,1,Rural,5,Major Collector,1,State Highway Agency,3,State Highway,SR-41,,145,145,42.00421944,42.00421944,-73.424216670,-73.424216670,0,No Special Jurisdiction,33,Curb,0,Not a Collision with Motor Vehicle In-Transport,0,No,1,Non-Junction,1,Not an Intersection,0,None,,,4,On Roadside,1,Daylight,1,Clear,0,No Additional Atmospheric Conditions,1,Clear,0,No,0000000,Not Applicable,18,6:00pm-6:59pm,0,0,18,6:00pm-6:59pm,5,5,18,6:00pm-6:59pm,25,25,0,None,0,None,0,None,1,0
2018,9,90073,Connecticut,3,3,0,0,0,4,4,13,TOLLAND (13),756,TOLLAND,17,17,6,June,2018,1,Sunday,0,0:00am-0:59am,38,38,1,This section IS ON the NHS,2,Urban,1,Interstate,1,State Highway Agency,1,Interstate,I-84,,807,807,41.86167500,41.86167500,-72.366252780,-72.366252780,0,No Special Jurisdiction,24,Guardrail Face,0,Not a Collision with Motor Vehicle In-Transport,1,Yes,19,Other location within Interchange Area,1,Not an Intersection,0,None,,,4,On Roadside,2,Dark - Not Lighted,1,Clear,0,No Additional Atmospheric Conditions,1,Clear,0,No,0000000,Not Applicable,0,0:00am-0:59am,39,39,0,0:00am-0:59am,42,42,99,Unknown,99,Unknown EMS Hospital Arrival Time,0,None,0,None,0,None,2,1
2018,9,90074,Connecticut,2,2,0,0,0,2,2,3,HARTFORD (3),280,HARTFORD,6,6,6,June,2018,4,Wednesday,19,7:00pm-7:59pm,48,48,0,This section IS NOT on the NHS,2,Urban,7,Local,4,City or Municipal Highway Agency,6,Local Street - Municipality,CHERRY ST,HAZEL ST,1,1,41.75920833,41.75920833,-72.704888890,-72.704888890,0,No Special Jurisdiction,12,Motor Vehicle In-Transport,6,Angle,0,No,2,Intersection,2,Four-Way Intersection,0,None,,,1,On Roadway,1,Daylight,1,Clear,0,No Additional Atmospheric Conditions,1,Clear,0,No,0000000,Not Applicable,19,7:00pm-7:59pm,48,48,19,7:00pm-7:59pm,54,54,20,8:00pm-8:59pm,10,10,0,None,0,None,0,None,1,0
2018,9,90075,Connecticut,1,1,0,1,1,1,1,3,HARTFORD (3),280,HARTFORD,13,13,6,June,2018,4,Wednesday,13,1:00pm-1:59pm,48,48,0,This section IS NOT on the NHS,2,Urban,3,Principal Arterial - Other,4,City or Municipal Highway Agency,6,Local Street - Municipality,COLUMBUS BLVD,GROVE ST,3,3,41.76431389,41.76431389,-72.669713890,-72.669713890,0,No Special Jurisdiction,8,Pedestrian,0,Not a Collision with Motor Vehicle In-Transport,0,No,3,Intersection-Related,2,Four-Way Intersection,0,None,,,1,On Roadway,1,Daylight,1,Clear,0,No Additional Atmospheric Conditions,1,Clear,0,No,0000000,Not Applicable,13,1:00pm-1:59pm,48,48,13,1:00pm-1:59pm,57,57,14,2:00pm-2:59pm,13,13,0,None,0,None,0,None,1,0
2018,9,90076,Connecticut,1,1,0,0,0,4,4,1,FAIRFIELD (1),80,BRIDGEPORT,14,14,6,June,2018,5,Thursday,18,6:00pm-6:59pm,18,18,1,This section IS ON the NHS,2,Urban,2,Principal Arterial - Other Freeways and Expressways,1,State Highway Agency,3,State Highway,SR-8,,36,36,41.21676111,41.21676111,-73.181441670,-73.181441670,0,No Special Jurisdiction,24,Guardrail Face,0,Not a Collision with Motor Vehicle In-Transport,0,No,1,Non-Junction,1,Not an Intersection,0,None,,,4,On Roadside,1,Daylight,1,Clear,0,No Additional Atmospheric Conditions,1,Clear,0,No,0000000,Not Applicable,18,6:00pm-6:59pm,18,18,18,6:00pm-6:59pm,19,19,19,7:00pm-7:59pm,0,0,20,Police Pursuit Involved,0,None,0,None,1,0
2018,9,90077,Connecticut,1,1,0,1,1,1,1,3,HARTFORD (3),280,HARTFORD,14,14,1,January,2018,1,Sunday,12,12:00pm-12:59pm,4,4,0,This section IS NOT on the NHS,2,Urban,7,Local,4,City or Municipal Highway Agency,6,Local Street - Municipality,EDGEWOOD ST,,1,1,41.77888611,41.77888611,-72.691819440,-72.691819440,0,No Special Jurisdiction,8,Pedestrian,0,Not a Collision with Motor Vehicle In-Transport,0,No,1,Non-Junction,1,Not an Intersection,0,None,,,4,On Roadside,1,Daylight,1,Clear,0,No Additional Atmospheric Conditions,1,Clear,0,No,0000000,Not Applicable,99,Unknown,99,Unknown,99,Unknown EMS Scene Arrival Hour,99,Unknown EMS Scene Arrival Minutes,99,Unknown,99,Unknown EMS Hospital Arrival Time,0,None,0,None,0,None,1,0
2018,9,90078,Connecticut,1,1,0,0,0,1,1,5,LITCHFIELD (5),850,WINSTED,14,14,1,January,2018,1,Sunday,20,8:00pm-8:59pm,22,22,0,This section IS NOT on the NHS,2,Urban,5,Major Collector,1,State Highway Agency,3,State Highway,SR-800,,108,108,41.90418611,41.90418611,-73.069416670,-73.069416670,0,No Special Jurisdiction,35,Embankment,0,Not a Collision with Motor Vehicle In-Transport,0,No,1,Non-Junction,1,Not an Intersection,0,None,,,4,On Roadside,2,Dark - Not Lighted,1,Clear,0,No Additional Atmospheric Conditions,1,Clear,0,No,0000000,Not Applicable,99,Unknown,99,Unknown,99,Unknown EMS Scene Arrival Hour,99,Unknown EMS Scene Arrival Minutes,99,Unknown,99,Unknown EMS Hospital Arrival Time,0,None,0,None,0,None,1,0
2018,9,90079,Connecticut,2,2,0,0,0,3,3,13,TOLLAND (13),64,BOLTON,20,20,6,June,2018,4,Wednesday,12,12:00pm-12:59pm,2,2,0,This section IS NOT on the NHS,2,Urban,7,Local,4,City or Municipal Highway Agency,6,Local Street - Municipality,STEELES CROSSING RD,,5,5,41.77406111,41.77406111,-72.416102780,-72.416102780,0,No Special Jurisdiction,1,Rollover/Overturn,0,Not a Collision with Motor Vehicle In-Transport,0,No,1,Non-Junction,1,Not an Intersection,0,None,,,1,On Roadway,1,Daylight,1,Clear,0,No Additional Atmospheric Conditions,1,Clear,0,No,0000000,Not Applicable,12,12:00pm-12:59pm,1,1,12,12:00pm-12:59pm,6,6,88,Not Applicable (Not Transported),88,Not Applicable (Not Transported),0,None,0,None,0,None,1,0
2018,9,90080,Connecticut,2,2,0,0,0,2,2,13,TOLLAND (13),64,BOLTON,19,19,6,June,2018,3,Tuesday,15,3:00pm-3:59pm,54,54,0,This section IS NOT on the NHS,1,Rural,5,Major Collector,1,State Highway Agency,3,State Highway,SR-85,,337,337,41.74071389,41.74071389,-72.436477780,-72.436477780,0,No Special Jurisdiction,12,Motor Vehicle In-Transport,6,Angle,0,No,1,Non-Junction,1,Not an Intersection,0,None,,,1,On Roadway,1,Daylight,1,Clear,0,No Additional Atmospheric Conditions,1,Clear,0,No,0000000,Not Applicable,15,3:00pm-3:59pm,52,52,15,3:00pm-3:59pm,56,56,16,4:00pm-4:59pm,56,56,0,None,0,None,0,None,1,1
2018,9,90081,Connecticut,2,2,0,0,0,3,3,11,NEW LONDON (11),140,COLCHESTER,24,24,6,June,2018,1,Sunday,14,2:00pm-2:59pm,31,31,0,This section IS NOT on the NHS,2,Urban,2,Principal Arterial - Other Freeways and Expressways,1,State Highway Agency,3,State Highway,SR-11 RAMP,SR-637,2,2,41.55785556,41.55785556,-72.323102780,-72.323102780,0,No Special Jurisdiction,12,Motor Vehicle In-Transport,6,Angle,1,Yes,2,Intersection,2,Four-Way Intersection,0,None,,,1,On Roadway,1,Daylight,1,Clear,0,No Additional Atmospheric Conditions,1,Clear,0,No,0000000,Not Applicable,14,2:00pm-2:59pm,32,32,14,2:00pm-2:59pm,37,37,15,3:00pm-3:59pm,3,3,0,None,0,None,0,None,1,0
2018,9,90083,Connecticut,2,2,0,0,0,2,2,9,NEW HAVEN (9),410,NAUGATUCK,27,27,2,February,2018,3,Tuesday,11,11:00am-11:59am,15,15,0,This section IS NOT on the NHS,2,Urban,5,Major Collector,4,City or Municipal Highway Agency,6,Local Street - Municipality,GUNNTOWN RD,,5,5,41.48930833,41.48930833,-73.104263890,-73.104263890,0,No Special Jurisdiction,12,Motor Vehicle In-Transport,2,Front-to-Front,0,No,1,Non-Junction,1,Not an Intersection,0,None,,,1,On Roadway,1,Daylight,1,Clear,0,No Additional Atmospheric Conditions,1,Clear,0,No,0000000,Not Applicable,99,Unknown,99,Unknown,99,Unknown EMS Scene Arrival Hour,99,Unknown EMS Scene Arrival Minutes,99,Unknown,99,Unknown EMS Hospital Arrival Time,0,None,0,None,0,None,1,0
2018,9,90084,Connecticut,2,2,0,0,0,4,4,5,LITCHFIELD (5),326,KENT,4,4,5,May,2018,6,Friday,19,7:00pm-7:59pm,8,8,0,This section IS NOT on the NHS,1,Rural,7,Local,4,City or Municipal Highway Agency,6,Local Street - Municipality,SKIFF MOUNTAIN RD,,30,30,41.76685833,41.76685833,-73.464500000,-73.464500000,0,No Special Jurisdiction,12,Motor Vehicle In-Transport,2,Front-to-Front,0,No,1,Non-Junction,1,Not an Intersection,0,None,,,1,On Roadway,1,Daylight,1,Clear,0,No Additional Atmospheric Conditions,1,Clear,0,No,0000000,Not Applicable,19,7:00pm-7:59pm,7,7,19,7:00pm-7:59pm,16,16,20,8:00pm-8:59pm,56,56,0,None,0,None,0,None,1,1
2018,9,90085,Connecticut,3,3,0,0,0,7,7,9,NEW HAVEN (9),370,MERIDEN,26,26,5,May,2018,7,Saturday,23,11:00pm-11:59pm,37,37,1,This section IS ON the NHS,2,Urban,2,Principal Arterial - Other Freeways and Expressways,1,State Highway Agency,3,State Highway,SR-15,,635,635,41.51680000,41.51680000,-72.776283330,-72.776283330,0,No Special Jurisdiction,33,Curb,0,Not a Collision with Motor Vehicle In-Transport,0,No,1,Non-Junction,1,Not an Intersection,0,None,,,3,On Median,2,Dark - Not Lighted,1,Clear,0,No Additional Atmospheric Conditions,1,Clear,0,No,0000000,Not Applicable,23,11:00pm-11:59pm,40,40,23,11:00pm-11:59pm,48,48,99,Unknown,99,Unknown EMS Hospital Arrival Time,0,None,0,None,0,None,1,1
2018,9,90086,Connecticut,1,1,0,0,0,2,2,11,NEW LONDON (11),140,COLCHESTER,15,15,6,June,2018,6,Friday,2,2:00am-2:59am,26,26,0,This section IS NOT on the NHS,2,Urban,5,Major Collector,1,State Highway Agency,3,State Highway,SR-616,,6,6,41.57616944,41.57616944,-72.322083330,-72.322083330,0,No Special Jurisdiction,42,Tree (Standing Only),0,Not a Collision with Motor Vehicle In-Transport,0,No,1,Non-Junction,1,Not an Intersection,0,None,,,4,On Roadside,3,Dark - Lighted,10,Cloudy,0,No Additional Atmospheric Conditions,10,Cloudy,0,No,0000000,Not Applicable,2,2:00am-2:59am,26,26,2,2:00am-2:59am,33,33,3,3:00am-3:59am,47,47,0,None,0,None,0,None,1,0
2018,9,90087,Connecticut,1,1,0,0,0,1,1,1,FAIRFIELD (1),235,FAIRFIELD,12,12,5,May,2018,7,Saturday,1,1:00am-1:59am,40,40,0,This section IS NOT on the NHS,2,Urban,3,Principal Arterial - Other,1,State Highway Agency,2,U.S. Highway,US-1,,263,263,41.15500278,41.15500278,-73.244483330,-73.244483330,0,No Special Jurisdiction,30,Utility Pole/Light Support,0,Not a Collision with Motor Vehicle In-Transport,0,No,1,Non-Junction,1,Not an Intersection,0,None,,,4,On Roadside,2,Dark - Not Lighted,1,Clear,0,No Additional Atmospheric Conditions,1,Clear,0,No,0000000,Not Applicable,1,1:00am-1:59am,40,40,1,1:00am-1:59am,44,44,2,2:00am-2:59am,35,35,0,None,0,None,0,None,1,1
2018,9,90088,Connecticut,2,2,0,0,0,2,2,3,HARTFORD (3),420,NEW BRITAIN,3,3,6,June,2018,1,Sunday,14,2:00pm-2:59pm,41,41,0,This section IS NOT on the NHS,2,Urban,4,Minor Arterial,1,State Highway Agency,3,State Highway,SR-555,GROVE HILL ST,8,8,41.66578333,41.66578333,-72.791002780,-72.791002780,0,No Special Jurisdiction,1,Rollover/Overturn,0,Not a Collision with Motor Vehicle In-Transport,0,No,3,Intersection-Related,3,T-Intersection,0,None,,,1,On Roadway,1,Daylight,1,Clear,0,No Additional Atmospheric Conditions,1,Clear,0,No,0000000,Not Applicable,14,2:00pm-2:59pm,41,41,14,2:00pm-2:59pm,46,46,15,3:00pm-3:59pm,11,11,0,None,0,None,0,None,1,1
2018,9,90089,Connecticut,2,2,0,0,0,3,3,9,NEW HAVEN (9),370,MERIDEN,29,29,5,May,2018,3,Tuesday,3,3:00am-3:59am,5,5,1,This section IS ON the NHS,2,Urban,1,Interstate,1,State Highway Agency,1,Interstate,I-691,,30,30,41.54977500,41.54977500,-72.816313890,-72.816313890,0,No Special Jurisdiction,12,Motor Vehicle In-Transport,2,Front-to-Front,0,No,1,Non-Junction,1,Not an Intersection,0,None,,,1,On Roadway,3,Dark - Lighted,1,Clear,0,No Additional Atmospheric Conditions,1,Clear,0,No,0000000,Not Applicable,3,3:00am-3:59am,24,24,3,3:00am-3:59am,29,29,4,4:00am-4:59am,3,3,0,None,0,None,0,None,1,0
2018,9,90090,Connecticut,2,2,0,0,0,2,2,5,LITCHFIELD (5),857,WOODBURY,6,6,6,June,2018,4,Wednesday,17,5:00pm-5:59pm,22,22,0,This section IS NOT on the NHS,1,Rural,4,Minor Arterial,1,State Highway Agency,2,U.S. Highway,US-6,QUASSAPAUG RD NO 1,315,315,41.59487222,41.59487222,-73.169486110,-73.169486110,0,No Special Jurisdiction,12,Motor Vehicle In-Transport,6,Angle,0,No,2,Intersection,2,Four-Way Intersection,0,None,,,1,On Roadway,1,Daylight,10,Cloudy,0,No Additional Atmospheric Conditions,10,Cloudy,0,No,0000000,Not Applicable,99,Unknown,99,Unknown,99,Unknown EMS Scene Arrival Hour,99,Unknown EMS Scene Arrival Minutes,99,Unknown,99,Unknown EMS Hospital Arrival Time,0,None,0,None,0,None,1,0
2018,9,90091,Connecticut,1,1,0,0,0,1,1,13,TOLLAND (13),756,TOLLAND,4,4,7,July,2018,4,Wednesday,22,10:00pm-10:59pm,21,21,0,This section IS NOT on the NHS,1,Rural,7,Local,4,City or Municipal Highway Agency,6,Local Street - Municipality,DEERWOOD ROAD,CHARLES STREET,0,None,41.92256111,41.92256111,-72.330452780,-72.330452780,0,No Special Jurisdiction,19,Building,0,Not a Collision with Motor Vehicle In-Transport,0,No,3,Intersection-Related,3,T-Intersection,0,None,,,4,On Roadside,2,Dark - Not Lighted,1,Clear,0,No Additional Atmospheric Conditions,1,Clear,0,No,0000000,Not Applicable,22,10:00pm-10:59pm,21,21,22,10:00pm-10:59pm,28,28,88,Not Applicable (Not Transported),88,Not Applicable (Not Transported),0,None,0,None,0,None,1,1
2018,9,90092,Connecticut,2,1,1,0,0,1,1,9,NEW HAVEN (9),267,HAMDEN,10,10,6,June,2018,1,Sunday,10,10:00am-10:59am,13,13,0,This section IS NOT on the NHS,2,Urban,5,Major Collector,4,City or Municipal Highway Agency,6,Local Street - Municipality,MIX AV,,3,3,41.36774167,41.36774167,-72.926163890,-72.926163890,0,No Special Jurisdiction,1,Rollover/Overturn,0,Not a Collision with Motor Vehicle In-Transport,0,No,8,Driveway Access Related,1,Not an Intersection,0,None,,,1,On Roadway,1,Daylight,1,Clear,0,No Additional Atmospheric Conditions,1,Clear,0,No,0000000,Not Applicable,10,10:00am-10:59am,13,13,10,10:00am-10:59am,14,14,10,10:00am-10:59am,29,29,0,None,0,None,0,None,1,0
2018,9,90093,Connecticut,3,3,0,0,0,5,5,1,FAIRFIELD (1),510,NORWALK,5,5,6,June,2018,3,Tuesday,21,9:00pm-9:59pm,57,57,1,This section IS ON the NHS,2,Urban,2,Principal Arterial - Other Freeways and Expressways,1,State Highway Agency,3,State Highway,SR-15,,179,179,41.14444444,41.14444444,-73.419433330,-73.419433330,0,No Special Jurisdiction,24,Guardrail Face,0,Not a Collision with Motor Vehicle In-Transport,0,No,1,Non-Junction,1,Not an Intersection,0,None,,,3,On Median,2,Dark - Not Lighted,1,Clear,0,No Additional Atmospheric Conditions,1,Clear,0,No,0000000,Not Applicable,21,9:00pm-9:59pm,58,58,22,10:00pm-10:59pm,4,4,22,10:00pm-10:59pm,33,33,14,"Motor Vehicle struck by falling cargo,or something that came loose from or something that was set in motion by a vehicle",0,None,0,None,1,0
2018,9,90094,Connecticut,1,1,0,0,0,1,1,3,HARTFORD (3),420,NEW BRITAIN,7,7,7,July,2018,7,Saturday,15,3:00pm-3:59pm,11,11,0,This section IS NOT on the NHS,2,Urban,2,Principal Arterial - Other Freeways and Expressways,1,State Highway Agency,3,State Highway,SR-72,,2,2,41.66883056,41.66883056,-72.775575000,-72.775575000,0,No Special Jurisdiction,24,Guardrail Face,0,Not a Collision with Motor Vehicle In-Transport,1,Yes,19,Other location within Interchange Area,1,Not an Intersection,0,None,,,3,On Median,1,Daylight,1,Clear,0,No Additional Atmospheric Conditions,1,Clear,0,No,0000000,Not Applicable,15,3:00pm-3:59pm,15,15,15,3:00pm-3:59pm,20,20,88,Not Applicable (Not Transported),88,Not Applicable (Not Transported),0,None,0,None,0,None,1,1
2018,9,90095,Connecticut,1,1,0,0,0,1,1,13,TOLLAND (13),846,WILLINGTON,30,30,6,June,2018,7,Saturday,0,0:00am-0:59am,57,57,0,This section IS NOT on the NHS,1,Rural,4,Minor Arterial,1,State Highway Agency,3,State Highway,SR-32,,414,414,41.85652778,41.85652778,-72.299872220,-72.299872220,0,No Special Jurisdiction,24,Guardrail Face,0,Not a Collision with Motor Vehicle In-Transport,0,No,1,Non-Junction,1,Not an Intersection,0,None,,,4,On Roadside,2,Dark - Not Lighted,1,Clear,0,No Additional Atmospheric Conditions,1,Clear,0,No,0000000,Not Applicable,0,0:00am-0:59am,58,58,1,1:00am-1:59am,2,2,99,Unknown,99,Unknown EMS Hospital Arrival Time,0,None,0,None,0,None,1,1
2018,9,90096,Connecticut,1,1,0,0,0,2,2,5,LITCHFIELD (5),286,HARWINTON,10,10,4,April,2018,3,Tuesday,17,5:00pm-5:59pm,53,53,1,This section IS ON the NHS,2,Urban,2,Principal Arterial - Other Freeways and Expressways,1,State Highway Agency,3,State Highway,SR-8,,475,475,41.77150556,41.77150556,-73.114800000,-73.114800000,0,No Special Jurisdiction,57,Cable Barrier,0,Not a Collision with Motor Vehicle In-Transport,0,No,1,Non-Junction,1,Not an Intersection,0,None,,,3,On Median,1,Daylight,1,Clear,0,No Additional Atmospheric Conditions,1,Clear,0,No,0000000,Not Applicable,99,Unknown,99,Unknown,99,Unknown EMS Scene Arrival Hour,99,Unknown EMS Scene Arrival Minutes,99,Unknown,99,Unknown EMS Hospital Arrival Time,0,None,0,None,0,None,1,0
2018,9,90097,Connecticut,2,2,0,0,0,2,2,3,HARTFORD (3),229,ENFIELD,8,8,5,May,2018,3,Tuesday,14,2:00pm-2:59pm,33,33,0,This section IS NOT on the NHS,2,Urban,7,Local,1,State Highway Agency,3,State Highway,SR-510,,25,25,41.94305000,41.94305000,-72.604197220,-72.604197220,0,No Special Jurisdiction,12,Motor Vehicle In-Transport,6,Angle,0,No,4,Driveway Access,1,Not an Intersection,0,None,,,1,On Roadway,1,Daylight,1,Clear,0,No Additional Atmospheric Conditions,1,Clear,0,No,0000000,Not Applicable,14,2:00pm-2:59pm,35,35,14,2:00pm-2:59pm,38,38,15,3:00pm-3:59pm,5,5,0,None,0,None,0,None,1,0
2018,9,90098,Connecticut,2,1,1,0,0,1,1,9,NEW HAVEN (9),430,NEW HAVEN,8,8,5,May,2018,3,Tuesday,19,7:00pm-7:59pm,13,13,0,This section IS NOT on the NHS,2,Urban,7,Local,4,City or Municipal Highway Agency,6,Local Street - Municipality,LOMBARD ST,,7,7,41.31604444,41.31604444,-72.890708330,-72.890708330,0,No Special Jurisdiction,19,Building,0,Not a Collision with Motor Vehicle In-Transport,0,No,1,Non-Junction,1,Not an Intersection,0,None,,,4,On Roadside,1,Daylight,1,Clear,0,No Additional Atmospheric Conditions,1,Clear,0,No,0000000,Not Applicable,19,7:00pm-7:59pm,13,13,19,7:00pm-7:59pm,20,20,19,7:00pm-7:59pm,35,35,14,"Motor Vehicle struck by falling cargo,or something that came loose from or something that was set in motion by a vehicle",0,None,0,None,1,1
2018,9,90099,Connecticut,2,2,0,0,0,2,2,9,NEW HAVEN (9),430,NEW HAVEN,15,15,5,May,2018,3,Tuesday,13,1:00pm-1:59pm,16,16,0,This section IS NOT on the NHS,2,Urban,7,Local,4,City or Municipal Highway Agency,6,Local Street - Municipality,HAZEL ST,SHELTON AV,3,3,41.32899444,41.32899444,-72.932441670,-72.932441670,0,No Special Jurisdiction,12,Motor Vehicle In-Transport,6,Angle,0,No,2,Intersection,2,Four-Way Intersection,0,None,,,1,On Roadway,1,Daylight,1,Clear,0,No Additional Atmospheric Conditions,1,Clear,0,No,0000000,Not Applicable,99,Unknown,99,Unknown,13,1:00pm-1:59pm,22,22,13,1:00pm-1:59pm,32,32,0,None,0,None,0,None,1,0
2018,9,90100,Connecticut,1,1,0,0,0,1,1,9,NEW HAVEN (9),430,NEW HAVEN,26,26,5,May,2018,7,Saturday,1,1:00am-1:59am,54,54,0,This section IS NOT on the NHS,2,Urban,3,Principal Arterial - Other,1,State Highway Agency,2,U.S. Highway,US-1,OAKLEY ST NO 2,505,505,41.28832500,41.28832500,-72.888977780,-72.888977780,0,No Special Jurisdiction,24,Guardrail Face,0,Not a Collision with Motor Vehicle In-Transport,0,No,3,Intersection-Related,3,T-Intersection,0,None,,,3,On Median,2,Dark - Not Lighted,1,Clear,0,No Additional Atmospheric Conditions,1,Clear,0,No,0000000,Not Applicable,99,Unknown,99,Unknown,99,Unknown EMS Scene Arrival Hour,99,Unknown EMS Scene Arrival Minutes,99,Unknown,99,Unknown EMS Hospital Arrival Time,0,None,0,None,0,None,1,1
2018,9,90101,Connecticut,2,2,0,0,0,5,5,9,NEW HAVEN (9),430,NEW HAVEN,10,10,5,May,2018,5,Thursday,2,2:00am-2:59am,6,6,0,This section IS NOT on the NHS,6,Trafficway Not in State Inventory,96,Trafficway Not in State Inventory,96,Trafficway Not in State Inventory,6,Local Street - Municipality,UNNAMED RD -  E ROCK CITY PARK,,99999,Unknown,41.33851944,41.33851944,-72.903788890,-72.903788890,8,Other,31,"Post, Pole or Other Supports",0,Not a Collision with Motor Vehicle In-Transport,0,No,1,Non-Junction,1,Not an Intersection,0,None,,,4,On Roadside,2,Dark - Not Lighted,1,Clear,0,No Additional Atmospheric Conditions,1,Clear,0,No,0000000,Not Applicable,99,Unknown,99,Unknown,99,Unknown EMS Scene Arrival Hour,99,Unknown EMS Scene Arrival Minutes,99,Unknown,99,Unknown EMS Hospital Arrival Time,0,None,0,None,0,None,1,0
2018,9,90102,Connecticut,1,1,0,0,0,2,2,1,FAIRFIELD (1),765,TRUMBULL,21,21,6,June,2018,5,Thursday,23,11:00pm-11:59pm,10,10,1,This section IS ON the NHS,2,Urban,2,Principal Arterial - Other Freeways and Expressways,1,State Highway Agency,3,State Highway,SR-8,,43,43,41.22350000,41.22350000,-73.175925000,-73.175925000,0,No Special Jurisdiction,39,Wall,0,Not a Collision with Motor Vehicle In-Transport,0,No,1,Non-Junction,1,Not an Intersection,0,None,,,4,On Roadside,3,Dark - Lighted,1,Clear,0,No Additional Atmospheric Conditions,1,Clear,0,No,0000000,Not Applicable,23,11:00pm-11:59pm,13,13,23,11:00pm-11:59pm,20,20,23,11:00pm-11:59pm,46,46,0,None,0,None,0,None,2,0
2018,9,90103,Connecticut,2,2,0,0,0,2,2,15,WINDHAM (15),104,CANTERBURY,14,14,7,July,2018,7,Saturday,18,6:00pm-6:59pm,38,38,0,This section IS NOT on the NHS,1,Rural,5,Major Collector,1,State Highway Agency,3,State Highway,SR-169,KERR RD,174,174,41.74346944,41.74346944,-71.959861110,-71.959861110,0,No Special Jurisdiction,1,Rollover/Overturn,0,Not a Collision with Motor Vehicle In-Transport,0,No,2,Intersection,3,T-Intersection,0,None,,,1,On Roadway,1,Daylight,1,Clear,0,No Additional Atmospheric Conditions,1,Clear,0,No,0000000,Not Applicable,18,6:00pm-6:59pm,37,37,18,6:00pm-6:59pm,56,56,88,Not Applicable (Not Transported),88,Not Applicable (Not Transported),0,None,0,None,0,None,1,1
2018,9,90104,Connecticut,1,1,0,0,0,1,1,9,NEW HAVEN (9),430,NEW HAVEN,14,14,7,July,2018,7,Saturday,3,3:00am-3:59am,5,5,0,This section IS NOT on the NHS,2,Urban,4,Minor Arterial,4,City or Municipal Highway Agency,6,Local Street - Municipality,FAIRMONT AV,,5,5,41.29418611,41.29418611,-72.893127780,-72.893127780,0,No Special Jurisdiction,39,Wall,0,Not a Collision with Motor Vehicle In-Transport,0,No,1,Non-Junction,1,Not an Intersection,0,None,,,4,On Roadside,3,Dark - Lighted,1,Clear,0,No Additional Atmospheric Conditions,1,Clear,0,No,0000000,Not Applicable,99,Unknown,99,Unknown,99,Unknown EMS Scene Arrival Hour,99,Unknown EMS Scene Arrival Minutes,99,Unknown,99,Unknown EMS Hospital Arrival Time,0,None,0,None,0,None,1,1