caseyear,state,st_case,statename,ve_total,ve_forms,pvh_invl,peds,pernotmvit,permvit,persons,county,countyname,city,cityname,day,dayname,month,monthname,year,day_week,day_weekname,hour,hourname,minute,minutename,nhs,nhsname,rur_urb,rur_urbname,func_sys,func_sysname,rd_owner,rd_ownername,route,routename,tway_id,tway_id2,milept,mileptname,latitude,latitudename,longitud,longitudname,sp_jur,sp_jurname,harm_ev,harm_evname,man_coll,man_collname,reljct1,reljct1name,reljct2,reljct2name,typ_int,typ_intname,wrk_zone,wrk_zonename,road_fnc,road_fncname,rel_road,rel_roadname,lgt_cond,lgt_condname,weather1,weather1name,weather2,weather2name,weather,weathername,sch_bus,sch_busname,rail,railname,not_hour,not_hourname,not_min,not_minname,arr_hour,arr_hourname,arr_min,arr_minname,hosp_hr,hosp_hrname,hosp_mn,hosp_mnname,cf1,cf1name,cf2,cf2name,cf3,cf3name,fatals,drunk_dr
2018,9,90206,Connecticut,1,1,0,0,0,1,1,9,NEW HAVEN (9),370,MERIDEN,19,19,8,August,2018,1,Sunday,21,9:00pm-9:59pm,33,33,0,This section IS NOT on the NHS,2,Urban,4,Minor Arterial,4,City or Municipal Highway Agency,6,Local Street - Municipality,RESEARCH PKWY,,10,10,41.51316389,41.51316389,-72.767127780,-72.767127780,0,No Special Jurisdiction,33,Curb,0,Not a Collision with Motor Vehicle In-Transport,0,No,1,Non-Junction,1,Not an Intersection,0,None,,,4,On Roadside,3,Dark - Lighted,1,Clear,0,No Additional Atmospheric Conditions,1,Clear,0,No,0000000,Not Applicable,99,Unknown,99,Unknown,99,Unknown EMS Scene Arrival Hour,99,Unknown EMS Scene Arrival Minutes,99,Unknown,99,Unknown EMS Hospital Arrival Time,0,None,0,None,0,None,1,0
2018,9,90207,Connecticut,1,1,0,0,0,2,2,9,NEW HAVEN (9),585,PROSPECT,10,10,11,November,2018,7,Saturday,16,4:00pm-4:59pm,14,14,0,This section IS NOT on the NHS,2,Urban,3,Principal Arterial - Other,1,State Highway Agency,3,State Highway,SR-69,,138,138,41.52454444,41.52454444,-72.995963890,-72.995963890,0,No Special Jurisdiction,43,Other Fixed Object,0,Not a Collision with Motor Vehicle In-Transport,0,No,1,Non-Junction,1,Not an Intersection,0,None,,,4,On Roadside,1,Daylight,1,Clear,0,No Additional Atmospheric Conditions,1,Clear,0,No,0000000,Not Applicable,16,4:00pm-4:59pm,14,14,16,4:00pm-4:59pm,17,17,16,4:00pm-4:59pm,44,44,0,None,0,None,0,None,1,0
2018,9,90208,Connecticut,3,3,0,0,0,3,3,15,WINDHAM (15),99,BROOKLYN,14,14,11,November,2018,4,Wednesday,18,6:00pm-6:59pm,23,23,0,This section IS NOT on the NHS,2,Urban,3,Principal Arterial - Other,1,State Highway Agency,2,U.S. Highway,US-6,,1094,1094,41.79665278,41.79665278,-71.916100000,-71.916100000,0,No Special Jurisdiction,12,Motor Vehicle In-Transport,1,Front-to-Rear,0,No,1,Non-Junction,1,Not an Intersection,0,None,,,1,On Roadway,3,Dark - Lighted,1,Clear,0,No Additional Atmospheric Conditions,1,Clear,0,No,0000000,Not Applicable,18,6:00pm-6:59pm,23,23,18,6:00pm-6:59pm,27,27,99,Unknown,99,Unknown EMS Hospital Arrival Time,0,None,0,None,0,None,1,0
2018,9,90210,Connecticut,1,1,0,0,0,2,2,3,HARTFORD (3),420,NEW BRITAIN,4,4,9,September,2018,3,Tuesday,11,11:00am-11:59am,57,57,0,This section IS NOT on the NHS,2,Urban,7,Local,4,City or Municipal Highway Agency,6,Local Street - Municipality,WALNUT HILL PARK RD C,,0,None,41.66240556,41.66240556,-72.788322220,-72.788322220,0,No Special Jurisdiction,33,Curb,0,Not a Collision with Motor Vehicle In-Transport,0,No,1,Non-Junction,1,Not an Intersection,0,None,,,4,On Roadside,1,Daylight,1,Clear,0,No Additional Atmospheric Conditions,1,Clear,0,No,0000000,Not Applicable,99,Unknown,99,Unknown,99,Unknown EMS Scene Arrival Hour,99,Unknown EMS Scene Arrival Minutes,99,Unknown,99,Unknown EMS Hospital Arrival Time,0,None,0,None,0,None,1,0
2018,9,90211,Connecticut,2,2,0,0,0,3,3,11,NEW LONDON (11),263,GRISWOLD,26,26,11,November,2018,2,Monday,18,6:00pm-6:59pm,58,58,0,This section IS NOT on the NHS,2,Urban,4,Minor Arterial,1,State Highway Agency,3,State Highway,SR-138,,103,103,41.58281667,41.58281667,-71.917252780,-71.917252780,0,No Special Jurisdiction,12,Motor Vehicle In-Transport,8,Sideswipe - Opposite Direction,0,No,1,Non-Junction,1,Not an Intersection,0,None,,,1,On Roadway,2,Dark - Not Lighted,2,Rain,0,No Additional Atmospheric Conditions,2,Rain,0,No,0000000,Not Applicable,18,6:00pm-6:59pm,58,58,18,6:00pm-6:59pm,58,58,99,Unknown,99,Unknown EMS Hospital Arrival Time,0,None,0,None,0,None,1,1
2018,9,90212,Connecticut,2,2,0,0,0,2,2,9,NEW HAVEN (9),265,GUILFORD,19,19,11,November,2018,2,Monday,13,1:00pm-1:59pm,15,15,0,This section IS NOT on the NHS,2,Urban,4,Minor Arterial,1,State Highway Agency,2,U.S. Highway,US-1,,600,600,41.30973333,41.30973333,-72.731658330,-72.731658330,0,No Special Jurisdiction,12,Motor Vehicle In-Transport,6,Angle,0,No,4,Driveway Access,1,Not an Intersection,0,None,,,1,On Roadway,1,Daylight,1,Clear,0,No Additional Atmospheric Conditions,1,Clear,0,No,0000000,Not Applicable,13,1:00pm-1:59pm,15,15,13,1:00pm-1:59pm,20,20,13,1:00pm-1:59pm,59,59,0,None,0,None,0,None,1,0
2018,9,90213,Connecticut,1,1,0,0,0,4,4,9,NEW HAVEN (9),430,NEW HAVEN,20,20,11,November,2018,3,Tuesday,23,11:00pm-11:59pm,42,42,1,This section IS ON the NHS,2,Urban,3,Principal Arterial - Other,1,State Highway Agency,3,State Highway,SR-10,,7,7,41.29048611,41.29048611,-72.941125000,-72.941125000,0,No Special Jurisdiction,42,Tree (Standing Only),0,Not a Collision with Motor Vehicle In-Transport,0,No,1,Non-Junction,1,Not an Intersection,0,None,,,4,On Roadside,3,Dark - Lighted,1,Clear,0,No Additional Atmospheric Conditions,1,Clear,0,No,0000000,Not Applicable,99,Unknown,99,Unknown,99,Unknown EMS Scene Arrival Hour,99,Unknown EMS Scene Arrival Minutes,99,Unknown,99,Unknown EMS Hospital Arrival Time,0,None,0,None,0,None,1,0
2018,9,90214,Connecticut,1,1,0,1,1,1,1,9,NEW HAVEN (9),267,HAMDEN,20,20,7,July,2018,6,Friday,18,6:00pm-6:59pm,48,48,1,This section IS ON the NHS,2,Urban,3,Principal Arterial - Other,1,State Highway Agency,3,State Highway,SR-10,OLD DIXWELL AV,87,87,41.38367778,41.38367778,-72.903838890,-72.903838890,0,No Special Jurisdiction,8,Pedestrian,0,Not a Collision with Motor Vehicle In-Transport,0,No,3,Intersection-Related,4,Y-Intersection,0,None,,,1,On Roadway,1,Daylight,1,Clear,0,No Additional Atmospheric Conditions,1,Clear,0,No,0000000,Not Applicable,99,Unknown,99,Unknown,99,Unknown EMS Scene Arrival Hour,99,Unknown EMS Scene Arrival Minutes,99,Unknown,99,Unknown EMS Hospital Arrival Time,0,None,0,None,0,None,1,0
2018,9,90215,Connecticut,1,1,0,0,0,1,1,1,FAIRFIELD (1),80,BRIDGEPORT,25,25,11,November,2018,1,Sunday,2,2:00am-2:59am,25,25,1,This section IS ON the NHS,2,Urban,2,Principal Arterial - Other Freeways and Expressways,1,State Highway Agency,3,State Highway,SR-8,,20,20,41.19496389,41.19496389,-73.195005560,-73.195005560,0,No Special Jurisdiction,59,Traffic Sign Support,0,Not a Collision with Motor Vehicle In-Transport,1,Yes,5,Entrance/Exit Ramp Related,1,Not an Intersection,0,None,,,8,Gore,3,Dark - Lighted,2,Rain,0,No Additional Atmospheric Conditions,2,Rain,0,No,0000000,Not Applicable,2,2:00am-2:59am,26,26,2,2:00am-2:59am,30,30,3,3:00am-3:59am,5,5,0,None,0,None,0,None,1,1
2018,9,90216,Connecticut,1,1,0,0,0,1,1,3,HARTFORD (3),237,FARMINGTON,22,22,6,June,2018,6,Friday,17,5:00pm-5:59pm,48,48,0,This section IS NOT on the NHS,2,Urban,5,Major Collector,4,City or Municipal Highway Agency,6,Local Street - Municipality,NEW BRITAIN AV,,13,13,41.74219167,41.74219167,-72.869536110,-72.869536110,0,No Special Jurisdiction,42,Tree (Standing Only),0,Not a Collision with Motor Vehicle In-Transport,0,No,1,Non-Junction,1,Not an Intersection,0,None,,,4,On Roadside,1,Daylight,1,Clear,0,No Additional Atmospheric Conditions,1,Clear,0,No,0000000,Not Applicable,17,5:00pm-5:59pm,48,48,17,5:00pm-5:59pm,55,55,18,6:00pm-6:59pm,16,16,0,None,0,None,0,None,1,1
2018,9,90217,Connecticut,2,2,0,0,0,3,3,11,NEW LONDON (11),219,EAST LYME,10,10,11,November,2018,7,Saturday,22,10:00pm-10:59pm,54,54,0,This section IS NOT on the NHS,2,Urban,4,Minor Arterial,1,State Highway Agency,3,State Highway,SR-161,,16,16,41.34075833,41.34075833,-72.207777780,-72.207777780,0,No Special Jurisdiction,12,Motor Vehicle In-Transport,2,Front-to-Front,0,No,1,Non-Junction,1,Not an Intersection,0,None,,,1,On Roadway,3,Dark - Lighted,1,Clear,0,No Additional Atmospheric Conditions,1,Clear,0,No,0000000,Not Applicable,23,11:00pm-11:59pm,0,0,23,11:00pm-11:59pm,3,3,99,Unknown,99,Unknown EMS Hospital Arrival Time,0,None,0,None,0,None,1,1
2018,9,90218,Connecticut,2,2,0,0,0,3,3,13,TOLLAND (13),785,VERNON,7,7,8,August,2018,3,Tuesday,12,12:00pm-12:59pm,17,17,1,This section IS ON the NHS,2,Urban,3,Principal Arterial - Other,1,State Highway Agency,3,State Highway,SR-83,MERLINE RD,132,132,41.84690833,41.84690833,-72.485602780,-72.485602780,0,No Special Jurisdiction,12,Motor Vehicle In-Transport,6,Angle,0,No,2,Intersection,2,Four-Way Intersection,0,None,,,1,On Roadway,1,Daylight,1,Clear,0,No Additional Atmospheric Conditions,1,Clear,0,No,0000000,Not Applicable,99,Unknown,99,Unknown,99,Unknown EMS Scene Arrival Hour,99,Unknown EMS Scene Arrival Minutes,99,Unknown,99,Unknown EMS Hospital Arrival Time,0,None,0,None,0,None,1,0
2018,9,90219,Connecticut,1,1,0,0,0,1,1,11,NEW LONDON (11),260,GROTON,13,13,11,November,2018,3,Tuesday,4,4:00am-4:59am,53,53,1,This section IS ON the NHS,2,Urban,1,Interstate,1,State Highway Agency,1,Interstate,I-95,,1004,1004,41.37124722,41.37124722,-71.974594440,-71.974594440,0,No Special Jurisdiction,24,Guardrail Face,0,Not a Collision with Motor Vehicle In-Transport,0,No,1,Non-Junction,1,Not an Intersection,0,None,,,3,On Median,2,Dark - Not Lighted,2,Rain,0,No Additional Atmospheric Conditions,2,Rain,0,No,0000000,Not Applicable,4,4:00am-4:59am,55,55,5,5:00am-5:59am,7,7,88,Not Applicable (Not Transported),88,Not Applicable (Not Transported),0,None,0,None,0,None,1,0
2018,9,90220,Connecticut,2,1,1,1,2,1,2,9,NEW HAVEN (9),810,WATERBURY,2,2,8,August,2018,5,Thursday,7,7:00am-7:59am,39,39,0,This section IS NOT on the NHS,2,Urban,7,Local,4,City or Municipal Highway Agency,6,Local Street - Municipality,HIGHLAND DR NO 2,,1,1,41.53936111,41.53936111,-73.060836110,-73.060836110,0,No Special Jurisdiction,8,Pedestrian,0,Not a Collision with Motor Vehicle In-Transport,0,No,1,Non-Junction,1,Not an Intersection,0,None,,,1,On Roadway,4,Dawn,1,Clear,0,No Additional Atmospheric Conditions,1,Clear,0,No,0000000,Not Applicable,7,7:00am-7:59am,39,39,99,Unknown EMS Scene Arrival Hour,99,Unknown EMS Scene Arrival Minutes,99,Unknown,99,Unknown EMS Hospital Arrival Time,14,"Motor Vehicle struck by falling cargo,or something that came loose from or something that was set in motion by a vehicle",0,None,0,None,1,0
2018,9,90221,Connecticut,1,1,0,1,1,1,1,3,HARTFORD (3),280,HARTFORD,19,19,4,April,2018,5,Thursday,6,6:00am-6:59am,4,4,0,This section IS NOT on the NHS,2,Urban,4,Minor Arterial,4,City or Municipal Highway Agency,6,Local Street - Municipality,WYLLYS ST,CHARTER OAK PL,2,2,41.75636667,41.75636667,-72.673608330,-72.673608330,0,No Special Jurisdiction,8,Pedestrian,0,Not a Collision with Motor Vehicle In-Transport,0,No,3,Intersection-Related,2,Four-Way Intersection,0,None,,,1,On Roadway,4,Dawn,2,Rain,0,No Additional Atmospheric Conditions,2,Rain,0,No,0000000,Not Applicable,6,6:00am-6:59am,4,4,6,6:00am-6:59am,8,8,6,6:00am-6:59am,24,24,0,None,0,None,0,None,1,0
2018,9,90222,Connecticut,2,2,0,0,0,2,2,5,LITCHFIELD (5),491,NORFOLK,27,27,11,November,2018,3,Tuesday,21,9:00pm-9:59pm,11,11,1,This section IS ON the NHS,1,Rural,3,Principal Arterial - Other,1,State Highway Agency,2,U.S. Highway,US-44,,202,202,41.98863333,41.98863333,-73.172158330,-73.172158330,0,No Special Jurisdiction,12,Motor Vehicle In-Transport,6,Angle,0,No,1,Non-Junction,1,Not an Intersection,0,None,,,1,On Roadway,2,Dark - Not Lighted,4,Snow,0,No Additional Atmospheric Conditions,4,Snow,0,No,0000000,Not Applicable,21,9:00pm-9:59pm,11,11,21,9:00pm-9:59pm,15,15,21,9:00pm-9:59pm,54,54,0,None,0,None,0,None,1,1
2018,9,90223,Connecticut,1,1,0,1,1,1,1,9,NEW HAVEN (9),502,NORTH HAVEN,28,28,11,November,2018,4,Wednesday,6,6:00am-6:59am,19,19,0,This section IS NOT on the NHS,2,Urban,4,Minor Arterial,1,State Highway Agency,3,State Highway,SR-103,,13,13,41.33823333,41.33823333,-72.864783330,-72.864783330,0,No Special Jurisdiction,8,Pedestrian,0,Not a Collision with Motor Vehicle In-Transport,0,No,1,Non-Junction,1,Not an Intersection,0,None,,,1,On Roadway,3,Dark - Lighted,1,Clear,0,No Additional Atmospheric Conditions,1,Clear,0,No,0000000,Not Applicable,99,Unknown,99,Unknown,99,Unknown EMS Scene Arrival Hour,99,Unknown EMS Scene Arrival Minutes,88,Not Applicable (Not Transported),88,Not Applicable (Not Transported),0,None,0,None,0,None,1,0
2018,9,90224,Connecticut,2,2,0,0,0,3,3,3,HARTFORD (3),280,HARTFORD,16,16,11,November,2018,6,Friday,23,11:00pm-11:59pm,42,42,1,This section IS ON the NHS,2,Urban,3,Principal Arterial - Other,4,City or Municipal Highway Agency,6,Local Street - Municipality,MAIN ST NO 1,MATHER ST,4,4,41.77840000,41.77840000,-72.676400000,-72.676400000,0,No Special Jurisdiction,12,Motor Vehicle In-Transport,6,Angle,0,No,2,Intersection,3,T-Intersection,0,None,,,1,On Roadway,3,Dark - Lighted,10,Cloudy,0,No Additional Atmospheric Conditions,10,Cloudy,0,No,0000000,Not Applicable,99,Unknown,99,Unknown,99,Unknown EMS Scene Arrival Hour,99,Unknown EMS Scene Arrival Minutes,99,Unknown,99,Unknown EMS Hospital Arrival Time,0,None,0,None,0,None,1,1
2018,9,90225,Connecticut,2,2,0,0,0,1,1,9,NEW HAVEN (9),385,MILFORD,12,12,6,June,2018,3,Tuesday,14,2:00pm-2:59pm,52,52,0,This section IS NOT on the NHS,2,Urban,7,Local,4,City or Municipal Highway Agency,6,Local Street - Municipality,LORI DR,,2,2,41.23911944,41.23911944,-73.052636110,-73.052636110,0,No Special Jurisdiction,12,Motor Vehicle In-Transport,1,Front-to-Rear,0,No,1,Non-Junction,1,Not an Intersection,0,None,,,1,On Roadway,1,Daylight,1,Clear,0,No Additional Atmospheric Conditions,1,Clear,0,No,0000000,Not Applicable,14,2:00pm-2:59pm,52,52,14,2:00pm-2:59pm,58,58,88,Not Applicable (Not Transported),88,Not Applicable (Not Transported),0,None,0,None,0,None,1,0
2018,9,90226,Connecticut,1,1,0,0,0,3,3,1,FAIRFIELD (1),835,WESTPORT,2,2,12,December,2018,1,Sunday,3,3:00am-3:59am,44,44,1,This section IS ON the NHS,2,Urban,1,Interstate,1,State Highway Agency,1,Interstate,I-95,,185,185,41.12105556,41.12105556,-73.366425000,-73.366425000,0,No Special Jurisdiction,24,Guardrail Face,0,Not a Collision with Motor Vehicle In-Transport,0,No,1,Non-Junction,1,Not an Intersection,0,None,,,4,On Roadside,3,Dark - Lighted,2,Rain,0,No Additional Atmospheric Conditions,2,Rain,0,No,0000000,Not Applicable,3,3:00am-3:59am,51,51,4,4:00am-4:59am,16,16,4,4:00am-4:59am,21,21,0,None,0,None,0,None,1,0
2018,9,90227,Connecticut,2,2,0,0,0,2,2,3,HARTFORD (3),280,HARTFORD,7,7,11,November,2018,4,Wednesday,15,3:00pm-3:59pm,18,18,0,This section IS NOT on the NHS,2,Urban,4,Minor Arterial,4,City or Municipal Highway Agency,6,Local Street - Municipality,FRANKLIN AV,ELLIOTT ST,5,5,41.74583056,41.74583056,-72.676833330,-72.676833330,0,No Special Jurisdiction,12,Motor Vehicle In-Transport,6,Angle,0,No,3,Intersection-Related,3,T-Intersection,0,None,,,1,On Roadway,1,Daylight,1,Clear,0,No Additional Atmospheric Conditions,1,Clear,0,No,0000000,Not Applicable,15,3:00pm-3:59pm,19,19,15,3:00pm-3:59pm,23,23,15,3:00pm-3:59pm,36,36,0,None,0,None,0,None,1,0
2018,9,90228,Connecticut,2,2,0,1,1,2,2,9,NEW HAVEN (9),385,MILFORD,16,16,11,November,2018,6,Friday,2,2:00am-2:59am,41,41,1,This section IS ON the NHS,2,Urban,1,Interstate,1,State Highway Agency,1,Interstate,I-95,,396,396,41.23315833,41.23315833,-73.033822220,-73.033822220,0,No Special Jurisdiction,12,Motor Vehicle In-Transport,6,Angle,0,No,1,Non-Junction,1,Not an Intersection,0,None,,,1,On Roadway,3,Dark - Lighted,2,Rain,0,No Additional Atmospheric Conditions,2,Rain,0,No,0000000,Not Applicable,2,2:00am-2:59am,53,53,3,3:00am-3:59am,2,2,3,3:00am-3:59am,26,26,19,Recent/Previous Crash scene Nearby,0,None,0,None,1,0
2018,9,90229,Connecticut,1,1,0,0,0,1,1,11,NEW LONDON (11),338,LEBANON,13,13,12,December,2018,5,Thursday,23,11:00pm-11:59pm,43,43,0,This section IS NOT on the NHS,1,Rural,6,Minor Collector,4,City or Municipal Highway Agency,6,Local Street - Municipality,CLUB HOUSE RD,,19,19,41.64419722,41.64419722,-72.278133330,-72.278133330,0,No Special Jurisdiction,39,Wall,0,Not a Collision with Motor Vehicle In-Transport,0,No,1,Non-Junction,1,Not an Intersection,0,None,,,4,On Roadside,2,Dark - Not Lighted,10,Cloudy,0,No Additional Atmospheric Conditions,10,Cloudy,0,No,0000000,Not Applicable,23,11:00pm-11:59pm,43,43,23,11:00pm-11:59pm,50,50,0,0:00am-0:59am,34,34,0,None,0,None,0,None,1,1
2018,9,90230,Connecticut,2,1,1,0,0,1,1,3,HARTFORD (3),680,SOUTHINGTON,25,25,8,August,2018,7,Saturday,16,4:00pm-4:59pm,38,38,1,This section IS ON the NHS,2,Urban,3,Principal Arterial - Other,1,State Highway Agency,3,State Highway,SR-10,,252,252,41.61082500,41.61082500,-72.876305560,-72.876305560,0,No Special Jurisdiction,38,Fence,0,Not a Collision with Motor Vehicle In-Transport,0,No,1,Non-Junction,1,Not an Intersection,0,None,,,4,On Roadside,1,Daylight,1,Clear,0,No Additional Atmospheric Conditions,1,Clear,0,No,0000000,Not Applicable,16,4:00pm-4:59pm,39,39,16,4:00pm-4:59pm,41,41,17,5:00pm-5:59pm,20,20,0,None,0,None,0,None,1,0
2018,9,90231,Connecticut,2,2,0,0,0,2,2,9,NEW HAVEN (9),70,BRANFORD,9,9,11,November,2018,6,Friday,6,6:00am-6:59am,44,44,1,This section IS ON the NHS,2,Urban,1,Interstate,1,State Highway Agency,1,Interstate,I-95,,551,551,41.29439444,41.29439444,-72.785727780,-72.785727780,0,No Special Jurisdiction,12,Motor Vehicle In-Transport,7,Sideswipe - Same Direction,1,Yes,18,Through Roadway,1,Not an Intersection,0,None,,,1,On Roadway,1,Daylight,1,Clear,0,No Additional Atmospheric Conditions,1,Clear,0,No,0000000,Not Applicable,6,6:00am-6:59am,44,44,6,6:00am-6:59am,50,50,88,Not Applicable (Not Transported),88,Not Applicable (Not Transported),0,None,0,None,0,None,1,0
2018,9,90232,Connecticut,1,1,0,1,1,1,1,3,HARTFORD (3),90,BRISTOL,15,15,12,December,2018,7,Saturday,22,10:00pm-10:59pm,33,33,0,This section IS NOT on the NHS,2,Urban,3,Principal Arterial - Other,1,State Highway Agency,3,State Highway,SR-229,BERNSIDE DR,48,48,41.67476389,41.67476389,-72.920319440,-72.920319440,0,No Special Jurisdiction,15,Non-Motorist on Personal Conveyance,0,Not a Collision with Motor Vehicle In-Transport,0,No,2,Intersection,3,T-Intersection,0,None,,,1,On Roadway,3,Dark - Lighted,1,Clear,0,No Additional Atmospheric Conditions,1,Clear,0,No,0000000,Not Applicable,22,10:00pm-10:59pm,35,35,22,10:00pm-10:59pm,40,40,23,11:00pm-11:59pm,6,6,0,None,0,None,0,None,1,0
2018,9,90233,Connecticut,3,3,0,0,0,4,4,15,WINDHAM (15),330,KILLINGLY CENTER,20,20,12,December,2018,5,Thursday,17,5:00pm-5:59pm,12,12,1,This section IS ON the NHS,1,Rural,3,Principal Arterial - Other,1,State Highway Agency,2,U.S. Highway,US-6,HALLS HILL RD,1142,1142,41.79067500,41.79067500,-71.830916670,-71.830916670,0,No Special Jurisdiction,12,Motor Vehicle In-Transport,6,Angle,0,No,2,Intersection,3,T-Intersection,0,None,,,1,On Roadway,2,Dark - Not Lighted,1,Clear,0,No Additional Atmospheric Conditions,1,Clear,0,No,0000000,Not Applicable,17,5:00pm-5:59pm,12,12,17,5:00pm-5:59pm,19,19,17,5:00pm-5:59pm,46,46,0,None,0,None,0,None,1,1
2018,9,90234,Connecticut,2,2,0,0,0,2,2,3,HARTFORD (3),255,GLASTONBURY,24,24,12,December,2018,2,Monday,4,4:00am-4:59am,23,23,0,This section IS NOT on the NHS,2,Urban,2,Principal Arterial - Other Freeways and Expressways,1,State Highway Agency,3,State Highway,SR-2,,81,81,41.69738333,41.69738333,-72.554205560,-72.554205560,0,No Special Jurisdiction,12,Motor Vehicle In-Transport,2,Front-to-Front,0,No,1,Non-Junction,1,Not an Intersection,0,None,,,1,On Roadway,2,Dark - Not Lighted,4,Snow,0,No Additional Atmospheric Conditions,4,Snow,0,No,0000000,Not Applicable,4,4:00am-4:59am,28,28,4,4:00am-4:59am,44,44,5,5:00am-5:59am,36,36,0,None,0,None,0,None,1,1
2018,9,90235,Connecticut,1,1,0,0,0,1,1,15,WINDHAM (15),108,CHAPLIN,26,26,12,December,2018,4,Wednesday,15,3:00pm-3:59pm,40,40,0,This section IS NOT on the NHS,1,Rural,7,Local,4,City or Municipal Highway Agency,6,Local Street - Municipality,CHEWINK RD,,12,12,41.76391111,41.76391111,-72.123572220,-72.123572220,0,No Special Jurisdiction,42,Tree (Standing Only),0,Not a Collision with Motor Vehicle In-Transport,0,No,1,Non-Junction,1,Not an Intersection,0,None,,,4,On Roadside,1,Daylight,1,Clear,0,No Additional Atmospheric Conditions,1,Clear,0,No,0000000,Not Applicable,15,3:00pm-3:59pm,39,39,15,3:00pm-3:59pm,44,44,88,Not Applicable (Not Transported),88,Not Applicable (Not Transported),0,None,0,None,0,None,1,1
2018,9,90236,Connecticut,2,2,0,0,0,2,2,3,HARTFORD (3),420,NEW BRITAIN,8,8,12,December,2018,7,Saturday,23,11:00pm-11:59pm,49,49,1,This section IS ON the NHS,2,Urban,2,Principal Arterial - Other Freeways and Expressways,1,State Highway Agency,3,State Highway,SR-72,,19,19,41.66343611,41.66343611,-72.807097220,-72.807097220,0,No Special Jurisdiction,31,"Post, Pole or Other Supports",0,Not a Collision with Motor Vehicle In-Transport,1,Yes,19,Other location within Interchange Area,1,Not an Intersection,0,None,,,4,On Roadside,2,Dark - Not Lighted,1,Clear,0,No Additional Atmospheric Conditions,1,Clear,0,No,0000000,Not Applicable,23,11:00pm-11:59pm,49,49,23,11:00pm-11:59pm,56,56,88,Not Applicable (Not Transported),88,Not Applicable (Not Transported),14,"Motor Vehicle struck by falling cargo,or something that came loose from or something that was set in motion by a vehicle",0,None,0,None,1,1
2018,9,90237,Connecticut,1,1,0,1,1,1,1,3,HARTFORD (3),101,CANTON,26,26,12,December,2018,4,Wednesday,17,5:00pm-5:59pm,11,11,1,This section IS ON the NHS,2,Urban,3,Principal Arterial - Other,1,State Highway Agency,2,U.S. Highway,US-44,,406,406,41.82541944,41.82541944,-72.895727780,-72.895727780,0,No Special Jurisdiction,8,Pedestrian,0,Not a Collision with Motor Vehicle In-Transport,0,No,1,Non-Junction,1,Not an Intersection,0,None,,,1,On Roadway,3,Dark - Lighted,1,Clear,0,No Additional Atmospheric Conditions,1,Clear,0,No,0000000,Not Applicable,99,Unknown,99,Unknown,99,Unknown EMS Scene Arrival Hour,99,Unknown EMS Scene Arrival Minutes,99,Unknown,99,Unknown EMS Hospital Arrival Time,0,None,0,None,0,None,1,0
2018,9,90238,Connecticut,1,1,0,0,0,1,1,1,FAIRFIELD (1),80,BRIDGEPORT,22,22,11,November,2018,5,Thursday,14,2:00pm-2:59pm,11,11,0,This section IS NOT on the NHS,2,Urban,7,Local,4,City or Municipal Highway Agency,6,Local Street - Municipality,ACCESS DWY TO SPORTS ARENA,,99999,Unknown,41.17341944,41.17341944,-73.187652780,-73.187652780,0,No Special Jurisdiction,59,Traffic Sign Support,0,Not a Collision with Motor Vehicle In-Transport,0,No,1,Non-Junction,1,Not an Intersection,0,None,,,4,On Roadside,1,Daylight,1,Clear,0,No Additional Atmospheric Conditions,1,Clear,0,No,0000000,Not Applicable,99,Unknown,99,Unknown,99,Unknown EMS Scene Arrival Hour,99,Unknown EMS Scene Arrival Minutes,99,Unknown,99,Unknown EMS Hospital Arrival Time,0,None,0,None,0,None,1,0
2018,9,90239,Connecticut,1,1,0,0,0,1,1,7,MIDDLESEX (7),230,ESSEX,22,22,12,December,2018,7,Saturday,15,3:00pm-3:59pm,43,43,0,This section IS NOT on the NHS,2,Urban,7,Local,4,City or Municipal Highway Agency,6,Local Street - Municipality,GATES RD,,1,1,41.34126944,41.34126944,-72.391769440,-72.391769440,0,No Special Jurisdiction,53,Mail Box,0,Not a Collision with Motor Vehicle In-Transport,0,No,1,Non-Junction,1,Not an Intersection,0,None,,,4,On Roadside,1,Daylight,1,Clear,0,No Additional Atmospheric Conditions,1,Clear,0,No,0000000,Not Applicable,15,3:00pm-3:59pm,42,42,15,3:00pm-3:59pm,54,54,16,4:00pm-4:59pm,22,22,0,None,0,None,0,None,1,0
2018,9,90240,Connecticut,2,2,0,0,0,2,2,9,NEW HAVEN (9),825,WEST HAVEN,16,16,12,December,2018,1,Sunday,22,10:00pm-10:59pm,57,57,0,This section IS NOT on the NHS,2,Urban,3,Principal Arterial - Other,1,State Highway Agency,2,U.S. Highway,US-1,,455,455,41.29027222,41.29027222,-72.967475000,-72.967475000,0,No Special Jurisdiction,12,Motor Vehicle In-Transport,2,Front-to-Front,0,No,1,Non-Junction,1,Not an Intersection,0,None,,,1,On Roadway,3,Dark - Lighted,1,Clear,0,No Additional Atmospheric Conditions,1,Clear,0,No,0000000,Not Applicable,23,11:00pm-11:59pm,0,0,23,11:00pm-11:59pm,4,4,23,11:00pm-11:59pm,22,22,0,None,0,None,0,None,1,1