caseyear,state,st_case,statename,ve_total,ve_forms,pvh_invl,peds,pernotmvit,permvit,persons,county,countyname,city,cityname,day,dayname,month,monthname,year,day_week,day_weekname,hour,hourname,minute,minutename,nhs,nhsname,rur_urb,rur_urbname,func_sys,func_sysname,rd_owner,rd_ownername,route,routename,tway_id,tway_id2,milept,mileptname,latitude,latitudename,longitud,longitudname,sp_jur,sp_jurname,harm_ev,harm_evname,man_coll,man_collname,reljct1,reljct1name,reljct2,reljct2name,typ_int,typ_intname,wrk_zone,wrk_zonename,road_fnc,road_fncname,rel_road,rel_roadname,lgt_cond,lgt_condname,weather1,weather1name,weather2,weather2name,weather,weathername,sch_bus,sch_busname,rail,railname,not_hour,not_hourname,not_min,not_minname,arr_hour,arr_hourname,arr_min,arr_minname,hosp_hr,hosp_hrname,hosp_mn,hosp_mnname,cf1,cf1name,cf2,cf2name,cf3,cf3name,fatals,drunk_dr
2018,9,90275,Connecticut,3,3,0,0,0,5,5,3,HARTFORD (3),258,GRANBY,9,9,12,December,2018,1,Sunday,17,5:00pm-5:59pm,25,25,0,This section IS NOT on the NHS,2,Urban,3,Principal Arterial - Other,1,State Highway Agency,3,State Highway,SR-10,PVT DWY TO YMCA,494,494,41.93281389,41.93281389,-72.789763890,-72.789763890,0,No Special Jurisdiction,12,Motor Vehicle In-Transport,6,Angle,0,No,8,Driveway Access Related,1,Not an Intersection,0,None,,,1,On Roadway,2,Dark - Not Lighted,1,Clear,0,No Additional Atmospheric Conditions,1,Clear,0,No,0000000,Not Applicable,17,5:00pm-5:59pm,29,29,17,5:00pm-5:59pm,38,38,18,6:00pm-6:59pm,0,0,0,None,0,None,0,None,1,0
2018,9,90276,Connecticut,1,1,0,0,0,1,1,9,NEW HAVEN (9),810,WATERBURY,26,26,8,August,2018,1,Sunday,21,9:00pm-9:59pm,56,56,0,This section IS NOT on the NHS,2,Urban,5,Major Collector,4,City or Municipal Highway Agency,6,Local Street - Municipality,COUNTRY CLUB RD,,10,10,41.53635556,41.53635556,-73.079622220,-73.079622220,0,No Special Jurisdiction,30,Utility Pole/Light Support,0,Not a Collision with Motor Vehicle In-Transport,0,No,1,Non-Junction,1,Not an Intersection,0,None,,,4,On Roadside,3,Dark - Lighted,1,Clear,0,No Additional Atmospheric Conditions,1,Clear,0,No,0000000,Not Applicable,99,Unknown,99,Unknown,99,Unknown EMS Scene Arrival Hour,99,Unknown EMS Scene Arrival Minutes,99,Unknown,99,Unknown EMS Hospital Arrival Time,0,None,0,None,0,None,1,1
2018,9,90277,Connecticut,1,1,0,0,0,5,5,5,LITCHFIELD (5),850,WINSTED,26,26,11,November,2018,2,Monday,23,11:00pm-11:59pm,35,35,0,This section IS NOT on the NHS,2,Urban,3,Principal Arterial - Other,1,State Highway Agency,3,State Highway,SR-8,,605,605,41.94361667,41.94361667,-73.052680560,-73.052680560,0,No Special Jurisdiction,1,Rollover/Overturn,0,Not a Collision with Motor Vehicle In-Transport,0,No,1,Non-Junction,1,Not an Intersection,0,None,,,4,On Roadside,2,Dark - Not Lighted,2,Rain,0,No Additional Atmospheric Conditions,2,Rain,0,No,0000000,Not Applicable,99,Unknown,99,Unknown,99,Unknown EMS Scene Arrival Hour,99,Unknown EMS Scene Arrival Minutes,99,Unknown,99,Unknown EMS Hospital Arrival Time,0,None,0,None,0,None,2,1
2018,9,90278,Connecticut,1,1,0,0,0,2,2,3,HARTFORD (3),718,SUFFIELD,19,19,10,October,2018,6,Friday,21,9:00pm-9:59pm,9,9,0,This section IS NOT on the NHS,2,Urban,7,Local,4,City or Municipal Highway Agency,6,Local Street - Municipality,BOSTON NECK RD,,6,6,41.96505556,41.96505556,-72.642333330,-72.642333330,0,No Special Jurisdiction,23,Bridge Rail (Includes parapet),0,Not a Collision with Motor Vehicle In-Transport,0,No,1,Non-Junction,1,Not an Intersection,0,None,,,4,On Roadside,2,Dark - Not Lighted,1,Clear,0,No Additional Atmospheric Conditions,1,Clear,0,No,0000000,Not Applicable,21,9:00pm-9:59pm,10,10,21,9:00pm-9:59pm,13,13,21,9:00pm-9:59pm,50,50,0,None,0,None,0,None,1,1
2018,9,90279,Connecticut,1,1,0,1,1,3,3,9,NEW HAVEN (9),852,WOLCOTT,6,6,11,November,2018,3,Tuesday,17,5:00pm-5:59pm,36,36,0,This section IS NOT on the NHS,2,Urban,4,Minor Arterial,1,State Highway Agency,3,State Highway,SR-844,PVT DWY TO CONDOS,26,26,41.55489167,41.55489167,-72.960700000,-72.960700000,0,No Special Jurisdiction,8,Pedestrian,0,Not a Collision with Motor Vehicle In-Transport,0,No,3,Intersection-Related,2,Four-Way Intersection,0,None,,,1,On Roadway,3,Dark - Lighted,2,Rain,0,No Additional Atmospheric Conditions,2,Rain,0,No,0000000,Not Applicable,17,5:00pm-5:59pm,37,37,17,5:00pm-5:59pm,44,44,18,6:00pm-6:59pm,14,14,0,None,0,None,0,None,1,0
2019,9,90001,Connecticut,2,2,0,0,0,1,1,9,NEW HAVEN (9),502,NORTH HAVEN,1,1,1,January,2019,3,Tuesday,22,10:00pm-10:59pm,9,9,1,This section IS ON the NHS,2,Urban,2,Principal Arterial - Other Freeways and Expressways,1,State Highway Agency,3,State Highway,SR-15,,555,555,41.42012500,41.42012500,-72.855411110,-72.855411110,0,No Special Jurisdiction,12,Motor Vehicle In-Transport,6,Angle,0,No,1,Non-Junction,1,Not an Intersection,0,None,,,1,On Roadway,2,Dark - Not Lighted,1,Clear,0,No Additional Atmospheric Conditions,1,Clear,0,No,0000000,Not Applicable,22,10:00pm-10:59pm,19,19,22,10:00pm-10:59pm,29,29,22,10:00pm-10:59pm,55,55,0,None,0,None,0,None,1,0
2019,9,90002,Connecticut,3,3,0,0,0,7,7,9,NEW HAVEN (9),267,HAMDEN,1,1,1,January,2019,3,Tuesday,2,2:00am-2:59am,18,18,0,This section IS NOT on the NHS,2,Urban,4,Minor Arterial,1,State Highway Agency,3,State Highway,SR-10,WOODIN ST,54,54,41.34451944,41.34451944,-72.934319440,-72.934319440,0,No Special Jurisdiction,12,Motor Vehicle In-Transport,9,Rear-to-Side,0,No,3,Intersection-Related,2,Four-Way Intersection,0,None,,,1,On Roadway,3,Dark - Lighted,2,Rain,0,No Additional Atmospheric Conditions,2,Rain,0,No,0000000,Not Applicable,2,2:00am-2:59am,23,23,2,2:00am-2:59am,27,27,3,3:00am-3:59am,8,8,20,Police Pursuit Involved,0,None,0,None,1,0
2019,9,90003,Connecticut,2,2,0,1,1,2,2,1,FAIRFIELD (1),80,BRIDGEPORT,4,4,1,January,2019,6,Friday,10,10:00am-10:59am,56,56,1,This section IS ON the NHS,2,Urban,3,Principal Arterial - Other,4,City or Municipal Highway Agency,2,U.S. Highway,US-1,KENT AVE,328,328,41.19268889,41.19268889,-73.156630560,-73.156630560,0,No Special Jurisdiction,8,Pedestrian,0,The First Harmful Event was Not a Collision with a Motor Vehicle in Transport,0,No,2,Intersection,2,Four-Way Intersection,0,None,,,1,On Roadway,1,Daylight,1,Clear,0,No Additional Atmospheric Conditions,1,Clear,0,No,0000000,Not Applicable,99,Unknown,99,Unknown,99,Unknown EMS Scene Arrival Hour,99,Unknown EMS Scene Arrival Minutes,99,Unknown,99,Unknown EMS Hospital Arrival Time,14,"Motor Vehicle struck by falling cargo,or something that came loose from or something that was set in motion by a vehicle",0,None,0,None,1,0
2019,9,90004,Connecticut,1,1,0,1,1,2,2,9,NEW HAVEN (9),430,NEW HAVEN,5,5,1,January,2019,7,Saturday,19,7:00pm-7:59pm,19,19,1,This section IS ON the NHS,2,Urban,3,Principal Arterial - Other,1,State Highway Agency,3,State Highway,SR-80,,3,3,41.32174722,41.32174722,-72.876288890,-72.876288890,0,No Special Jurisdiction,8,Pedestrian,0,The First Harmful Event was Not a Collision with a Motor Vehicle in Transport,0,No,1,Non-Junction,1,Not an Intersection,0,None,,,1,On Roadway,3,Dark - Lighted,2,Rain,0,No Additional Atmospheric Conditions,2,Rain,0,No,0000000,Not Applicable,99,Unknown,99,Unknown,99,Unknown EMS Scene Arrival Hour,99,Unknown EMS Scene Arrival Minutes,99,Unknown,99,Unknown EMS Hospital Arrival Time,0,None,0,None,0,None,1,0
2019,9,90005,Connecticut,1,1,0,0,0,1,1,1,FAIRFIELD (1),835,WESTPORT,6,6,1,January,2019,1,Sunday,2,2:00am-2:59am,16,16,1,This section IS ON the NHS,2,Urban,1,Interstate,1,State Highway Agency,1,Interstate,I-95,,208,208,41.12053611,41.12053611,-73.322808330,-73.322808330,0,No Special Jurisdiction,25,Concrete Traffic Barrier,0,The First Harmful Event was Not a Collision with a Motor Vehicle in Transport,0,No,1,Non-Junction,1,Not an Intersection,0,None,,,3,On Median,3,Dark - Lighted,1,Clear,0,No Additional Atmospheric Conditions,1,Clear,0,No,0000000,Not Applicable,2,2:00am-2:59am,18,18,2,2:00am-2:59am,29,29,2,2:00am-2:59am,59,59,0,None,0,None,0,None,1,1
2019,9,90006,Connecticut,1,1,0,0,0,1,1,1,FAIRFIELD (1),765,TRUMBULL,12,12,1,January,2019,7,Saturday,15,3:00pm-3:59pm,40,40,0,This section IS NOT on the NHS,2,Urban,2,Principal Arterial - Other Freeways and Expressways,1,State Highway Agency,3,State Highway,SR-25,,96,96,41.28632778,41.28632778,-73.229591670,-73.229591670,0,No Special Jurisdiction,42,Tree (Standing Only),0,The First Harmful Event was Not a Collision with a Motor Vehicle in Transport,0,No,1,Non-Junction,1,Not an Intersection,0,None,,,3,On Median,1,Daylight,1,Clear,0,No Additional Atmospheric Conditions,1,Clear,0,No,0000000,Not Applicable,15,3:00pm-3:59pm,42,42,15,3:00pm-3:59pm,50,50,16,4:00pm-4:59pm,24,24,0,None,0,None,0,None,1,1
2019,9,90007,Connecticut,1,1,0,1,1,1,1,15,WINDHAM (15),99,BROOKLYN,18,18,1,January,2019,6,Friday,18,6:00pm-6:59pm,29,29,0,This section IS NOT on the NHS,2,Urban,4,Minor Arterial,1,State Highway Agency,2,U.S. Highway,US-6,NONE,1096,1096,41.79714444,41.79714444,-71.911997220,-71.911997220,0,No Special Jurisdiction,8,Pedestrian,0,The First Harmful Event was Not a Collision with a Motor Vehicle in Transport,0,No,3,Intersection-Related,3,T-Intersection,0,None,,,1,On Roadway,3,Dark - Lighted,1,Clear,0,No Additional Atmospheric Conditions,1,Clear,0,No,0000000,Not Applicable,18,6:00pm-6:59pm,29,29,18,6:00pm-6:59pm,39,39,88,Not Applicable (Not Transported),88,Not Applicable (Not Transported),0,None,0,None,0,None,1,0
2019,9,90008,Connecticut,2,2,0,0,0,3,3,11,NEW LONDON (11),140,COLCHESTER,22,22,1,January,2019,3,Tuesday,14,2:00pm-2:59pm,55,55,0,This section IS NOT on the NHS,1,Rural,5,Major Collector,1,State Highway Agency,3,State Highway,SR-16,,141,141,41.59106111,41.59106111,-72.304311110,-72.304311110,0,No Special Jurisdiction,12,Motor Vehicle In-Transport,2,Front-to-Front,0,No,1,Non-Junction,1,Not an Intersection,0,None,,,1,On Roadway,1,Daylight,1,Clear,0,No Additional Atmospheric Conditions,1,Clear,0,No,0000000,Not Applicable,14,2:00pm-2:59pm,56,56,15,3:00pm-3:59pm,2,2,99,Unknown,99,Unknown EMS Hospital Arrival Time,0,None,0,None,0,None,1,0
2019,9,90009,Connecticut,2,1,1,0,0,1,1,9,NEW HAVEN (9),430,NEW HAVEN,1,1,2,February,2019,6,Friday,15,3:00pm-3:59pm,44,44,0,This section IS NOT on the NHS,2,Urban,7,Local,4,City or Municipal Highway Agency,6,Local Street - Municipality,LEXINGTON AVE,,1,1,41.29848056,41.29848056,-72.888525000,-72.888525000,0,No Special Jurisdiction,14,Parked Motor Vehicle,0,The First Harmful Event was Not a Collision with a Motor Vehicle in Transport,0,No,1,Non-Junction,1,Not an Intersection,0,None,,,7,In Parking Lane/Zone,1,Daylight,1,Clear,0,No Additional Atmospheric Conditions,1,Clear,0,No,0000000,Not Applicable,99,Unknown,99,Unknown,99,Unknown EMS Scene Arrival Hour,99,Unknown EMS Scene Arrival Minutes,99,Unknown,99,Unknown EMS Hospital Arrival Time,0,None,0,None,0,None,1,1
2019,9,90010,Connecticut,1,1,0,0,0,1,1,3,HARTFORD (3),420,NEW BRITAIN,2,2,2,February,2019,7,Saturday,20,8:00pm-8:59pm,6,6,0,This section IS NOT on the NHS,2,Urban,5,Major Collector,4,City or Municipal Highway Agency,6,Local Street - Municipality,BURRITT ST,,4,4,41.67164722,41.67164722,-72.797430560,-72.797430560,0,No Special Jurisdiction,48,Snow Bank,0,The First Harmful Event was Not a Collision with a Motor Vehicle in Transport,0,No,1,Non-Junction,1,Not an Intersection,0,None,,,4,On Roadside,3,Dark - Lighted,1,Clear,0,No Additional Atmospheric Conditions,1,Clear,0,No,0000000,Not Applicable,20,8:00pm-8:59pm,6,6,20,8:00pm-8:59pm,11,11,20,8:00pm-8:59pm,41,41,0,None,0,None,0,None,1,0
2019,9,90011,Connecticut,1,1,0,1,1,1,1,9,NEW HAVEN (9),825,WEST HAVEN,27,27,1,January,2019,1,Sunday,18,6:00pm-6:59pm,38,38,0,This section IS NOT on the NHS,2,Urban,3,Principal Arterial - Other,1,State Highway Agency,3,State Highway,SR-34,,210,210,41.30734722,41.30734722,-72.969680560,-72.969680560,0,No Special Jurisdiction,8,Pedestrian,0,The First Harmful Event was Not a Collision with a Motor Vehicle in Transport,0,No,1,Non-Junction,1,Not an Intersection,0,None,,,1,On Roadway,3,Dark - Lighted,1,Clear,0,No Additional Atmospheric Conditions,1,Clear,0,No,0000000,Not Applicable,99,Unknown,99,Unknown,99,Unknown EMS Scene Arrival Hour,99,Unknown EMS Scene Arrival Minutes,88,Not Applicable (Not Transported),88,Not Applicable (Not Transported),16,Non-occupant struck vehicle,0,None,0,None,1,0
2019,9,90012,Connecticut,2,2,0,0,0,2,2,3,HARTFORD (3),838,WETHERSFIELD,10,10,2,February,2019,1,Sunday,5,5:00am-5:59am,44,44,1,This section IS ON the NHS,2,Urban,1,Interstate,1,State Highway Agency,1,Interstate,I-91,,345,345,41.71599722,41.71599722,-72.648952780,-72.648952780,0,No Special Jurisdiction,12,Motor Vehicle In-Transport,2,Front-to-Front,1,Yes,18,Through Roadway,1,Not an Intersection,0,None,,,1,On Roadway,3,Dark - Lighted,1,Clear,0,No Additional Atmospheric Conditions,1,Clear,0,No,0000000,Not Applicable,5,5:00am-5:59am,48,48,6,6:00am-6:59am,2,2,6,6:00am-6:59am,35,35,0,None,0,None,0,None,2,1
2019,9,90013,Connecticut,3,3,0,0,0,6,6,11,NEW LONDON (11),520,NORWICH,12,12,1,January,2019,7,Saturday,18,6:00pm-6:59pm,32,32,1,This section IS ON the NHS,2,Urban,1,Interstate,1,State Highway Agency,1,Interstate,I-395,,158,158,41.57123611,41.57123611,-72.089558330,-72.089558330,0,No Special Jurisdiction,24,Guardrail Face,0,The First Harmful Event was Not a Collision with a Motor Vehicle in Transport,0,No,1,Non-Junction,1,Not an Intersection,0,None,,,3,On Median,2,Dark - Not Lighted,1,Clear,0,No Additional Atmospheric Conditions,1,Clear,0,No,0000000,Not Applicable,18,6:00pm-6:59pm,34,34,99,Unknown EMS Scene Arrival Hour,99,Unknown EMS Scene Arrival Minutes,99,Unknown,99,Unknown EMS Hospital Arrival Time,0,None,0,None,0,None,2,0
2019,9,90014,Connecticut,5,5,0,0,0,5,5,3,HARTFORD (3),60,BLOOMFIELD,17,17,1,January,2019,5,Thursday,19,7:00pm-7:59pm,20,20,0,This section IS NOT on the NHS,2,Urban,4,Minor Arterial,1,State Highway Agency,3,State Highway,SR-185,,99998,Not Reported,41.83794722,41.83794722,-72.784880560,-72.784880560,0,No Special Jurisdiction,12,Motor Vehicle In-Transport,8,Sideswipe - Opposite Direction,0,No,1,Non-Junction,1,Not an Intersection,0,None,,,1,On Roadway,2,Dark - Not Lighted,1,Clear,0,No Additional Atmospheric Conditions,1,Clear,0,No,0000000,Not Applicable,99,Unknown,99,Unknown,99,Unknown EMS Scene Arrival Hour,99,Unknown EMS Scene Arrival Minutes,99,Unknown,99,Unknown EMS Hospital Arrival Time,0,None,0,None,0,None,1,1
2019,9,90015,Connecticut,2,2,0,0,0,5,5,9,NEW HAVEN (9),430,NEW HAVEN,26,26,1,January,2019,7,Saturday,23,11:00pm-11:59pm,0,0,1,This section IS ON the NHS,2,Urban,3,Principal Arterial - Other,1,State Highway Agency,3,State Highway,SR-10,KIMBERLY AVE,3,3,41.28629167,41.28629167,-72.936150000,-72.936150000,0,No Special Jurisdiction,12,Motor Vehicle In-Transport,6,Angle,0,No,2,Intersection,2,Four-Way Intersection,0,None,,,1,On Roadway,3,Dark - Lighted,1,Clear,0,No Additional Atmospheric Conditions,1,Clear,0,No,0000000,Not Applicable,23,11:00pm-11:59pm,3,3,23,11:00pm-11:59pm,99,Unknown EMS Scene Arrival Minutes,23,11:00pm-11:59pm,22,22,0,None,0,None,0,None,1,0
2019,9,90016,Connecticut,2,2,0,0,0,3,3,15,WINDHAM (15),550,PLAINFIELD,8,8,3,March,2019,6,Friday,1,1:00am-1:59am,5,5,1,This section IS ON the NHS,1,Rural,1,Interstate,1,State Highway Agency,1,Interstate,I-395,,336,336,41.73802778,41.73802778,-71.880627780,-71.880627780,0,No Special Jurisdiction,12,Motor Vehicle In-Transport,2,Front-to-Front,0,No,1,Non-Junction,1,Not an Intersection,0,None,,,1,On Roadway,2,Dark - Not Lighted,1,Clear,0,No Additional Atmospheric Conditions,1,Clear,0,No,0000000,Not Applicable,1,1:00am-1:59am,8,8,1,1:00am-1:59am,13,13,1,1:00am-1:59am,59,59,0,None,0,None,0,None,1,1
2019,9,90017,Connecticut,1,1,0,1,1,1,1,1,FAIRFIELD (1),765,TRUMBULL,8,8,2,February,2019,6,Friday,12,12:00pm-12:59pm,11,11,0,This section IS NOT on the NHS,6,Trafficway Not in State Inventory,96,Trafficway Not in State Inventory,96,Trafficway Not in State Inventory,8,Other,TOWN TRANSFER STATION RDWY,,0,None,41.29509444,41.29509444,-73.238952780,-73.238952780,0,No Special Jurisdiction,8,Pedestrian,0,The First Harmful Event was Not a Collision with a Motor Vehicle in Transport,0,No,1,Non-Junction,1,Not an Intersection,0,None,,,5,Outside Trafficway,1,Daylight,1,Clear,0,No Additional Atmospheric Conditions,1,Clear,0,No,0000000,Not Applicable,12,12:00pm-12:59pm,11,11,12,12:00pm-12:59pm,12,12,12,12:00pm-12:59pm,37,37,0,None,0,None,0,None,1,0
2019,9,90018,Connecticut,4,4,0,0,0,10,10,3,HARTFORD (3),225,EAST HARTFORD,18,18,2,February,2019,2,Monday,14,2:00pm-2:59pm,18,18,1,This section IS ON the NHS,2,Urban,2,Principal Arterial - Other Freeways and Expressways,1,State Highway Agency,3,State Highway,SR-15,,821,821,41.75481667,41.75481667,-72.651725000,-72.651725000,0,No Special Jurisdiction,12,Motor Vehicle In-Transport,1,Front-to-Rear,0,No,1,Non-Junction,1,Not an Intersection,0,None,,,1,On Roadway,1,Daylight,1,Clear,0,No Additional Atmospheric Conditions,1,Clear,0,No,0000000,Not Applicable,14,2:00pm-2:59pm,20,20,14,2:00pm-2:59pm,28,28,14,2:00pm-2:59pm,41,41,28,Regular Congestion,0,None,0,None,1,0
2019,9,90019,Connecticut,4,4,0,0,0,8,8,11,NEW LONDON (11),710,STONINGTON,2,2,3,March,2019,7,Saturday,18,6:00pm-6:59pm,17,17,1,This section IS ON the NHS,2,Urban,1,Interstate,1,State Highway Agency,1,Interstate,I-95,,1023,1023,41.37317778,41.37317778,-71.940300000,-71.940300000,0,No Special Jurisdiction,12,Motor Vehicle In-Transport,2,Front-to-Front,0,No,1,Non-Junction,1,Not an Intersection,0,None,,,1,On Roadway,2,Dark - Not Lighted,1,Clear,0,No Additional Atmospheric Conditions,1,Clear,0,No,0000000,Not Applicable,18,6:00pm-6:59pm,19,19,99,Unknown EMS Scene Arrival Hour,99,Unknown EMS Scene Arrival Minutes,99,Unknown,99,Unknown EMS Hospital Arrival Time,0,None,0,None,0,None,2,1
2019,9,90020,Connecticut,2,2,0,0,0,2,2,1,FAIRFIELD (1),715,STRATFORD,3,3,3,March,2019,1,Sunday,0,0:00am-0:59am,10,10,1,This section IS ON the NHS,2,Urban,1,Interstate,1,State Highway Agency,1,Interstate,I-95,,340,340,41.20085833,41.20085833,-73.115805560,-73.115805560,0,No Special Jurisdiction,12,Motor Vehicle In-Transport,1,Front-to-Rear,0,No,1,Non-Junction,1,Not an Intersection,0,None,,,1,On Roadway,3,Dark - Lighted,1,Clear,0,No Additional Atmospheric Conditions,1,Clear,0,No,0000000,Not Applicable,0,0:00am-0:59am,18,18,0,0:00am-0:59am,29,29,99,Unknown,99,Unknown EMS Hospital Arrival Time,0,None,0,None,0,None,1,1
2019,9,90022,Connecticut,1,1,0,0,0,1,1,9,NEW HAVEN (9),385,MILFORD,11,11,1,January,2019,6,Friday,6,6:00am-6:59am,35,35,1,This section IS ON the NHS,2,Urban,1,Interstate,1,State Highway Agency,1,Interstate,I-95,,406,406,41.24113333,41.24113333,-73.017758330,-73.017758330,0,No Special Jurisdiction,24,Guardrail Face,0,The First Harmful Event was Not a Collision with a Motor Vehicle in Transport,0,No,1,Non-Junction,1,Not an Intersection,0,None,,,4,On Roadside,4,Dawn,1,Clear,0,No Additional Atmospheric Conditions,1,Clear,0,No,0000000,Not Applicable,6,6:00am-6:59am,41,41,6,6:00am-6:59am,54,54,88,Not Applicable (Not Transported),88,Not Applicable (Not Transported),0,None,0,None,0,None,1,0
2019,9,90023,Connecticut,1,1,0,1,1,1,1,3,HARTFORD (3),229,ENFIELD,10,10,1,January,2019,5,Thursday,15,3:00pm-3:59pm,1,1,1,This section IS ON the NHS,2,Urban,3,Principal Arterial - Other,1,State Highway Agency,2,U.S. Highway,US-5,HATHAWAY AVE,518,518,41.98644722,41.98644722,-72.593155560,-72.593155560,0,No Special Jurisdiction,8,Pedestrian,0,The First Harmful Event was Not a Collision with a Motor Vehicle in Transport,0,No,2,Intersection,3,T-Intersection,0,None,,,1,On Roadway,1,Daylight,1,Clear,0,No Additional Atmospheric Conditions,1,Clear,0,No,0000000,Not Applicable,15,3:00pm-3:59pm,3,3,15,3:00pm-3:59pm,6,6,15,3:00pm-3:59pm,40,40,0,None,0,None,0,None,1,0
2019,9,90024,Connecticut,2,1,1,0,1,1,2,9,NEW HAVEN (9),538,ORANGE,2,2,3,March,2019,7,Saturday,1,1:00am-1:59am,30,30,1,This section IS ON the NHS,2,Urban,1,Interstate,1,State Highway Agency,1,Interstate,I-95 ON SB X41 RAMP 352,,3,3,41.25262500,41.25262500,-73.000777780,-73.000777780,0,No Special Jurisdiction,14,Parked Motor Vehicle,0,The First Harmful Event was Not a Collision with a Motor Vehicle in Transport,1,Yes,5,Entrance/Exit Ramp Related,1,Not an Intersection,0,None,,,2,On Shoulder,3,Dark - Lighted,12,Freezing Rain or Drizzle,0,No Additional Atmospheric Conditions,12,Freezing Rain or Drizzle,0,No,0000000,Not Applicable,1,1:00am-1:59am,42,42,1,1:00am-1:59am,44,44,2,2:00am-2:59am,11,11,0,None,0,None,0,None,1,1
2019,9,90025,Connecticut,1,1,0,0,0,1,1,11,NEW LONDON (11),338,LEBANON,27,27,2,February,2019,4,Wednesday,1,1:00am-1:59am,39,39,0,This section IS NOT on the NHS,1,Rural,5,Major Collector,1,State Highway Agency,3,State Highway,SR-87,,57,57,41.62885833,41.62885833,-72.200583330,-72.200583330,0,No Special Jurisdiction,30,Utility Pole/Light Support,0,The First Harmful Event was Not a Collision with a Motor Vehicle in Transport,0,No,1,Non-Junction,1,Not an Intersection,0,None,,,4,On Roadside,2,Dark - Not Lighted,1,Clear,0,No Additional Atmospheric Conditions,1,Clear,0,No,0000000,Not Applicable,1,1:00am-1:59am,38,38,1,1:00am-1:59am,52,52,88,Not Applicable (Not Transported),88,Not Applicable (Not Transported),0,None,0,None,0,None,1,1
2019,9,90026,Connecticut,2,2,0,0,0,2,2,7,MIDDLESEX (7),536,TOWN OF ESSEX,12,12,3,March,2019,3,Tuesday,10,10:00am-10:59am,58,58,1,This section IS ON the NHS,2,Urban,1,Interstate,1,State Highway Agency,1,Interstate,I-95,,763,763,41.30173056,41.30173056,-72.387436110,-72.387436110,0,No Special Jurisdiction,12,Motor Vehicle In-Transport,1,Front-to-Rear,0,No,1,Non-Junction,1,Not an Intersection,1,Construction,,,1,On Roadway,1,Daylight,1,Clear,0,No Additional Atmospheric Conditions,1,Clear,0,No,0000000,Not Applicable,10,10:00am-10:59am,56,56,11,11:00am-11:59am,19,19,11,11:00am-11:59am,41,41,0,None,0,None,0,None,1,0
2019,9,90027,Connecticut,1,1,0,0,0,1,1,3,HARTFORD (3),842,WINDSOR,15,15,3,March,2019,6,Friday,23,11:00pm-11:59pm,21,21,0,This section IS NOT on the NHS,2,Urban,7,Local,4,City or Municipal Highway Agency,6,Local Street - Municipality,MERRIMAN RD,,8,8,41.90860000,41.90860000,-72.711005560,-72.711005560,0,No Special Jurisdiction,42,Tree (Standing Only),0,The First Harmful Event was Not a Collision with a Motor Vehicle in Transport,0,No,1,Non-Junction,1,Not an Intersection,0,None,,,4,On Roadside,3,Dark - Lighted,5,"Fog, Smog, Smoke",0,No Additional Atmospheric Conditions,5,"Fog, Smog, Smoke",0,No,0000000,Not Applicable,23,11:00pm-11:59pm,21,21,23,11:00pm-11:59pm,31,31,88,Not Applicable (Not Transported),88,Not Applicable (Not Transported),0,None,0,None,0,None,1,1
2019,9,90028,Connecticut,1,1,0,1,1,1,1,9,NEW HAVEN (9),502,NORTH HAVEN,11,11,3,March,2019,2,Monday,17,5:00pm-5:59pm,33,33,0,This section IS NOT on the NHS,2,Urban,4,Minor Arterial,4,City or Municipal Highway Agency,6,Local Street - Municipality,RIDGE RD NO 1,HICKORY HILL RD,12,12,41.38065000,41.38065000,-72.892211110,-72.892211110,0,No Special Jurisdiction,8,Pedestrian,0,The First Harmful Event was Not a Collision with a Motor Vehicle in Transport,0,No,3,Intersection-Related,3,T-Intersection,0,None,,,1,On Roadway,1,Daylight,1,Clear,0,No Additional Atmospheric Conditions,1,Clear,0,No,0000000,Not Applicable,99,Unknown,99,Unknown,99,Unknown EMS Scene Arrival Hour,99,Unknown EMS Scene Arrival Minutes,99,Unknown,99,Unknown EMS Hospital Arrival Time,0,None,0,None,0,None,1,0
2019,9,90029,Connecticut,2,1,1,0,0,1,1,3,HARTFORD (3),280,HARTFORD,15,15,3,March,2019,6,Friday,4,4:00am-4:59am,46,46,0,This section IS NOT on the NHS,2,Urban,6,Minor Collector,4,City or Municipal Highway Agency,6,Local Street - Municipality,GREENFIELD ST,,4,4,41.78401944,41.78401944,-72.691488890,-72.691488890,0,No Special Jurisdiction,38,Fence,0,The First Harmful Event was Not a Collision with a Motor Vehicle in Transport,0,No,1,Non-Junction,1,Not an Intersection,0,None,,,4,On Roadside,3,Dark - Lighted,10,Cloudy,0,No Additional Atmospheric Conditions,10,Cloudy,0,No,0000000,Not Applicable,4,4:00am-4:59am,47,47,4,4:00am-4:59am,55,55,5,5:00am-5:59am,5,5,0,None,0,None,0,None,1,1