caseyear,state,st_case,statename,ve_total,ve_forms,pvh_invl,peds,pernotmvit,permvit,persons,county,countyname,city,cityname,day,dayname,month,monthname,year,day_week,day_weekname,hour,hourname,minute,minutename,nhs,nhsname,rur_urb,rur_urbname,func_sys,func_sysname,rd_owner,rd_ownername,route,routename,tway_id,tway_id2,milept,mileptname,latitude,latitudename,longitud,longitudname,sp_jur,sp_jurname,harm_ev,harm_evname,man_coll,man_collname,reljct1,reljct1name,reljct2,reljct2name,typ_int,typ_intname,wrk_zone,wrk_zonename,road_fnc,road_fncname,rel_road,rel_roadname,lgt_cond,lgt_condname,weather1,weather1name,weather2,weather2name,weather,weathername,sch_bus,sch_busname,rail,railname,not_hour,not_hourname,not_min,not_minname,arr_hour,arr_hourname,arr_min,arr_minname,hosp_hr,hosp_hrname,hosp_mn,hosp_mnname,cf1,cf1name,cf2,cf2name,cf3,cf3name,fatals,drunk_dr
2019,9,90030,Connecticut,1,1,0,1,1,1,1,3,HARTFORD (3),280,HARTFORD,21,21,2,February,2019,5,Thursday,16,4:00pm-4:59pm,4,4,0,This section IS NOT on the NHS,2,Urban,5,Major Collector,4,City or Municipal Highway Agency,6,Local Street - Municipality,HIGH ST,WALNUT ST AND  I-84 ENT RMP,2,2,41.77137222,41.77137222,-72.678736110,-72.678736110,0,No Special Jurisdiction,8,Pedestrian,0,The First Harmful Event was Not a Collision with a Motor Vehicle in Transport,1,Yes,3,Intersection-Related,7,"Five Point, or More",0,None,,,1,On Roadway,1,Daylight,1,Clear,0,No Additional Atmospheric Conditions,1,Clear,0,No,0000000,Not Applicable,16,4:00pm-4:59pm,4,4,16,4:00pm-4:59pm,7,7,16,4:00pm-4:59pm,22,22,0,None,0,None,0,None,1,0
2019,9,90031,Connecticut,1,1,0,0,0,2,2,7,MIDDLESEX (7),266,HADDAM,19,19,3,March,2019,3,Tuesday,16,4:00pm-4:59pm,46,46,0,This section IS NOT on the NHS,1,Rural,5,Major Collector,1,State Highway Agency,3,State Highway,SR-151,,53,53,41.51772500,41.51772500,-72.486722220,-72.486722220,0,No Special Jurisdiction,35,Embankment,0,The First Harmful Event was Not a Collision with a Motor Vehicle in Transport,0,No,1,Non-Junction,1,Not an Intersection,0,None,,,4,On Roadside,1,Daylight,1,Clear,0,No Additional Atmospheric Conditions,1,Clear,0,No,0000000,Not Applicable,16,4:00pm-4:59pm,32,32,16,4:00pm-4:59pm,52,52,17,5:00pm-5:59pm,45,45,0,None,0,None,0,None,1,0
2019,9,90032,Connecticut,2,2,0,0,0,2,2,3,HARTFORD (3),237,FARMINGTON,2,2,4,April,2019,3,Tuesday,9,9:00am-9:59am,54,54,1,This section IS ON the NHS,2,Urban,1,Interstate,1,State Highway Agency,1,Interstate,I-84,,532,532,41.70617222,41.70617222,-72.802422220,-72.802422220,0,No Special Jurisdiction,12,Motor Vehicle In-Transport,1,Front-to-Rear,1,Yes,18,Through Roadway,1,Not an Intersection,0,None,,,1,On Roadway,1,Daylight,1,Clear,0,No Additional Atmospheric Conditions,1,Clear,0,No,0000000,Not Applicable,9,9:00am-9:59am,57,57,10,10:00am-10:59am,2,2,10,10:00am-10:59am,35,35,28,Regular Congestion,0,None,0,None,1,0
2019,9,90033,Connecticut,1,1,0,0,0,1,1,13,TOLLAND (13),228,ELLINGTON,7,7,4,April,2019,1,Sunday,0,0:00am-0:59am,55,55,0,This section IS NOT on the NHS,1,Rural,5,Major Collector,1,State Highway Agency,3,State Highway,SR-140,,158,158,41.91885833,41.91885833,-72.414152780,-72.414152780,0,No Special Jurisdiction,43,Other Fixed Object,0,The First Harmful Event was Not a Collision with a Motor Vehicle in Transport,0,No,1,Non-Junction,1,Not an Intersection,0,None,,,4,On Roadside,2,Dark - Not Lighted,1,Clear,0,No Additional Atmospheric Conditions,1,Clear,0,No,0000000,Not Applicable,0,0:00am-0:59am,53,53,0,0:00am-0:59am,59,59,88,Not Applicable (Not Transported),88,Not Applicable (Not Transported),0,None,0,None,0,None,1,0
2019,9,90034,Connecticut,2,2,0,0,0,4,4,9,NEW HAVEN (9),370,MERIDEN,12,12,1,January,2019,7,Saturday,1,1:00am-1:59am,0,0,1,This section IS ON the NHS,2,Urban,1,Interstate,1,State Highway Agency,1,Interstate,I-91,,173,173,41.49611944,41.49611944,-72.768386110,-72.768386110,0,No Special Jurisdiction,12,Motor Vehicle In-Transport,1,Front-to-Rear,0,No,1,Non-Junction,1,Not an Intersection,0,None,,,1,On Roadway,2,Dark - Not Lighted,1,Clear,0,No Additional Atmospheric Conditions,1,Clear,0,No,0000000,Not Applicable,1,1:00am-1:59am,2,2,1,1:00am-1:59am,12,12,1,1:00am-1:59am,53,53,0,None,0,None,0,None,1,1
2019,9,90035,Connecticut,4,2,2,1,1,3,3,9,NEW HAVEN (9),538,ORANGE,25,25,3,March,2019,2,Monday,15,3:00pm-3:59pm,14,14,0,This section IS NOT on the NHS,2,Urban,3,Principal Arterial - Other,1,State Highway Agency,3,State Highway,SR-34,,168,168,41.31105833,41.31105833,-73.043777780,-73.043777780,0,No Special Jurisdiction,14,Parked Motor Vehicle,0,The First Harmful Event was Not a Collision with a Motor Vehicle in Transport,0,No,1,Non-Junction,1,Not an Intersection,0,None,,,2,On Shoulder,1,Daylight,1,Clear,0,No Additional Atmospheric Conditions,1,Clear,0,No,0000000,Not Applicable,15,3:00pm-3:59pm,14,14,15,3:00pm-3:59pm,18,18,15,3:00pm-3:59pm,42,42,0,None,0,None,0,None,1,0
2019,9,90036,Connecticut,1,1,0,0,0,1,1,1,FAIRFIELD (1),835,WESTPORT,14,14,4,April,2019,1,Sunday,0,0:00am-0:59am,42,42,0,This section IS NOT on the NHS,2,Urban,4,Minor Arterial,1,State Highway Agency,3,State Highway,SR-57,,18,18,41.16951111,41.16951111,-73.361816670,-73.361816670,0,No Special Jurisdiction,30,Utility Pole/Light Support,0,The First Harmful Event was Not a Collision with a Motor Vehicle in Transport,0,No,1,Non-Junction,1,Not an Intersection,0,None,,,4,On Roadside,3,Dark - Lighted,1,Clear,0,No Additional Atmospheric Conditions,1,Clear,0,No,0000000,Not Applicable,99,Unknown,99,Unknown,99,Unknown EMS Scene Arrival Hour,99,Unknown EMS Scene Arrival Minutes,88,Not Applicable (Not Transported),88,Not Applicable (Not Transported),0,None,0,None,0,None,1,1
2019,9,90037,Connecticut,1,1,0,0,0,1,1,13,TOLLAND (13),846,WILLINGTON HILL,30,30,3,March,2019,7,Saturday,18,6:00pm-6:59pm,54,54,0,This section IS NOT on the NHS,1,Rural,4,Minor Arterial,1,State Highway Agency,3,State Highway,SR-32,,444,444,41.89540556,41.89540556,-72.288955560,-72.288955560,0,No Special Jurisdiction,30,Utility Pole/Light Support,0,The First Harmful Event was Not a Collision with a Motor Vehicle in Transport,0,No,1,Non-Junction,1,Not an Intersection,0,None,,,4,On Roadside,1,Daylight,1,Clear,0,No Additional Atmospheric Conditions,1,Clear,0,No,0000000,Not Applicable,99,Unknown,99,Unknown,99,Unknown EMS Scene Arrival Hour,99,Unknown EMS Scene Arrival Minutes,88,Not Applicable (Not Transported),88,Not Applicable (Not Transported),0,None,0,None,0,None,1,0
2019,9,90038,Connecticut,3,3,0,0,0,5,5,5,LITCHFIELD (5),760,WEST TORRINGTON,24,24,4,April,2019,4,Wednesday,18,6:00pm-6:59pm,35,35,0,This section IS NOT on the NHS,2,Urban,4,Minor Arterial,1,State Highway Agency,3,State Highway,SR-4,,214,214,41.82357778,41.82357778,-73.159658330,-73.159658330,0,No Special Jurisdiction,12,Motor Vehicle In-Transport,8,Sideswipe - Opposite Direction,0,No,1,Non-Junction,1,Not an Intersection,0,None,,,1,On Roadway,1,Daylight,1,Clear,0,No Additional Atmospheric Conditions,1,Clear,0,No,0000000,Not Applicable,18,6:00pm-6:59pm,36,36,18,6:00pm-6:59pm,41,41,88,Not Applicable (Not Transported),88,Not Applicable (Not Transported),0,None,0,None,0,None,2,1
2019,9,90039,Connecticut,1,1,0,1,1,1,1,9,NEW HAVEN (9),430,NEW HAVEN,18,18,1,January,2019,6,Friday,20,8:00pm-8:59pm,21,21,1,This section IS ON the NHS,2,Urban,3,Principal Arterial - Other,1,State Highway Agency,3,State Highway,SR-17,,3,3,41.32432222,41.32432222,-72.881216670,-72.881216670,0,No Special Jurisdiction,8,Pedestrian,0,The First Harmful Event was Not a Collision with a Motor Vehicle in Transport,0,No,1,Non-Junction,1,Not an Intersection,0,None,,,1,On Roadway,3,Dark - Lighted,1,Clear,0,No Additional Atmospheric Conditions,1,Clear,0,No,0000000,Not Applicable,20,8:00pm-8:59pm,22,22,20,8:00pm-8:59pm,26,26,20,8:00pm-8:59pm,49,49,0,None,0,None,0,None,1,0
2019,9,90040,Connecticut,3,3,0,0,0,3,3,7,MIDDLESEX (7),230,ESSEX,4,4,2,February,2019,2,Monday,17,5:00pm-5:59pm,13,13,0,This section IS NOT on the NHS,2,Urban,2,Principal Arterial - Other Freeways and Expressways,1,State Highway Agency,3,State Highway,SR-9,,44,44,41.35450833,41.35450833,-72.409897220,-72.409897220,0,No Special Jurisdiction,12,Motor Vehicle In-Transport,2,Front-to-Front,1,Yes,18,Through Roadway,1,Not an Intersection,0,None,,,1,On Roadway,5,Dusk,1,Clear,0,No Additional Atmospheric Conditions,1,Clear,0,No,0000000,Not Applicable,17,5:00pm-5:59pm,14,14,17,5:00pm-5:59pm,20,20,18,6:00pm-6:59pm,25,25,0,None,0,None,0,None,1,1
2019,9,90041,Connecticut,1,1,0,0,0,1,1,3,HARTFORD (3),555,PLAINVILLE,4,4,4,April,2019,5,Thursday,3,3:00am-3:59am,9,9,1,This section IS ON the NHS,2,Urban,2,Principal Arterial - Other Freeways and Expressways,1,State Highway Agency,3,State Highway,SR-72,,39,39,41.67089167,41.67089167,-72.844094440,-72.844094440,0,No Special Jurisdiction,24,Guardrail Face,0,The First Harmful Event was Not a Collision with a Motor Vehicle in Transport,0,No,1,Non-Junction,1,Not an Intersection,0,None,,,4,On Roadside,3,Dark - Lighted,1,Clear,0,No Additional Atmospheric Conditions,1,Clear,0,No,0000000,Not Applicable,3,3:00am-3:59am,10,10,3,3:00am-3:59am,31,31,88,Not Applicable (Not Transported),88,Not Applicable (Not Transported),0,None,0,None,0,None,1,0
2019,9,90042,Connecticut,2,2,0,0,0,2,2,15,WINDHAM (15),104,CANTERBURY,25,25,4,April,2019,5,Thursday,7,7:00am-7:59am,19,19,0,This section IS NOT on the NHS,1,Rural,4,Minor Arterial,1,State Highway Agency,3,State Highway,SR-12,SR-668,236,236,41.63594722,41.63594722,-71.955055560,-71.955055560,0,No Special Jurisdiction,12,Motor Vehicle In-Transport,6,Angle,0,No,2,Intersection,3,T-Intersection,0,None,,,1,On Roadway,1,Daylight,1,Clear,0,No Additional Atmospheric Conditions,1,Clear,0,No,0000000,Not Applicable,7,7:00am-7:59am,24,24,7,7:00am-7:59am,40,40,8,8:00am-8:59am,17,17,0,None,0,None,0,None,1,0
2019,9,90044,Connecticut,1,1,0,0,0,1,1,5,LITCHFIELD (5),760,WEST TORRINGTON,9,9,5,May,2019,5,Thursday,12,12:00pm-12:59pm,50,50,1,This section IS ON the NHS,2,Urban,2,Principal Arterial - Other Freeways and Expressways,1,State Highway Agency,3,State Highway,SR-8,,559,559,41.88301944,41.88301944,-73.071061110,-73.071061110,0,No Special Jurisdiction,59,Traffic Sign Support,0,The First Harmful Event was Not a Collision with a Motor Vehicle in Transport,0,No,1,Non-Junction,1,Not an Intersection,0,None,,,4,On Roadside,1,Daylight,10,Cloudy,0,No Additional Atmospheric Conditions,10,Cloudy,0,No,0000000,Not Applicable,12,12:00pm-12:59pm,50,50,12,12:00pm-12:59pm,54,54,88,Not Applicable (Not Transported),88,Not Applicable (Not Transported),0,None,0,None,0,None,1,0
2019,9,90045,Connecticut,1,1,0,1,1,1,1,5,LITCHFIELD (5),450,NEW MILFORD,14,14,3,March,2019,5,Thursday,21,9:00pm-9:59pm,33,33,1,This section IS ON the NHS,2,Urban,3,Principal Arterial - Other,1,State Highway Agency,2,U.S. Highway,US-7,,366,366,41.56581944,41.56581944,-73.414688890,-73.414688890,0,No Special Jurisdiction,8,Pedestrian,0,The First Harmful Event was Not a Collision with a Motor Vehicle in Transport,0,No,1,Non-Junction,1,Not an Intersection,0,None,,,1,On Roadway,2,Dark - Not Lighted,1,Clear,0,No Additional Atmospheric Conditions,1,Clear,0,No,0000000,Not Applicable,21,9:00pm-9:59pm,39,39,21,9:00pm-9:59pm,43,43,88,Not Applicable (Not Transported),88,Not Applicable (Not Transported),0,None,0,None,0,None,1,0
2019,9,90046,Connecticut,1,1,0,0,0,1,1,15,WINDHAM (15),99,BROOKLYN,11,11,5,May,2019,7,Saturday,17,5:00pm-5:59pm,52,52,0,This section IS NOT on the NHS,1,Rural,7,Local,4,City or Municipal Highway Agency,6,Local Street - Municipality,WOLF DEN RD NO 1,,8,8,41.80716389,41.80716389,-71.976227780,-71.976227780,0,No Special Jurisdiction,42,Tree (Standing Only),0,The First Harmful Event was Not a Collision with a Motor Vehicle in Transport,0,No,1,Non-Junction,1,Not an Intersection,0,None,,,4,On Roadside,1,Daylight,1,Clear,0,No Additional Atmospheric Conditions,1,Clear,0,No,0000000,Not Applicable,17,5:00pm-5:59pm,52,52,17,5:00pm-5:59pm,58,58,88,Not Applicable (Not Transported),88,Not Applicable (Not Transported),0,None,0,None,0,None,1,1
2019,9,90048,Connecticut,2,2,0,0,0,2,2,13,TOLLAND (13),368,MANSFIELD CENTER,23,23,5,May,2019,5,Thursday,20,8:00pm-8:59pm,44,44,0,This section IS NOT on the NHS,2,Urban,3,Principal Arterial - Other,1,State Highway Agency,3,State Highway,SR-195,,30,30,41.75475556,41.75475556,-72.193427780,-72.193427780,0,No Special Jurisdiction,12,Motor Vehicle In-Transport,6,Angle,0,No,1,Non-Junction,1,Not an Intersection,0,None,,,1,On Roadway,2,Dark - Not Lighted,1,Clear,0,No Additional Atmospheric Conditions,1,Clear,0,No,0000000,Not Applicable,20,8:00pm-8:59pm,43,43,20,8:00pm-8:59pm,52,52,99,Unknown,99,Unknown EMS Hospital Arrival Time,0,None,0,None,0,None,1,1
2019,9,90049,Connecticut,1,1,0,0,0,1,1,13,TOLLAND (13),846,WILLINGTON HILL,3,3,5,May,2019,6,Friday,19,7:00pm-7:59pm,17,17,0,This section IS NOT on the NHS,1,Rural,4,Minor Arterial,1,State Highway Agency,3,State Highway,SR-32,,458,458,41.91270833,41.91270833,-72.296800000,-72.296800000,0,No Special Jurisdiction,24,Guardrail Face,0,The First Harmful Event was Not a Collision with a Motor Vehicle in Transport,0,No,1,Non-Junction,1,Not an Intersection,0,None,,,4,On Roadside,5,Dusk,10,Cloudy,0,No Additional Atmospheric Conditions,10,Cloudy,0,No,0000000,Not Applicable,19,7:00pm-7:59pm,18,18,19,7:00pm-7:59pm,21,21,19,7:00pm-7:59pm,44,44,99,Reported as Unknown,99,Reported as Unknown,99,Reported as Unknown,1,1
2019,9,90050,Connecticut,4,2,2,0,0,5,5,3,HARTFORD (3),280,HARTFORD,6,6,4,April,2019,7,Saturday,12,12:00pm-12:59pm,40,40,0,This section IS NOT on the NHS,2,Urban,7,Local,4,City or Municipal Highway Agency,6,Local Street - Municipality,GRAND ST,BROAD ST,2,2,41.75952778,41.75952778,-72.687041670,-72.687041670,0,No Special Jurisdiction,12,Motor Vehicle In-Transport,6,Angle,0,No,2,Intersection,2,Four-Way Intersection,0,None,,,1,On Roadway,1,Daylight,1,Clear,0,No Additional Atmospheric Conditions,1,Clear,0,No,0000000,Not Applicable,12,12:00pm-12:59pm,40,40,12,12:00pm-12:59pm,45,45,13,1:00pm-1:59pm,8,8,14,"Motor Vehicle struck by falling cargo,or something that came loose from or something that was set in motion by a vehicle",0,None,0,None,1,0
2019,9,90051,Connecticut,1,1,0,1,1,1,1,9,NEW HAVEN (9),825,WEST HAVEN,23,23,5,May,2019,5,Thursday,20,8:00pm-8:59pm,29,29,1,This section IS ON the NHS,2,Urban,3,Principal Arterial - Other,1,State Highway Agency,2,U.S. Highway,US-1,,463,463,41.29640278,41.29640278,-72.955850000,-72.955850000,0,No Special Jurisdiction,8,Pedestrian,0,The First Harmful Event was Not a Collision with a Motor Vehicle in Transport,0,No,3,Intersection-Related,3,T-Intersection,0,None,,,1,On Roadway,5,Dusk,1,Clear,0,No Additional Atmospheric Conditions,1,Clear,0,No,0000000,Not Applicable,99,Unknown,99,Unknown,99,Unknown EMS Scene Arrival Hour,99,Unknown EMS Scene Arrival Minutes,99,Unknown,99,Unknown EMS Hospital Arrival Time,0,None,0,None,0,None,1,0
2019,9,90052,Connecticut,2,2,0,0,0,2,2,9,NEW HAVEN (9),430,NEW HAVEN,11,11,4,April,2019,5,Thursday,5,5:00am-5:59am,13,13,1,This section IS ON the NHS,2,Urban,1,Interstate,1,State Highway Agency,1,Interstate,I-91,,21,21,41.31855833,41.31855833,-72.898094440,-72.898094440,0,No Special Jurisdiction,12,Motor Vehicle In-Transport,1,Front-to-Rear,0,No,1,Non-Junction,1,Not an Intersection,0,None,,,1,On Roadway,3,Dark - Lighted,1,Clear,0,No Additional Atmospheric Conditions,1,Clear,0,No,0000000,Not Applicable,5,5:00am-5:59am,28,28,5,5:00am-5:59am,36,36,5,5:00am-5:59am,55,55,0,None,0,None,0,None,1,0
2019,9,90053,Connecticut,1,1,0,0,0,7,7,9,NEW HAVEN (9),810,WATERBURY,11,11,5,May,2019,7,Saturday,18,6:00pm-6:59pm,31,31,1,This section IS ON the NHS,2,Urban,1,Interstate,1,State Highway Agency,1,Interstate,I-84,,305,305,41.54097500,41.54097500,-73.078811110,-73.078811110,0,No Special Jurisdiction,59,Traffic Sign Support,0,The First Harmful Event was Not a Collision with a Motor Vehicle in Transport,0,No,1,Non-Junction,1,Not an Intersection,0,None,,,4,On Roadside,1,Daylight,1,Clear,0,No Additional Atmospheric Conditions,1,Clear,0,No,0000000,Not Applicable,18,6:00pm-6:59pm,33,33,18,6:00pm-6:59pm,43,43,19,7:00pm-7:59pm,14,14,0,None,0,None,0,None,1,0
2019,9,90054,Connecticut,1,1,0,0,0,1,1,5,LITCHFIELD (5),817,WATERTOWN,8,8,5,May,2019,4,Wednesday,23,11:00pm-11:59pm,38,38,0,This section IS NOT on the NHS,2,Urban,5,Major Collector,4,City or Municipal Highway Agency,6,Local Street - Municipality,FRENCH ST,,3,3,41.59831944,41.59831944,-73.107330560,-73.107330560,0,No Special Jurisdiction,33,Curb,0,The First Harmful Event was Not a Collision with a Motor Vehicle in Transport,0,No,1,Non-Junction,1,Not an Intersection,0,None,,,4,On Roadside,3,Dark - Lighted,1,Clear,0,No Additional Atmospheric Conditions,1,Clear,0,No,0000000,Not Applicable,23,11:00pm-11:59pm,40,40,23,11:00pm-11:59pm,55,55,0,0:00am-0:59am,5,5,0,None,0,None,0,None,1,1
2019,9,90055,Connecticut,1,1,0,0,0,1,1,3,HARTFORD (3),369,MARLBOROUGH,27,27,5,May,2019,2,Monday,16,4:00pm-4:59pm,10,10,1,This section IS ON the NHS,2,Urban,2,Principal Arterial - Other Freeways and Expressways,1,State Highway Agency,3,State Highway,SR-2,,130,130,41.65132500,41.65132500,-72.497108330,-72.497108330,0,No Special Jurisdiction,24,Guardrail Face,0,The First Harmful Event was Not a Collision with a Motor Vehicle in Transport,0,No,1,Non-Junction,1,Not an Intersection,0,None,,,4,On Roadside,1,Daylight,1,Clear,0,No Additional Atmospheric Conditions,1,Clear,0,No,0000000,Not Applicable,16,4:00pm-4:59pm,10,10,16,4:00pm-4:59pm,21,21,88,Not Applicable (Not Transported),88,Not Applicable (Not Transported),0,None,0,None,0,None,1,0
2019,9,90056,Connecticut,2,2,0,0,0,3,3,11,NEW LONDON (11),263,FORT GRISWOLD (HISTORICAL),27,27,5,May,2019,2,Monday,19,7:00pm-7:59pm,43,43,0,This section IS NOT on the NHS,1,Rural,5,Major Collector,1,State Highway Agency,3,State Highway,SR-201,,169,169,41.60768056,41.60768056,-71.925483330,-71.925483330,0,No Special Jurisdiction,12,Motor Vehicle In-Transport,2,Front-to-Front,0,No,1,Non-Junction,1,Not an Intersection,0,None,,,1,On Roadway,1,Daylight,1,Clear,0,No Additional Atmospheric Conditions,1,Clear,0,No,0000000,Not Applicable,20,8:00pm-8:59pm,3,3,20,8:00pm-8:59pm,28,28,20,8:00pm-8:59pm,43,43,0,None,0,None,0,None,1,1
2019,9,90057,Connecticut,2,2,0,0,0,3,3,11,NEW LONDON (11),632,SALEM,18,18,5,May,2019,7,Saturday,16,4:00pm-4:59pm,9,9,0,This section IS NOT on the NHS,1,Rural,5,Major Collector,1,State Highway Agency,3,State Highway,SR-85,WOODLAND DR,110,110,41.47321667,41.47321667,-72.260558330,-72.260558330,0,No Special Jurisdiction,12,Motor Vehicle In-Transport,2,Front-to-Front,0,No,2,Intersection,3,T-Intersection,0,None,,,1,On Roadway,1,Daylight,1,Clear,0,No Additional Atmospheric Conditions,1,Clear,0,No,0000000,Not Applicable,16,4:00pm-4:59pm,9,9,16,4:00pm-4:59pm,12,12,16,4:00pm-4:59pm,39,39,0,None,0,None,0,None,1,0
2019,9,90058,Connecticut,1,1,0,0,0,1,1,3,HARTFORD (3),838,WETHERSFIELD,1,1,6,June,2019,7,Saturday,15,3:00pm-3:59pm,21,21,0,This section IS NOT on the NHS,2,Urban,2,Principal Arterial - Other Freeways and Expressways,1,State Highway Agency,3,State Highway,SR-15 RAMP,,1,1,41.72500278,41.72500278,-72.668747220,-72.668747220,0,No Special Jurisdiction,24,Guardrail Face,0,The First Harmful Event was Not a Collision with a Motor Vehicle in Transport,1,Yes,5,Entrance/Exit Ramp Related,1,Not an Intersection,0,None,,,4,On Roadside,1,Daylight,1,Clear,0,No Additional Atmospheric Conditions,1,Clear,0,No,0000000,Not Applicable,15,3:00pm-3:59pm,23,23,15,3:00pm-3:59pm,26,26,15,3:00pm-3:59pm,53,53,0,None,0,None,0,None,1,0
2019,9,90059,Connecticut,1,1,0,1,1,1,1,3,HARTFORD (3),90,BRISTOL,15,15,5,May,2019,4,Wednesday,18,6:00pm-6:59pm,40,40,1,This section IS ON the NHS,2,Urban,3,Principal Arterial - Other,1,State Highway Agency,2,U.S. Highway,US-6,,472,472,41.68133611,41.68133611,-72.943686110,-72.943686110,0,No Special Jurisdiction,8,Pedestrian,0,The First Harmful Event was Not a Collision with a Motor Vehicle in Transport,0,No,4,Driveway Access,1,Not an Intersection,0,None,,,1,On Roadway,1,Daylight,1,Clear,0,No Additional Atmospheric Conditions,1,Clear,0,No,0000000,Not Applicable,18,6:00pm-6:59pm,41,41,18,6:00pm-6:59pm,45,45,19,7:00pm-7:59pm,30,30,0,None,0,None,0,None,1,0
2019,9,90060,Connecticut,1,1,0,2,2,1,1,11,NEW LONDON (11),401,"MYSTIC, STONINGTON",9,9,3,March,2019,7,Saturday,20,8:00pm-8:59pm,7,7,0,This section IS NOT on the NHS,2,Urban,4,Minor Arterial,1,State Highway Agency,3,State Highway,SR-27,ROSSIE PENTWAY PVT,9,9,41.36343611,41.36343611,-71.963061110,-71.963061110,0,No Special Jurisdiction,8,Pedestrian,0,The First Harmful Event was Not a Collision with a Motor Vehicle in Transport,0,No,3,Intersection-Related,3,T-Intersection,0,None,,,1,On Roadway,3,Dark - Lighted,1,Clear,0,No Additional Atmospheric Conditions,1,Clear,0,No,0000000,Not Applicable,20,8:00pm-8:59pm,9,9,20,8:00pm-8:59pm,18,18,20,8:00pm-8:59pm,48,48,0,None,0,None,0,None,2,1
2019,9,90061,Connecticut,1,1,0,1,1,1,1,9,NEW HAVEN (9),790,WALLINGFORD,25,25,5,May,2019,7,Saturday,14,2:00pm-2:59pm,57,57,0,This section IS NOT on the NHS,2,Urban,4,Minor Arterial,4,City or Municipal Highway Agency,6,Local Street - Municipality,SOUTH TURNPIKE RD,,18,18,41.43453889,41.43453889,-72.851258330,-72.851258330,0,No Special Jurisdiction,9,Pedalcyclist,0,The First Harmful Event was Not a Collision with a Motor Vehicle in Transport,0,No,1,Non-Junction,1,Not an Intersection,0,None,,,2,On Shoulder,1,Daylight,1,Clear,0,No Additional Atmospheric Conditions,1,Clear,0,No,0000000,Not Applicable,14,2:00pm-2:59pm,57,57,15,3:00pm-3:59pm,8,8,15,3:00pm-3:59pm,29,29,0,None,0,None,0,None,1,0
2019,9,90062,Connecticut,1,1,0,0,0,3,3,7,MIDDLESEX (7),205,DURHAM,20,20,3,March,2019,4,Wednesday,3,3:00am-3:59am,30,30,0,This section IS NOT on the NHS,2,Urban,4,Minor Arterial,1,State Highway Agency,3,State Highway,SR-79,,140,140,41.46151667,41.46151667,-72.677002780,-72.677002780,0,No Special Jurisdiction,33,Curb,0,The First Harmful Event was Not a Collision with a Motor Vehicle in Transport,0,No,1,Non-Junction,1,Not an Intersection,0,None,,,4,On Roadside,2,Dark - Not Lighted,1,Clear,0,No Additional Atmospheric Conditions,1,Clear,0,No,0000000,Not Applicable,3,3:00am-3:59am,27,27,3,3:00am-3:59am,39,39,4,4:00am-4:59am,5,5,0,None,0,None,0,None,1,0
2019,9,90063,Connecticut,3,1,2,0,0,1,1,1,FAIRFIELD (1),98,BROOKFIELD,8,8,6,June,2019,7,Saturday,22,10:00pm-10:59pm,45,45,0,This section IS NOT on the NHS,2,Urban,4,Minor Arterial,4,City or Municipal Highway Agency,6,Local Street - Municipality,CANDLEWOOD LAKE RD,CANDLEWOOD BIRCHES PVT,25,25,41.46875000,41.46875000,-73.424752780,-73.424752780,0,No Special Jurisdiction,30,Utility Pole/Light Support,0,The First Harmful Event was Not a Collision with a Motor Vehicle in Transport,0,No,3,Intersection-Related,3,T-Intersection,0,None,,,4,On Roadside,3,Dark - Lighted,1,Clear,0,No Additional Atmospheric Conditions,1,Clear,0,No,0000000,Not Applicable,22,10:00pm-10:59pm,47,47,22,10:00pm-10:59pm,51,51,23,11:00pm-11:59pm,23,23,0,None,0,None,0,None,1,1
2019,9,90064,Connecticut,2,2,0,0,0,2,2,11,NEW LONDON (11),505,NORTH STONINGTON,15,15,6,June,2019,7,Saturday,15,3:00pm-3:59pm,58,58,0,This section IS NOT on the NHS,2,Urban,5,Major Collector,1,State Highway Agency,3,State Highway,SR-49,,60,60,41.48170000,41.48170000,-71.830255560,-71.830255560,0,No Special Jurisdiction,12,Motor Vehicle In-Transport,2,Front-to-Front,0,No,1,Non-Junction,1,Not an Intersection,0,None,,,1,On Roadway,1,Daylight,1,Clear,0,No Additional Atmospheric Conditions,1,Clear,0,No,0000000,Not Applicable,16,4:00pm-4:59pm,0,0,99,Unknown EMS Scene Arrival Hour,99,Unknown EMS Scene Arrival Minutes,99,Unknown,99,Unknown EMS Hospital Arrival Time,0,None,0,None,0,None,1,0
2019,9,90065,Connecticut,1,1,0,0,0,1,1,7,MIDDLESEX (7),266,HADDAM,15,15,6,June,2019,7,Saturday,20,8:00pm-8:59pm,16,16,0,This section IS NOT on the NHS,2,Urban,5,Major Collector,1,State Highway Agency,3,State Highway,SR-154,,229,229,41.48008889,41.48008889,-72.515661110,-72.515661110,0,No Special Jurisdiction,30,Utility Pole/Light Support,0,The First Harmful Event was Not a Collision with a Motor Vehicle in Transport,0,No,1,Non-Junction,1,Not an Intersection,0,None,,,4,On Roadside,5,Dusk,1,Clear,0,No Additional Atmospheric Conditions,1,Clear,0,No,0000000,Not Applicable,20,8:00pm-8:59pm,16,16,20,8:00pm-8:59pm,27,27,88,Not Applicable (Not Transported),88,Not Applicable (Not Transported),0,None,0,None,0,None,1,1