caseyear,state,st_case,statename,ve_total,ve_forms,pvh_invl,peds,pernotmvit,permvit,persons,county,countyname,city,cityname,day,dayname,month,monthname,year,day_week,day_weekname,hour,hourname,minute,minutename,nhs,nhsname,rur_urb,rur_urbname,func_sys,func_sysname,rd_owner,rd_ownername,route,routename,tway_id,tway_id2,milept,mileptname,latitude,latitudename,longitud,longitudname,sp_jur,sp_jurname,harm_ev,harm_evname,man_coll,man_collname,reljct1,reljct1name,reljct2,reljct2name,typ_int,typ_intname,wrk_zone,wrk_zonename,road_fnc,road_fncname,rel_road,rel_roadname,lgt_cond,lgt_condname,weather1,weather1name,weather2,weather2name,weather,weathername,sch_bus,sch_busname,rail,railname,not_hour,not_hourname,not_min,not_minname,arr_hour,arr_hourname,arr_min,arr_minname,hosp_hr,hosp_hrname,hosp_mn,hosp_mnname,cf1,cf1name,cf2,cf2name,cf3,cf3name,fatals,drunk_dr
2019,9,90101,Connecticut,2,2,0,0,0,2,2,9,NEW HAVEN (9),538,ORANGE,4,4,8,August,2019,1,Sunday,21,9:00pm-9:59pm,14,14,0,This section IS NOT on the NHS,2,Urban,4,Minor Arterial,4,City or Municipal Highway Agency,6,Local Street - Municipality,DERBY MILFORD RD,GLENBROOK RD,8,8,41.29573056,41.29573056,-73.057900000,-73.057900000,0,No Special Jurisdiction,12,Motor Vehicle In-Transport,6,Angle,0,No,2,Intersection,3,T-Intersection,0,None,,,1,On Roadway,2,Dark - Not Lighted,1,Clear,0,No Additional Atmospheric Conditions,1,Clear,0,No,0000000,Not Applicable,21,9:00pm-9:59pm,14,14,21,9:00pm-9:59pm,19,19,21,9:00pm-9:59pm,56,56,99,Reported as Unknown,99,Reported as Unknown,99,Reported as Unknown,1,0
2019,9,90102,Connecticut,2,2,0,0,0,2,2,9,NEW HAVEN (9),810,WATERBURY,4,4,8,August,2019,1,Sunday,23,11:00pm-11:59pm,11,11,0,This section IS NOT on the NHS,2,Urban,4,Minor Arterial,4,City or Municipal Highway Agency,6,Local Street - Municipality,HIGHLAND AV,,10,10,41.54368611,41.54368611,-73.055116670,-73.055116670,0,No Special Jurisdiction,12,Motor Vehicle In-Transport,2,Front-to-Front,0,No,1,Non-Junction,1,Not an Intersection,0,None,,,1,On Roadway,3,Dark - Lighted,1,Clear,0,No Additional Atmospheric Conditions,1,Clear,0,No,0000000,Not Applicable,23,11:00pm-11:59pm,14,14,23,11:00pm-11:59pm,22,22,23,11:00pm-11:59pm,40,40,0,None,0,None,0,None,1,0
2019,9,90103,Connecticut,1,1,0,0,0,2,2,5,LITCHFIELD (5),649,SHARON,27,27,7,July,2019,7,Saturday,18,6:00pm-6:59pm,37,37,0,This section IS NOT on the NHS,1,Rural,5,Major Collector,1,State Highway Agency,3,State Highway,SR-41,,34,34,41.86329722,41.86329722,-73.478338890,-73.478338890,0,No Special Jurisdiction,57,Cable Barrier,0,The First Harmful Event was Not a Collision with a Motor Vehicle in Transport,0,No,1,Non-Junction,1,Not an Intersection,0,None,,,4,On Roadside,1,Daylight,1,Clear,0,No Additional Atmospheric Conditions,1,Clear,0,No,0000000,Not Applicable,18,6:00pm-6:59pm,37,37,18,6:00pm-6:59pm,44,44,99,Unknown,99,Unknown EMS Hospital Arrival Time,0,None,0,None,0,None,1,1
2019,9,90104,Connecticut,1,1,0,1,1,1,1,9,NEW HAVEN (9),810,WATERBURY,27,27,4,April,2019,7,Saturday,20,8:00pm-8:59pm,26,26,0,This section IS NOT on the NHS,2,Urban,4,Minor Arterial,4,City or Municipal Highway Agency,6,Local Street - Municipality,WOLCOTT ST,PRITCHARD RD,14,14,41.56205833,41.56205833,-73.010819440,-73.010819440,0,No Special Jurisdiction,8,Pedestrian,0,The First Harmful Event was Not a Collision with a Motor Vehicle in Transport,0,No,3,Intersection-Related,3,T-Intersection,0,None,,,1,On Roadway,5,Dusk,1,Clear,0,No Additional Atmospheric Conditions,1,Clear,0,No,0000000,Not Applicable,20,8:00pm-8:59pm,26,26,99,Unknown EMS Scene Arrival Hour,99,Unknown EMS Scene Arrival Minutes,99,Unknown,99,Unknown EMS Hospital Arrival Time,0,None,0,None,0,None,1,1
2019,9,90105,Connecticut,1,1,0,1,1,1,1,5,LITCHFIELD (5),286,HARWINTON,27,27,6,June,2019,5,Thursday,21,9:00pm-9:59pm,5,5,0,This section IS NOT on the NHS,1,Rural,5,Major Collector,1,State Highway Agency,3,State Highway,SR-222,,75,75,41.75929167,41.75929167,-73.083688890,-73.083688890,0,No Special Jurisdiction,8,Pedestrian,0,The First Harmful Event was Not a Collision with a Motor Vehicle in Transport,0,No,1,Non-Junction,1,Not an Intersection,0,None,,,1,On Roadway,2,Dark - Not Lighted,1,Clear,0,No Additional Atmospheric Conditions,1,Clear,0,No,0000000,Not Applicable,20,8:00pm-8:59pm,58,58,21,9:00pm-9:59pm,19,19,99,Unknown,99,Unknown EMS Hospital Arrival Time,0,None,0,None,0,None,1,0
2019,9,90106,Connecticut,1,1,0,1,1,1,1,9,NEW HAVEN (9),430,NEW HAVEN,8,8,8,August,2019,5,Thursday,19,7:00pm-7:59pm,14,14,0,This section IS NOT on the NHS,2,Urban,4,Minor Arterial,4,City or Municipal Highway Agency,6,Local Street - Municipality,FERRY ST,LOMBARD ST,3,3,41.31494167,41.31494167,-72.896950000,-72.896950000,0,No Special Jurisdiction,8,Pedestrian,0,The First Harmful Event was Not a Collision with a Motor Vehicle in Transport,0,No,3,Intersection-Related,2,Four-Way Intersection,0,None,,,1,On Roadway,1,Daylight,10,Cloudy,0,No Additional Atmospheric Conditions,10,Cloudy,0,No,0000000,Not Applicable,99,Unknown,99,Unknown,99,Unknown EMS Scene Arrival Hour,99,Unknown EMS Scene Arrival Minutes,99,Unknown,99,Unknown EMS Hospital Arrival Time,0,None,0,None,0,None,1,0
2019,9,90107,Connecticut,1,1,0,0,0,3,3,9,NEW HAVEN (9),810,WATERBURY,10,10,8,August,2019,7,Saturday,19,7:00pm-7:59pm,10,10,0,This section IS NOT on the NHS,2,Urban,7,Local,4,City or Municipal Highway Agency,6,Local Street - Municipality,WOOD ST,WALNUT ST,2,2,41.55936944,41.55936944,-73.027716670,-73.027716670,0,No Special Jurisdiction,38,Fence,0,The First Harmful Event was Not a Collision with a Motor Vehicle in Transport,0,No,3,Intersection-Related,3,T-Intersection,0,None,,,4,On Roadside,1,Daylight,1,Clear,0,No Additional Atmospheric Conditions,1,Clear,0,No,0000000,Not Applicable,19,7:00pm-7:59pm,10,10,19,7:00pm-7:59pm,14,14,9,9:00am-9:59am,31,31,0,None,0,None,0,None,1,0
2019,9,90108,Connecticut,2,2,0,1,1,3,3,9,NEW HAVEN (9),430,NEW HAVEN,10,10,8,August,2019,7,Saturday,23,11:00pm-11:59pm,56,56,1,This section IS ON the NHS,2,Urban,3,Principal Arterial - Other,1,State Highway Agency,3,State Highway,SR-10,,8,8,41.29199167,41.29199167,-72.942680560,-72.942680560,0,No Special Jurisdiction,8,Pedestrian,0,The First Harmful Event was Not a Collision with a Motor Vehicle in Transport,0,No,1,Non-Junction,1,Not an Intersection,0,None,,,1,On Roadway,3,Dark - Lighted,1,Clear,0,No Additional Atmospheric Conditions,1,Clear,0,No,0000000,Not Applicable,99,Unknown,99,Unknown,99,Unknown EMS Scene Arrival Hour,99,Unknown EMS Scene Arrival Minutes,99,Unknown,99,Unknown EMS Hospital Arrival Time,0,None,0,None,0,None,1,0
2019,9,90109,Connecticut,1,1,0,0,0,1,1,15,WINDHAM (15),104,CANTERBURY,9,9,8,August,2019,6,Friday,18,6:00pm-6:59pm,55,55,0,This section IS NOT on the NHS,1,Rural,5,Major Collector,1,State Highway Agency,3,State Highway,SR-14,,133,133,41.69851667,41.69851667,-71.963722220,-71.963722220,0,No Special Jurisdiction,24,Guardrail Face,0,The First Harmful Event was Not a Collision with a Motor Vehicle in Transport,0,No,1,Non-Junction,1,Not an Intersection,0,None,,,4,On Roadside,1,Daylight,1,Clear,0,No Additional Atmospheric Conditions,1,Clear,0,No,0000000,Not Applicable,18,6:00pm-6:59pm,50,50,18,6:00pm-6:59pm,55,55,88,Not Applicable (Not Transported),88,Not Applicable (Not Transported),0,None,0,None,0,None,1,1
2019,9,90110,Connecticut,1,1,0,0,0,3,3,1,FAIRFIELD (1),715,STRATFORD,8,8,8,August,2019,5,Thursday,21,9:00pm-9:59pm,17,17,1,This section IS ON the NHS,2,Urban,1,Interstate,1,State Highway Agency,1,Interstate,I-95,,317,317,41.17816667,41.17816667,-73.148675000,-73.148675000,0,No Special Jurisdiction,24,Guardrail Face,0,The First Harmful Event was Not a Collision with a Motor Vehicle in Transport,0,No,1,Non-Junction,1,Not an Intersection,0,None,,,4,On Roadside,3,Dark - Lighted,1,Clear,0,No Additional Atmospheric Conditions,1,Clear,0,No,0000000,Not Applicable,21,9:00pm-9:59pm,18,18,21,9:00pm-9:59pm,24,24,21,9:00pm-9:59pm,40,40,0,None,0,None,0,None,1,0
2019,9,90111,Connecticut,1,1,0,0,0,1,1,11,NEW LONDON (11),140,COLCHESTER,15,15,8,August,2019,5,Thursday,14,2:00pm-2:59pm,44,44,0,This section IS NOT on the NHS,1,Rural,5,Major Collector,1,State Highway Agency,3,State Highway,SR-85,,156,156,41.53253611,41.53253611,-72.298125000,-72.298125000,0,No Special Jurisdiction,39,Wall,0,The First Harmful Event was Not a Collision with a Motor Vehicle in Transport,0,No,1,Non-Junction,1,Not an Intersection,0,None,,,4,On Roadside,1,Daylight,1,Clear,0,No Additional Atmospheric Conditions,1,Clear,0,No,0000000,Not Applicable,14,2:00pm-2:59pm,42,42,14,2:00pm-2:59pm,53,53,88,Not Applicable (Not Transported),88,Not Applicable (Not Transported),0,None,0,None,0,None,1,0
2019,9,90112,Connecticut,2,2,0,0,0,2,2,11,NEW LONDON (11),219,FLANDERS,28,28,7,July,2019,1,Sunday,16,4:00pm-4:59pm,45,45,0,This section IS NOT on the NHS,2,Urban,4,Minor Arterial,1,State Highway Agency,2,U.S. Highway,US-1,,889,889,41.34443611,41.34443611,-72.261155560,-72.261155560,0,No Special Jurisdiction,12,Motor Vehicle In-Transport,6,Angle,0,No,8,Driveway Access Related,1,Not an Intersection,0,None,,,1,On Roadway,1,Daylight,1,Clear,0,No Additional Atmospheric Conditions,1,Clear,0,No,0000000,Not Applicable,16,4:00pm-4:59pm,46,46,16,4:00pm-4:59pm,54,54,17,5:00pm-5:59pm,52,52,0,None,0,None,0,None,1,2
2019,9,90113,Connecticut,2,2,0,0,0,3,3,3,HARTFORD (3),214,EAST GRANBY,16,16,8,August,2019,6,Friday,5,5:00am-5:59am,46,46,0,This section IS NOT on the NHS,2,Urban,4,Minor Arterial,1,State Highway Agency,3,State Highway,SR-20,SCHOOL ST,260,260,41.93947222,41.93947222,-72.719261110,-72.719261110,0,No Special Jurisdiction,12,Motor Vehicle In-Transport,2,Front-to-Front,0,No,3,Intersection-Related,3,T-Intersection,0,None,,,1,On Roadway,4,Dawn,1,Clear,0,No Additional Atmospheric Conditions,1,Clear,0,No,0000000,Not Applicable,5,5:00am-5:59am,43,43,5,5:00am-5:59am,48,48,6,6:00am-6:59am,40,40,0,None,0,None,0,None,1,0
2019,9,90114,Connecticut,3,3,0,0,0,4,4,11,NEW LONDON (11),140,COLCHESTER,5,5,6,June,2019,4,Wednesday,21,9:00pm-9:59pm,12,12,0,This section IS NOT on the NHS,2,Urban,4,Minor Arterial,1,State Highway Agency,3,State Highway,SR-16,SILVER MEADOW DR,109,109,41.56522778,41.56522778,-72.350425000,-72.350425000,0,No Special Jurisdiction,12,Motor Vehicle In-Transport,6,Angle,0,No,2,Intersection,3,T-Intersection,0,None,,,1,On Roadway,2,Dark - Not Lighted,1,Clear,0,No Additional Atmospheric Conditions,1,Clear,0,No,0000000,Not Applicable,21,9:00pm-9:59pm,10,10,21,9:00pm-9:59pm,15,15,22,10:00pm-10:59pm,0,0,0,None,0,None,0,None,1,1
2019,9,90115,Connecticut,2,2,0,0,0,5,5,3,HARTFORD (3),280,HARTFORD,9,9,6,June,2019,1,Sunday,1,1:00am-1:59am,28,28,1,This section IS ON the NHS,2,Urban,3,Principal Arterial - Other,4,City or Municipal Highway Agency,6,Local Street - Municipality,MAIN ST NO 1,,6,6,41.78173889,41.78173889,-72.676016670,-72.676016670,0,No Special Jurisdiction,12,Motor Vehicle In-Transport,6,Angle,0,No,1,Non-Junction,1,Not an Intersection,0,None,,,1,On Roadway,3,Dark - Lighted,1,Clear,0,No Additional Atmospheric Conditions,1,Clear,0,No,0000000,Not Applicable,1,1:00am-1:59am,28,28,1,1:00am-1:59am,34,34,1,1:00am-1:59am,48,48,0,None,0,None,0,None,1,2
2019,9,90116,Connecticut,3,3,0,0,0,6,6,9,NEW HAVEN (9),265,GUILFORD,15,15,8,August,2019,5,Thursday,11,11:00am-11:59am,59,59,1,This section IS ON the NHS,2,Urban,3,Principal Arterial - Other,1,State Highway Agency,3,State Highway,SR-80,HOOP POLE RD,102,102,41.35625833,41.35625833,-72.705833330,-72.705833330,0,No Special Jurisdiction,12,Motor Vehicle In-Transport,6,Angle,0,No,2,Intersection,3,T-Intersection,0,None,,,1,On Roadway,1,Daylight,1,Clear,0,No Additional Atmospheric Conditions,1,Clear,0,No,0000000,Not Applicable,11,11:00am-11:59am,57,57,12,12:00pm-12:59pm,3,3,12,12:00pm-12:59pm,33,33,0,None,0,None,0,None,1,0
2019,9,90117,Connecticut,1,1,0,1,1,1,1,9,NEW HAVEN (9),810,WATERBURY,11,11,1,January,2019,6,Friday,16,4:00pm-4:59pm,27,27,0,This section IS NOT on the NHS,2,Urban,4,Minor Arterial,1,State Highway Agency,3,State Highway,SR-844,,26,26,41.55488611,41.55488611,-72.960708330,-72.960708330,0,No Special Jurisdiction,8,Pedestrian,0,The First Harmful Event was Not a Collision with a Motor Vehicle in Transport,0,No,1,Non-Junction,1,Not an Intersection,0,None,,,1,On Roadway,1,Daylight,1,Clear,0,No Additional Atmospheric Conditions,1,Clear,0,No,0000000,Not Applicable,16,4:00pm-4:59pm,28,28,16,4:00pm-4:59pm,34,34,16,4:00pm-4:59pm,46,46,0,None,0,None,0,None,1,0
2019,9,90118,Connecticut,2,2,0,0,0,2,2,11,NEW LONDON (11),244,FRANKLIN,28,28,6,June,2019,6,Friday,15,3:00pm-3:59pm,46,46,1,This section IS ON the NHS,1,Rural,3,Principal Arterial - Other,1,State Highway Agency,3,State Highway,SR-32,,207,207,41.61736389,41.61736389,-72.147505560,-72.147505560,0,No Special Jurisdiction,12,Motor Vehicle In-Transport,6,Angle,0,No,8,Driveway Access Related,1,Not an Intersection,0,None,,,1,On Roadway,1,Daylight,1,Clear,0,No Additional Atmospheric Conditions,1,Clear,0,No,0000000,Not Applicable,15,3:00pm-3:59pm,27,27,15,3:00pm-3:59pm,43,43,99,Unknown,99,Unknown EMS Hospital Arrival Time,0,None,0,None,0,None,1,0
2019,9,90119,Connecticut,1,1,0,0,0,2,2,11,NEW LONDON (11),520,NORWICH,19,19,8,August,2019,2,Monday,12,12:00pm-12:59pm,19,19,1,This section IS ON the NHS,2,Urban,1,Interstate,1,State Highway Agency,1,Interstate,I-395,,117,117,41.51761667,41.51761667,-72.119658330,-72.119658330,0,No Special Jurisdiction,50,Bridge Overhead Structure,0,The First Harmful Event was Not a Collision with a Motor Vehicle in Transport,1,Yes,18,Through Roadway,1,Not an Intersection,0,None,,,1,On Roadway,1,Daylight,1,Clear,0,No Additional Atmospheric Conditions,1,Clear,0,No,0000000,Not Applicable,12,12:00pm-12:59pm,20,20,12,12:00pm-12:59pm,34,34,88,Not Applicable (Not Transported),88,Not Applicable (Not Transported),0,None,0,None,0,None,1,0
2019,9,90120,Connecticut,1,1,0,0,0,1,1,15,WINDHAM (15),637,SCOTLAND,26,26,8,August,2019,2,Monday,10,10:00am-10:59am,51,51,0,This section IS NOT on the NHS,1,Rural,5,Major Collector,1,State Highway Agency,3,State Highway,SR-14,,77,77,41.69938333,41.69938333,-72.061950000,-72.061950000,0,No Special Jurisdiction,42,Tree (Standing Only),0,The First Harmful Event was Not a Collision with a Motor Vehicle in Transport,0,No,1,Non-Junction,1,Not an Intersection,0,None,,,4,On Roadside,1,Daylight,1,Clear,0,No Additional Atmospheric Conditions,1,Clear,0,No,0000000,Not Applicable,10,10:00am-10:59am,51,51,11,11:00am-11:59am,4,4,11,11:00am-11:59am,40,40,0,None,0,None,0,None,1,0
2019,9,90121,Connecticut,2,2,0,0,0,6,6,1,FAIRFIELD (1),227,EASTON,14,14,7,July,2019,1,Sunday,17,5:00pm-5:59pm,35,35,0,This section IS NOT on the NHS,1,Rural,5,Major Collector,1,State Highway Agency,3,State Highway,SR-59,,115,115,41.31788611,41.31788611,-73.274588890,-73.274588890,0,No Special Jurisdiction,12,Motor Vehicle In-Transport,2,Front-to-Front,0,No,1,Non-Junction,1,Not an Intersection,0,None,,,1,On Roadway,1,Daylight,1,Clear,0,No Additional Atmospheric Conditions,1,Clear,0,No,0000000,Not Applicable,17,5:00pm-5:59pm,36,36,18,6:00pm-6:59pm,4,4,18,6:00pm-6:59pm,34,34,0,None,0,None,0,None,1,1
2019,9,90122,Connecticut,1,1,0,0,0,1,1,15,WINDHAM (15),749,THOMPSON,14,14,8,August,2019,4,Wednesday,19,7:00pm-7:59pm,27,27,0,This section IS NOT on the NHS,2,Urban,7,Local,4,City or Municipal Highway Agency,6,Local Street - Municipality,RED BRIDGE RD,REARDON RD,11,11,41.97972222,41.97972222,-71.902755560,-71.902755560,0,No Special Jurisdiction,5,Fell/Jumped from Vehicle,0,The First Harmful Event was Not a Collision with a Motor Vehicle in Transport,0,No,3,Intersection-Related,3,T-Intersection,0,None,,,1,On Roadway,1,Daylight,1,Clear,0,No Additional Atmospheric Conditions,1,Clear,0,No,0000000,Not Applicable,19,7:00pm-7:59pm,27,27,19,7:00pm-7:59pm,35,35,99,Unknown,99,Unknown EMS Hospital Arrival Time,0,None,0,None,0,None,1,0
2019,9,90123,Connecticut,1,1,0,0,0,1,1,15,WINDHAM (15),215,EASTFORD,31,31,8,August,2019,7,Saturday,22,10:00pm-10:59pm,39,39,0,This section IS NOT on the NHS,1,Rural,5,Major Collector,1,State Highway Agency,3,State Highway,SR-244,,2,2,41.88797778,41.88797778,-72.076797220,-72.076797220,0,No Special Jurisdiction,59,Traffic Sign Support,0,The First Harmful Event was Not a Collision with a Motor Vehicle in Transport,0,No,1,Non-Junction,1,Not an Intersection,0,None,,,4,On Roadside,2,Dark - Not Lighted,1,Clear,0,No Additional Atmospheric Conditions,1,Clear,0,No,0000000,Not Applicable,22,10:00pm-10:59pm,39,39,23,11:00pm-11:59pm,7,7,23,11:00pm-11:59pm,25,25,0,None,0,None,0,None,1,1
2019,9,90124,Connecticut,1,1,0,2,2,2,2,9,NEW HAVEN (9),430,NEW HAVEN,23,23,8,August,2019,6,Friday,23,11:00pm-11:59pm,3,3,0,This section IS NOT on the NHS,2,Urban,4,Minor Arterial,4,City or Municipal Highway Agency,6,Local Street - Municipality,GRAND AVE,BLATCHLEY AVE,7,7,41.30868611,41.30868611,-72.899277780,-72.899277780,0,No Special Jurisdiction,8,Pedestrian,0,The First Harmful Event was Not a Collision with a Motor Vehicle in Transport,0,No,3,Intersection-Related,2,Four-Way Intersection,0,None,,,4,On Roadside,3,Dark - Lighted,1,Clear,0,No Additional Atmospheric Conditions,1,Clear,0,No,0000000,Not Applicable,99,Unknown,99,Unknown,99,Unknown EMS Scene Arrival Hour,99,Unknown EMS Scene Arrival Minutes,99,Unknown,99,Unknown EMS Hospital Arrival Time,99,Reported as Unknown,99,Reported as Unknown,99,Reported as Unknown,2,0
2019,9,90126,Connecticut,2,2,0,0,0,2,2,3,HARTFORD (3),718,SUFFIELD,29,29,8,August,2019,5,Thursday,15,3:00pm-3:59pm,58,58,0,This section IS NOT on the NHS,2,Urban,5,Major Collector,1,State Highway Agency,3,State Highway,SR-168,,1,1,42.02013333,42.02013333,-72.764519440,-72.764519440,0,No Special Jurisdiction,12,Motor Vehicle In-Transport,6,Angle,0,No,1,Non-Junction,1,Not an Intersection,0,None,,,1,On Roadway,1,Daylight,1,Clear,0,No Additional Atmospheric Conditions,1,Clear,0,No,0000000,Not Applicable,16,4:00pm-4:59pm,0,0,16,4:00pm-4:59pm,10,10,88,Not Applicable (Not Transported),88,Not Applicable (Not Transported),0,None,0,None,0,None,1,1
2019,9,90127,Connecticut,1,1,0,1,1,4,4,3,HARTFORD (3),280,HARTFORD,5,5,8,August,2019,2,Monday,11,11:00am-11:59am,58,58,0,This section IS NOT on the NHS,2,Urban,5,Major Collector,4,City or Municipal Highway Agency,6,Local Street - Municipality,HILLSIDE AVE,,9,9,41.73965278,41.73965278,-72.697366670,-72.697366670,0,No Special Jurisdiction,8,Pedestrian,0,The First Harmful Event was Not a Collision with a Motor Vehicle in Transport,0,No,1,Non-Junction,1,Not an Intersection,0,None,,,1,On Roadway,1,Daylight,1,Clear,0,No Additional Atmospheric Conditions,1,Clear,0,No,0000000,Not Applicable,11,11:00am-11:59am,58,58,12,12:00pm-12:59pm,6,6,12,12:00pm-12:59pm,20,20,0,None,0,None,0,None,1,0
2019,9,90128,Connecticut,2,2,0,0,0,5,5,9,NEW HAVEN (9),385,MILFORD,25,25,6,June,2019,3,Tuesday,0,0:00am-0:59am,2,2,0,This section IS NOT on the NHS,2,Urban,3,Principal Arterial - Other,1,State Highway Agency,2,U.S. Highway,US-1,SR-162,373,373,41.21318056,41.21318056,-73.077652780,-73.077652780,0,No Special Jurisdiction,12,Motor Vehicle In-Transport,6,Angle,0,No,2,Intersection,7,"Five Point, or More",0,None,,,1,On Roadway,3,Dark - Lighted,1,Clear,0,No Additional Atmospheric Conditions,1,Clear,0,No,0000000,Not Applicable,0,0:00am-0:59am,2,2,0,0:00am-0:59am,5,5,88,Not Applicable (Not Transported),88,Not Applicable (Not Transported),0,None,0,None,0,None,1,1
2019,9,90129,Connecticut,2,2,0,0,0,2,2,9,NEW HAVEN (9),430,NEW HAVEN,7,7,9,September,2019,7,Saturday,17,5:00pm-5:59pm,29,29,0,This section IS NOT on the NHS,2,Urban,4,Minor Arterial,4,City or Municipal Highway Agency,6,Local Street - Municipality,WINTHROP AV NO 1,,3,3,41.30385833,41.30385833,-72.945402780,-72.945402780,0,No Special Jurisdiction,12,Motor Vehicle In-Transport,6,Angle,0,No,1,Non-Junction,1,Not an Intersection,0,None,,,1,On Roadway,1,Daylight,1,Clear,0,No Additional Atmospheric Conditions,1,Clear,0,No,0000000,Not Applicable,17,5:00pm-5:59pm,32,32,17,5:00pm-5:59pm,37,37,18,6:00pm-6:59pm,3,3,0,None,0,None,0,None,1,1
2019,9,90130,Connecticut,2,1,1,0,0,3,3,9,NEW HAVEN (9),810,WATERBURY,8,8,5,May,2019,4,Wednesday,20,8:00pm-8:59pm,11,11,0,This section IS NOT on the NHS,2,Urban,7,Local,4,City or Municipal Highway Agency,6,Local Street - Municipality,BERKELEY AV,,1,1,41.56116389,41.56116389,-73.017827780,-73.017827780,0,No Special Jurisdiction,14,Parked Motor Vehicle,0,The First Harmful Event was Not a Collision with a Motor Vehicle in Transport,0,No,1,Non-Junction,1,Not an Intersection,0,None,,,4,On Roadside,5,Dusk,1,Clear,0,No Additional Atmospheric Conditions,1,Clear,0,No,0000000,Not Applicable,20,8:00pm-8:59pm,11,11,20,8:00pm-8:59pm,11,11,99,Unknown,99,Unknown EMS Hospital Arrival Time,0,None,0,None,0,None,1,0
2019,9,90131,Connecticut,1,1,0,0,0,1,1,3,HARTFORD (3),280,HARTFORD,3,3,9,September,2019,3,Tuesday,20,8:00pm-8:59pm,2,2,0,This section IS NOT on the NHS,2,Urban,7,Local,4,City or Municipal Highway Agency,6,Local Street - Municipality,WESTON ST,,12,12,41.79805833,41.79805833,-72.656952780,-72.656952780,0,No Special Jurisdiction,33,Curb,0,The First Harmful Event was Not a Collision with a Motor Vehicle in Transport,0,No,1,Non-Junction,1,Not an Intersection,0,None,,,4,On Roadside,3,Dark - Lighted,1,Clear,0,No Additional Atmospheric Conditions,1,Clear,0,No,0000000,Not Applicable,20,8:00pm-8:59pm,8,8,20,8:00pm-8:59pm,16,16,88,Not Applicable (Not Transported),88,Not Applicable (Not Transported),0,None,0,None,0,None,1,1
2019,9,90132,Connecticut,1,1,0,0,0,1,1,11,NEW LONDON (11),339,LEDYARD,1,1,7,July,2019,2,Monday,13,1:00pm-1:59pm,57,57,0,This section IS NOT on the NHS,2,Urban,7,Local,4,City or Municipal Highway Agency,6,Local Street - Municipality,AVERY HILL RD,,11,11,41.46490833,41.46490833,-72.042611110,-72.042611110,0,No Special Jurisdiction,35,Embankment,0,The First Harmful Event was Not a Collision with a Motor Vehicle in Transport,0,No,1,Non-Junction,1,Not an Intersection,0,None,,,4,On Roadside,1,Daylight,1,Clear,0,No Additional Atmospheric Conditions,1,Clear,0,No,0000000,Not Applicable,13,1:00pm-1:59pm,58,58,14,2:00pm-2:59pm,6,6,14,2:00pm-2:59pm,38,38,0,None,0,None,0,None,1,0
2019,9,90133,Connecticut,1,1,0,0,0,2,2,1,FAIRFIELD (1),636,SANDY HOOK,23,23,6,June,2019,1,Sunday,2,2:00am-2:59am,3,3,0,This section IS NOT on the NHS,2,Urban,3,Principal Arterial - Other,1,State Highway Agency,3,State Highway,SR-34,JORDAN HILL RD,48,48,41.38498611,41.38498611,-73.204544440,-73.204544440,0,No Special Jurisdiction,52,Guardrail End,0,The First Harmful Event was Not a Collision with a Motor Vehicle in Transport,0,No,3,Intersection-Related,3,T-Intersection,0,None,,,4,On Roadside,2,Dark - Not Lighted,1,Clear,0,No Additional Atmospheric Conditions,1,Clear,0,No,0000000,Not Applicable,2,2:00am-2:59am,5,5,2,2:00am-2:59am,15,15,88,Not Applicable (Not Transported),88,Not Applicable (Not Transported),0,None,0,None,0,None,2,1
2019,9,90134,Connecticut,1,1,0,1,1,1,1,3,HARTFORD (3),365,MANCHESTER,4,4,7,July,2019,5,Thursday,9,9:00am-9:59am,32,32,0,This section IS NOT on the NHS,2,Urban,5,Major Collector,4,City or Municipal Highway Agency,6,Local Street - Municipality,BROAD ST,,4,4,41.78398333,41.78398333,-72.535455560,-72.535455560,0,No Special Jurisdiction,8,Pedestrian,0,The First Harmful Event was Not a Collision with a Motor Vehicle in Transport,0,No,1,Non-Junction,1,Not an Intersection,0,None,,,1,On Roadway,1,Daylight,1,Clear,0,No Additional Atmospheric Conditions,1,Clear,0,No,0000000,Not Applicable,9,9:00am-9:59am,32,32,9,9:00am-9:59am,34,34,9,9:00am-9:59am,57,57,21,Within Designated School Zone,0,None,0,None,1,0
2019,9,90135,Connecticut,1,1,0,0,0,1,1,1,FAIRFIELD (1),387,MONROE,18,18,9,September,2019,4,Wednesday,11,11:00am-11:59am,4,4,0,This section IS NOT on the NHS,2,Urban,4,Minor Arterial,1,State Highway Agency,3,State Highway,SR-111,,116,116,41.38700833,41.38700833,-73.188705560,-73.188705560,0,No Special Jurisdiction,21,Bridge Pier or Support,0,The First Harmful Event was Not a Collision with a Motor Vehicle in Transport,0,No,1,Non-Junction,1,Not an Intersection,0,None,,,4,On Roadside,1,Daylight,1,Clear,0,No Additional Atmospheric Conditions,1,Clear,0,No,0000000,Not Applicable,11,11:00am-11:59am,11,11,11,11:00am-11:59am,14,14,12,12:00pm-12:59pm,30,30,0,None,0,None,0,None,1,0