caseyear,state,st_case,statename,ve_total,ve_forms,pvh_invl,peds,pernotmvit,permvit,persons,county,countyname,city,cityname,day,dayname,month,monthname,year,day_week,day_weekname,hour,hourname,minute,minutename,nhs,nhsname,rur_urb,rur_urbname,func_sys,func_sysname,rd_owner,rd_ownername,route,routename,tway_id,tway_id2,milept,mileptname,latitude,latitudename,longitud,longitudname,sp_jur,sp_jurname,harm_ev,harm_evname,man_coll,man_collname,reljct1,reljct1name,reljct2,reljct2name,typ_int,typ_intname,wrk_zone,wrk_zonename,road_fnc,road_fncname,rel_road,rel_roadname,lgt_cond,lgt_condname,weather1,weather1name,weather2,weather2name,weather,weathername,sch_bus,sch_busname,rail,railname,not_hour,not_hourname,not_min,not_minname,arr_hour,arr_hourname,arr_min,arr_minname,hosp_hr,hosp_hrname,hosp_mn,hosp_mnname,cf1,cf1name,cf2,cf2name,cf3,cf3name,fatals,drunk_dr
2020,9,90108,Connecticut,1,1,0,0,0,2,2,1,FAIRFIELD (1),170,DANBURY,5,5,7,July,2020,1,Sunday,19,7:00pm-7:59pm,50,50,0,This section IS NOT on the NHS,2,Urban,7,Local,3,Town or Township Highway Agency,5,Local Street - Township,ROBINHOOD RD,,2,2,41.43565556,41.43565556,-73.513691670,-73.513691670,0,No Special Jurisdiction,5,Fell/Jumped from Vehicle,0,The First Harmful Event was Not a Collision with a Motor Vehicle in Transport,0,No,1,Non-Junction,1,Not an Intersection,0,None,,,1,On Roadway,1,Daylight,,,,,1,Clear,0,No,0000000,Not Applicable,99,Unknown,99,Unknown,99,Unknown EMS Scene Arrival Hour,99,Unknown EMS Scene Arrival Minutes,99,Unknown,99,Unknown EMS Hospital Arrival Time,,,,,,,1,1
2020,9,90109,Connecticut,1,1,0,1,1,1,1,1,FAIRFIELD (1),80,BRIDGEPORT,9,9,7,July,2020,5,Thursday,21,9:00pm-9:59pm,8,8,0,This section IS NOT on the NHS,2,Urban,4,Minor Arterial,1,State Highway Agency,3,State Highway,SR-130,PARK AV,31,31,41.17391667,41.17391667,-73.197880560,-73.197880560,0,No Special Jurisdiction,8,Pedestrian,0,The First Harmful Event was Not a Collision with a Motor Vehicle in Transport,0,No,3,Intersection-Related,2,Four-Way Intersection,0,None,,,1,On Roadway,3,Dark - Lighted,,,,,1,Clear,0,No,0000000,Not Applicable,99,Unknown,99,Unknown,99,Unknown EMS Scene Arrival Hour,99,Unknown EMS Scene Arrival Minutes,99,Unknown,99,Unknown EMS Hospital Arrival Time,,,,,,,1,0
2020,9,90110,Connecticut,2,2,0,1,1,1,1,3,HARTFORD (3),224,EAST WINDSOR (HISTORICAL),20,20,6,June,2020,7,Saturday,4,4:00am-4:59am,22,22,0,This section IS NOT on the NHS,2,Urban,4,Minor Arterial,1,State Highway Agency,3,State Highway,SR-140 BRIDGE ST,I-91 RMP 105,36,36,41.93030556,41.93030556,-72.607816670,-72.607816670,0,No Special Jurisdiction,8,Pedestrian,0,The First Harmful Event was Not a Collision with a Motor Vehicle in Transport,1,Yes,2,Intersection,2,Four-Way Intersection,0,None,,,1,On Roadway,2,Dark - Not Lighted,,,,,1,Clear,0,No,0000000,Not Applicable,99,Unknown,99,Unknown,99,Unknown EMS Scene Arrival Hour,99,Unknown EMS Scene Arrival Minutes,99,Unknown,99,Unknown EMS Hospital Arrival Time,,,,,,,1,0
2020,9,90111,Connecticut,1,1,0,0,0,1,1,9,NEW HAVEN (9),810,WATERBURY,3,3,4,April,2020,6,Friday,20,8:00pm-8:59pm,42,42,0,This section IS NOT on the NHS,2,Urban,4,Minor Arterial,3,Town or Township Highway Agency,5,Local Street - Township,HUNTINGDON AVE,,6,6,41.57961667,41.57961667,-73.053966670,-73.053966670,0,No Special Jurisdiction,42,Tree (Standing Only),0,The First Harmful Event was Not a Collision with a Motor Vehicle in Transport,0,No,1,Non-Junction,1,Not an Intersection,0,None,,,4,On Roadside,2,Dark - Not Lighted,,,,,1,Clear,0,No,0000000,Not Applicable,20,8:00pm-8:59pm,44,44,99,Unknown EMS Scene Arrival Hour,99,Unknown EMS Scene Arrival Minutes,99,Unknown,99,Unknown EMS Hospital Arrival Time,,,,,,,1,1
2020,9,90112,Connecticut,1,1,0,1,1,2,2,1,FAIRFIELD (1),235,FAIRFIELD,4,4,7,July,2020,7,Saturday,19,7:00pm-7:59pm,42,42,0,This section IS NOT on the NHS,2,Urban,5,Major Collector,3,Town or Township Highway Agency,5,Local Street - Township,REDDING RD,,20,20,41.18706667,41.18706667,-73.307461110,-73.307461110,0,No Special Jurisdiction,8,Pedestrian,0,The First Harmful Event was Not a Collision with a Motor Vehicle in Transport,0,No,1,Non-Junction,1,Not an Intersection,0,None,,,2,On Shoulder,1,Daylight,,,,,1,Clear,0,No,0000000,Not Applicable,99,Unknown,99,Unknown,99,Unknown EMS Scene Arrival Hour,99,Unknown EMS Scene Arrival Minutes,99,Unknown,99,Unknown EMS Hospital Arrival Time,,,,,,,1,0
2020,9,90113,Connecticut,1,1,0,1,1,1,1,9,NEW HAVEN (9),430,NEW HAVEN,12,12,7,July,2020,1,Sunday,16,4:00pm-4:59pm,31,31,1,This section IS ON the NHS,2,Urban,3,Principal Arterial - Other,3,Town or Township Highway Agency,5,Local Street - Township,ELM ST NO 2,TEMPLE ST,5,5,41.30876111,41.30876111,-72.925355560,-72.925355560,0,No Special Jurisdiction,8,Pedestrian,0,The First Harmful Event was Not a Collision with a Motor Vehicle in Transport,0,No,3,Intersection-Related,2,Four-Way Intersection,0,None,,,1,On Roadway,1,Daylight,,,,,1,Clear,0,No,0000000,Not Applicable,99,Unknown,99,Unknown,99,Unknown EMS Scene Arrival Hour,99,Unknown EMS Scene Arrival Minutes,99,Unknown,99,Unknown EMS Hospital Arrival Time,,,,,,,1,0
2020,9,90114,Connecticut,3,3,0,0,0,6,6,9,NEW HAVEN (9),495,NORTH BRANFORD,7,7,3,March,2020,7,Saturday,19,7:00pm-7:59pm,56,56,0,This section IS NOT on the NHS,2,Urban,5,Major Collector,3,Town or Township Highway Agency,5,Local Street - Township,TOTOKET RD,,25,25,41.35056667,41.35056667,-72.813880560,-72.813880560,0,No Special Jurisdiction,12,Motor Vehicle In-Transport,2,Front-to-Front,0,No,1,Non-Junction,1,Not an Intersection,0,None,,,1,On Roadway,2,Dark - Not Lighted,,,,,1,Clear,0,No,0000000,Not Applicable,99,Unknown,99,Unknown,99,Unknown EMS Scene Arrival Hour,99,Unknown EMS Scene Arrival Minutes,99,Unknown,99,Unknown EMS Hospital Arrival Time,,,,,,,1,1
2020,9,90115,Connecticut,4,2,2,0,3,4,7,1,FAIRFIELD (1),256,GREENWICH,27,27,6,June,2020,7,Saturday,2,2:00am-2:59am,49,49,1,This section IS ON the NHS,2,Urban,1,Interstate,1,State Highway Agency,1,Interstate,"I-95 ",,18,18,41.01510833,41.01510833,-73.638636110,-73.638636110,0,No Special Jurisdiction,12,Motor Vehicle In-Transport,1,Front-to-Rear,1,Yes,18,Through Roadway,1,Not an Intersection,0,None,,,1,On Roadway,3,Dark - Lighted,,,,,1,Clear,0,No,0000000,Not Applicable,2,2:00am-2:59am,49,49,2,2:00am-2:59am,53,53,99,Unknown,99,Unknown EMS Hospital Arrival Time,,,,,,,1,1
2020,9,90116,Connecticut,1,1,0,0,0,1,1,1,FAIRFIELD (1),256,GREENWICH,6,6,2,February,2020,5,Thursday,22,10:00pm-10:59pm,18,18,1,This section IS ON the NHS,2,Urban,3,Principal Arterial - Other,1,State Highway Agency,2,U.S. Highway,US-1,,35,35,41.13905556,41.13905556,-73.365622220,-73.365622220,0,No Special Jurisdiction,33,Curb,0,The First Harmful Event was Not a Collision with a Motor Vehicle in Transport,0,No,1,Non-Junction,1,Not an Intersection,0,None,,,4,On Roadside,3,Dark - Lighted,,,,,2,Rain,0,No,0000000,Not Applicable,22,10:00pm-10:59pm,19,19,22,10:00pm-10:59pm,99,Unknown EMS Scene Arrival Minutes,22,10:00pm-10:59pm,41,41,,,,,,,1,0
2020,9,90117,Connecticut,1,1,0,0,0,1,1,5,LITCHFIELD (5),817,WATERTOWN,10,10,7,July,2020,6,Friday,15,3:00pm-3:59pm,31,31,1,This section IS ON the NHS,1,Rural,2,Principal Arterial - Other Freeways and Expressways,1,State Highway Agency,3,State Highway,SR-8,,372,372,41.64100278,41.64100278,-73.081241670,-73.081241670,0,No Special Jurisdiction,43,Other Fixed Object,0,The First Harmful Event was Not a Collision with a Motor Vehicle in Transport,0,No,1,Non-Junction,1,Not an Intersection,0,None,,,3,On Median,1,Daylight,,,,,10,Cloudy,0,No,0000000,Not Applicable,99,Unknown,99,Unknown,99,Unknown EMS Scene Arrival Hour,99,Unknown EMS Scene Arrival Minutes,99,Unknown,99,Unknown EMS Hospital Arrival Time,,,,,,,1,0
2020,9,90118,Connecticut,3,3,0,0,0,3,3,11,NEW LONDON (11),539,OLD LYME,14,14,7,July,2020,3,Tuesday,15,3:00pm-3:59pm,54,54,0,This section IS NOT on the NHS,2,Urban,4,Minor Arterial,1,State Highway Agency,2,U.S. Highway,US-1,TOWN WOODS RD,866,866,41.34854167,41.34854167,-72.299216670,-72.299216670,0,No Special Jurisdiction,12,Motor Vehicle In-Transport,6,Angle,0,No,2,Intersection,3,T-Intersection,0,None,,,1,On Roadway,1,Daylight,,,,,1,Clear,0,No,0000000,Not Applicable,15,3:00pm-3:59pm,54,54,16,4:00pm-4:59pm,2,2,16,4:00pm-4:59pm,26,26,,,,,,,1,0
2020,9,90119,Connecticut,1,1,0,0,0,3,3,1,FAIRFIELD (1),700,STAMFORD,22,22,6,June,2020,2,Monday,20,8:00pm-8:59pm,9,9,0,This section IS NOT on the NHS,2,Urban,5,Major Collector,3,Town or Township Highway Agency,5,Local Street - Township,WEST HILL RD,,17,17,41.06639167,41.06639167,-73.566083330,-73.566083330,0,No Special Jurisdiction,33,Curb,0,The First Harmful Event was Not a Collision with a Motor Vehicle in Transport,0,No,1,Non-Junction,1,Not an Intersection,0,None,,,4,On Roadside,3,Dark - Lighted,,,,,1,Clear,0,No,0000000,Not Applicable,20,8:00pm-8:59pm,9,9,20,8:00pm-8:59pm,16,16,99,Unknown,99,Unknown EMS Hospital Arrival Time,,,,,,,1,1
2020,9,90120,Connecticut,1,1,0,0,0,1,1,1,FAIRFIELD (1),832,WESTON,23,23,3,March,2020,2,Monday,16,4:00pm-4:59pm,18,18,0,This section IS NOT on the NHS,1,Rural,7,Local,3,Town or Township Highway Agency,5,Local Street - Township,GOOD HILL RD,,10,10,41.19695833,41.19695833,-73.359272220,-73.359272220,0,No Special Jurisdiction,57,Cable Barrier,0,The First Harmful Event was Not a Collision with a Motor Vehicle in Transport,0,No,1,Non-Junction,1,Not an Intersection,0,None,,,4,On Roadside,5,Dusk,,,,,2,Rain,0,No,0000000,Not Applicable,16,4:00pm-4:59pm,42,42,16,4:00pm-4:59pm,56,56,17,5:00pm-5:59pm,47,47,,,,,,,1,1
2020,9,90121,Connecticut,2,2,0,0,0,2,2,1,FAIRFIELD (1),80,BRIDGEPORT,26,26,6,June,2020,6,Friday,21,9:00pm-9:59pm,3,3,1,This section IS ON the NHS,2,Urban,3,Principal Arterial - Other,1,State Highway Agency,2,U.S. Highway,US-1,PEMBROKE ST,317,317,41.19553611,41.19553611,-73.176541670,-73.176541670,0,No Special Jurisdiction,12,Motor Vehicle In-Transport,6,Angle,0,No,2,Intersection,2,Four-Way Intersection,0,None,,,1,On Roadway,3,Dark - Lighted,,,,,1,Clear,0,No,0000000,Not Applicable,99,Unknown,99,Unknown,99,Unknown EMS Scene Arrival Hour,99,Unknown EMS Scene Arrival Minutes,99,Unknown,99,Unknown EMS Hospital Arrival Time,,,,,,,1,0
2020,9,90122,Connecticut,1,1,0,0,0,1,1,5,LITCHFIELD (5),760,WEST TORRINGTON,30,30,6,June,2020,3,Tuesday,22,10:00pm-10:59pm,54,54,0,This section IS NOT on the NHS,2,Urban,4,Minor Arterial,3,Town or Township Highway Agency,5,Local Street - Township,ALBERT ST,,2,2,41.79514167,41.79514167,-73.123208330,-73.123208330,0,No Special Jurisdiction,33,Curb,0,The First Harmful Event was Not a Collision with a Motor Vehicle in Transport,0,No,1,Non-Junction,1,Not an Intersection,0,None,,,4,On Roadside,6,Dark - Unknown Lighting,,,,,1,Clear,0,No,0000000,Not Applicable,99,Unknown,99,Unknown,99,Unknown EMS Scene Arrival Hour,99,Unknown EMS Scene Arrival Minutes,99,Unknown,99,Unknown EMS Hospital Arrival Time,,,,,,,1,1
2020,9,90123,Connecticut,2,2,0,0,0,2,2,1,FAIRFIELD (1),235,FAIRFIELD,6,6,7,July,2020,2,Monday,7,7:00am-7:59am,28,28,0,This section IS NOT on the NHS,2,Urban,4,Minor Arterial,3,Town or Township Highway Agency,5,Local Street - Township,PARK AVE,VALLEY RD,14,14,41.21215000,41.21215000,-73.231619440,-73.231619440,0,No Special Jurisdiction,12,Motor Vehicle In-Transport,6,Angle,0,No,2,Intersection,3,T-Intersection,0,None,,,1,On Roadway,1,Daylight,,,,,1,Clear,0,No,0000000,Not Applicable,7,7:00am-7:59am,17,17,99,Unknown EMS Scene Arrival Hour,99,Unknown EMS Scene Arrival Minutes,99,Unknown,99,Unknown EMS Hospital Arrival Time,,,,,,,1,0
2020,9,90124,Connecticut,4,3,1,0,1,5,6,7,MIDDLESEX (7),130,CLINTON,18,18,7,July,2020,7,Saturday,15,3:00pm-3:59pm,36,36,0,This section IS NOT on the NHS,2,Urban,3,Principal Arterial - Other,1,State Highway Agency,2,U.S. Highway,US-1,,729,729,41.27255556,41.27255556,-72.506394440,-72.506394440,0,No Special Jurisdiction,12,Motor Vehicle In-Transport,1,Front-to-Rear,0,No,8,Driveway Access Related,1,Not an Intersection,0,None,,,1,On Roadway,1,Daylight,,,,,1,Clear,0,No,0000000,Not Applicable,99,Unknown,99,Unknown,99,Unknown EMS Scene Arrival Hour,99,Unknown EMS Scene Arrival Minutes,99,Unknown,99,Unknown EMS Hospital Arrival Time,,,,,,,1,0
2020,9,90125,Connecticut,2,2,0,0,0,6,6,9,NEW HAVEN (9),790,WALLINGFORD,28,28,7,July,2020,3,Tuesday,19,7:00pm-7:59pm,41,41,1,This section IS ON the NHS,2,Urban,3,Principal Arterial - Other,1,State Highway Agency,3,State Highway,SR-68,"MAIN ST EXT ",143,143,41.48475833,41.48475833,-72.805802780,-72.805802780,0,No Special Jurisdiction,12,Motor Vehicle In-Transport,6,Angle,0,No,2,Intersection,2,Four-Way Intersection,0,None,,,1,On Roadway,1,Daylight,,,,,1,Clear,0,No,0000000,Not Applicable,99,Unknown,99,Unknown,99,Unknown EMS Scene Arrival Hour,99,Unknown EMS Scene Arrival Minutes,99,Unknown,99,Unknown EMS Hospital Arrival Time,,,,,,,1,1
2020,9,90126,Connecticut,2,2,0,0,0,2,2,1,FAIRFIELD (1),235,FAIRFIELD,17,17,7,July,2020,6,Friday,0,0:00am-0:59am,45,45,1,This section IS ON the NHS,2,Urban,1,Interstate,1,State Highway Agency,1,Interstate,"I-95 ",,232,232,41.14000000,41.14000000,-73.286519440,-73.286519440,0,No Special Jurisdiction,12,Motor Vehicle In-Transport,99,Reported as Unknown,0,No,1,Non-Junction,1,Not an Intersection,0,None,,,1,On Roadway,3,Dark - Lighted,,,,,1,Clear,0,No,0000000,Not Applicable,0,0:00am-0:59am,45,45,0,0:00am-0:59am,51,51,88,"Not Applicable (Not Transported) ",88,Not Applicable (Not Transported),,,,,,,1,1
2020,9,90127,Connecticut,1,1,0,0,0,1,1,1,FAIRFIELD (1),715,STRATFORD,26,26,7,July,2020,1,Sunday,0,0:00am-0:59am,50,50,1,This section IS ON the NHS,2,Urban,1,Interstate,1,State Highway Agency,1,Interstate,"I-95 ",,316,316,41.17680833,41.17680833,-73.149747220,-73.149747220,0,No Special Jurisdiction,24,Guardrail Face,0,The First Harmful Event was Not a Collision with a Motor Vehicle in Transport,0,No,1,Non-Junction,1,Not an Intersection,0,None,,,4,On Roadside,3,Dark - Lighted,,,,,1,Clear,0,No,0000000,Not Applicable,0,0:00am-0:59am,50,50,0,0:00am-0:59am,57,57,88,"Not Applicable (Not Transported) ",88,Not Applicable (Not Transported),,,,,,,1,1
2020,9,90128,Connecticut,1,1,0,0,0,1,1,11,NEW LONDON (11),219,FLANDERS,29,29,7,July,2020,4,Wednesday,18,6:00pm-6:59pm,0,0,1,This section IS ON the NHS,2,Urban,1,Interstate,1,State Highway Agency,1,Interstate,I-95,,857,857,41.34391667,41.34391667,-72.230544440,-72.230544440,0,No Special Jurisdiction,24,Guardrail Face,0,The First Harmful Event was Not a Collision with a Motor Vehicle in Transport,1,Yes,5,Entrance/Exit Ramp Related,1,Not an Intersection,0,None,,,8,Gore,1,Daylight,,,,,1,Clear,0,No,0000000,Not Applicable,18,6:00pm-6:59pm,0,0,18,6:00pm-6:59pm,9,9,88,"Not Applicable (Not Transported) ",88,Not Applicable (Not Transported),,,,,,,1,1
2020,9,90129,Connecticut,1,1,0,0,0,1,1,3,HARTFORD (3),435,NEWINGTON,1,1,8,August,2020,7,Saturday,0,0:00am-0:59am,56,56,1,This section IS ON the NHS,2,Urban,2,Principal Arterial - Other Freeways and Expressways,1,State Highway Agency,3,State Highway,SR-9,,391,391,41.70912500,41.70912500,-72.758644440,-72.758644440,0,No Special Jurisdiction,24,Guardrail Face,0,The First Harmful Event was Not a Collision with a Motor Vehicle in Transport,0,No,1,Non-Junction,1,Not an Intersection,0,None,,,4,On Roadside,3,Dark - Lighted,,,,,1,Clear,0,No,0000000,Not Applicable,0,0:00am-0:59am,56,56,1,1:00am-1:59am,1,1,1,1:00am-1:59am,18,18,,,,,,,1,1
2020,9,90130,Connecticut,2,2,0,0,0,4,4,15,WINDHAM (15),104,CANTERBURY,6,6,8,August,2020,5,Thursday,15,3:00pm-3:59pm,13,13,0,This section IS NOT on the NHS,1,Rural,5,Major Collector,1,State Highway Agency,3,State Highway,SR-14,,90,90,41.70821667,41.70821667,-72.040213890,-72.040213890,0,No Special Jurisdiction,12,Motor Vehicle In-Transport,6,Angle,0,No,1,Non-Junction,1,Not an Intersection,0,None,,,1,On Roadway,1,Daylight,,,,,1,Clear,0,No,0000000,Not Applicable,15,3:00pm-3:59pm,13,13,15,3:00pm-3:59pm,31,31,15,3:00pm-3:59pm,56,56,,,,,,,1,1
2020,9,90131,Connecticut,1,1,0,0,0,2,2,15,WINDHAM (15),820,WAUREGAN,5,5,6,June,2020,6,Friday,22,10:00pm-10:59pm,39,39,0,This section IS NOT on the NHS,1,Rural,6,Minor Collector,3,Town or Township Highway Agency,5,Local Street - Township,GREEN HOLLOW RD,,18,18,41.74284722,41.74284722,-71.886480560,-71.886480560,0,No Special Jurisdiction,42,Tree (Standing Only),0,The First Harmful Event was Not a Collision with a Motor Vehicle in Transport,0,No,1,Non-Junction,1,Not an Intersection,0,None,,,4,On Roadside,2,Dark - Not Lighted,,,,,10,Cloudy,0,No,0000000,Not Applicable,22,10:00pm-10:59pm,40,40,22,10:00pm-10:59pm,44,44,99,Unknown,99,Unknown EMS Hospital Arrival Time,,,,,,,1,1
2020,9,90132,Connecticut,2,2,0,0,0,2,2,5,LITCHFIELD (5),817,WATERTOWN,5,5,8,August,2020,4,Wednesday,99,Unknown Hours,99,Unknown Minutes,1,This section IS ON the NHS,2,Urban,2,Principal Arterial - Other Freeways and Expressways,1,State Highway Agency,3,State Highway,"SR-8 ",,330,330,41.58880556,41.58880556,-73.058530560,-73.058530560,0,No Special Jurisdiction,12,Motor Vehicle In-Transport,2,Front-to-Front,1,Yes,18,Through Roadway,1,Not an Intersection,0,None,,,1,On Roadway,2,Dark - Not Lighted,,,,,1,Clear,0,No,0000000,Not Applicable,22,10:00pm-10:59pm,6,6,22,10:00pm-10:59pm,11,11,22,10:00pm-10:59pm,28,28,,,,,,,2,1
2020,9,90133,Connecticut,1,1,0,0,0,1,1,11,NEW LONDON (11),338,LEBANON,7,7,8,August,2020,6,Friday,12,12:00pm-12:59pm,50,50,1,This section IS ON the NHS,1,Rural,2,Principal Arterial - Other Freeways and Expressways,1,State Highway Agency,3,State Highway,SR-2,,297,297,41.56704444,41.56704444,-72.231680560,-72.231680560,0,No Special Jurisdiction,23,Bridge Rail (Includes parapet),0,The First Harmful Event was Not a Collision with a Motor Vehicle in Transport,0,No,1,Non-Junction,1,Not an Intersection,0,None,,,3,On Median,1,Daylight,,,,,1,Clear,0,No,0000000,Not Applicable,12,12:00pm-12:59pm,50,50,13,1:00pm-1:59pm,4,4,88,"Not Applicable (Not Transported) ",88,Not Applicable (Not Transported),,,,,,,1,0
2020,9,90134,Connecticut,1,1,0,0,0,1,1,9,NEW HAVEN (9),640,SEYMOUR,31,31,7,July,2020,6,Friday,14,2:00pm-2:59pm,35,35,0,This section IS NOT on the NHS,2,Urban,5,Major Collector,3,Town or Township Highway Agency,5,Local Street - Township,CLINTON RD,,2,2,41.36307778,41.36307778,-73.063308330,-73.063308330,0,No Special Jurisdiction,17,Boulder,0,The First Harmful Event was Not a Collision with a Motor Vehicle in Transport,0,No,1,Non-Junction,1,Not an Intersection,0,None,,,4,On Roadside,1,Daylight,,,,,1,Clear,0,No,0000000,Not Applicable,99,Unknown,99,Unknown,99,Unknown EMS Scene Arrival Hour,99,Unknown EMS Scene Arrival Minutes,88,"Not Applicable (Not Transported) ",88,Not Applicable (Not Transported),,,,,,,1,0
2020,9,90135,Connecticut,1,1,0,0,0,1,1,1,FAIRFIELD (1),715,STRATFORD,2,2,8,August,2020,1,Sunday,99,Unknown Hours,99,Unknown Minutes,1,This section IS ON the NHS,2,Urban,3,Principal Arterial - Other,1,State Highway Agency,2,U.S. Highway,US-1,,348,348,41.19890278,41.19890278,-73.119758330,-73.119758330,0,No Special Jurisdiction,33,Curb,0,The First Harmful Event was Not a Collision with a Motor Vehicle in Transport,0,No,1,Non-Junction,1,Not an Intersection,0,None,,,4,On Roadside,3,Dark - Lighted,,,,,1,Clear,0,No,0000000,Not Applicable,22,10:00pm-10:59pm,21,21,22,10:00pm-10:59pm,26,26,22,10:00pm-10:59pm,41,41,,,,,,,1,1
2020,9,90136,Connecticut,1,1,0,0,0,1,1,1,FAIRFIELD (1),835,WESTPORT,7,7,8,August,2020,6,Friday,18,6:00pm-6:59pm,52,52,1,This section IS ON the NHS,2,Urban,1,Interstate,1,State Highway Agency,1,Interstate,I-95,,205,205,41.12192222,41.12192222,-73.329758330,-73.329758330,0,No Special Jurisdiction,35,Embankment,0,The First Harmful Event was Not a Collision with a Motor Vehicle in Transport,1,Yes,5,Entrance/Exit Ramp Related,1,Not an Intersection,0,None,,,3,On Median,1,Daylight,,,,,1,Clear,0,No,0000000,Not Applicable,18,6:00pm-6:59pm,52,52,18,6:00pm-6:59pm,56,56,19,7:00pm-7:59pm,22,22,,,,,,,1,1
2020,9,90137,Connecticut,2,2,0,0,0,2,2,11,NEW LONDON (11),520,NORWICH,19,19,8,August,2020,4,Wednesday,18,6:00pm-6:59pm,18,18,0,This section IS NOT on the NHS,2,Urban,4,Minor Arterial,1,State Highway Agency,3,State Highway,SR-12,SECOND ST,134,134,41.53181944,41.53181944,-72.056483330,-72.056483330,0,No Special Jurisdiction,12,Motor Vehicle In-Transport,6,Angle,0,No,2,Intersection,3,T-Intersection,0,None,,,1,On Roadway,1,Daylight,,,,,1,Clear,0,No,0000000,Not Applicable,18,6:00pm-6:59pm,18,18,18,6:00pm-6:59pm,24,24,18,6:00pm-6:59pm,48,48,,,,,,,1,0
2020,9,90138,Connecticut,1,1,0,1,1,1,1,3,HARTFORD (3),225,EAST HARTFORD,12,12,8,August,2020,4,Wednesday,22,10:00pm-10:59pm,53,53,0,This section IS NOT on the NHS,2,Urban,4,Minor Arterial,1,State Highway Agency,2,U.S. Highway,US-44,,567,567,41.77816389,41.77816389,-72.617369440,-72.617369440,0,No Special Jurisdiction,8,Pedestrian,0,The First Harmful Event was Not a Collision with a Motor Vehicle in Transport,0,No,1,Non-Junction,1,Not an Intersection,0,None,,,1,On Roadway,3,Dark - Lighted,,,,,1,Clear,0,No,0000000,Not Applicable,99,Unknown,99,Unknown,99,Unknown EMS Scene Arrival Hour,99,Unknown EMS Scene Arrival Minutes,99,Unknown,99,Unknown EMS Hospital Arrival Time,,,,,,,1,1
2020,9,90139,Connecticut,1,1,0,0,0,1,1,1,FAIRFIELD (1),610,RIDGEFIELD,1,1,8,August,2020,7,Saturday,11,11:00am-11:59am,4,4,1,This section IS ON the NHS,2,Urban,3,Principal Arterial - Other,1,State Highway Agency,3,State Highway,SR-35 N,,8,8,41.26599444,41.26599444,-73.512183330,-73.512183330,0,No Special Jurisdiction,59,"Traffic Sign Support ",0,The First Harmful Event was Not a Collision with a Motor Vehicle in Transport,0,No,1,Non-Junction,1,Not an Intersection,0,None,,,4,On Roadside,1,Daylight,,,,,1,Clear,0,No,0000000,Not Applicable,11,11:00am-11:59am,99,Unknown,11,11:00am-11:59am,99,Unknown EMS Scene Arrival Minutes,11,11:00am-11:59am,99,Unknown EMS Hospital Arrival Time,,,,,,,1,0
2020,9,90140,Connecticut,2,2,0,0,0,3,3,5,LITCHFIELD (5),760,WEST TORRINGTON,27,27,8,August,2020,5,Thursday,13,1:00pm-1:59pm,59,59,1,This section IS ON the NHS,2,Urban,3,Principal Arterial - Other,1,State Highway Agency,2,U.S. Highway,US-202 N,,419,419,41.78527778,41.78527778,-73.149650000,-73.149650000,0,No Special Jurisdiction,12,Motor Vehicle In-Transport,6,Angle,0,No,1,Non-Junction,1,Not an Intersection,0,None,,,4,On Roadside,1,Daylight,,,,,1,Clear,0,No,0000000,Not Applicable,99,Unknown,99,Unknown,99,Unknown EMS Scene Arrival Hour,99,Unknown EMS Scene Arrival Minutes,99,Unknown,99,Unknown EMS Hospital Arrival Time,,,,,,,1,0
2020,9,90141,Connecticut,1,1,0,0,0,1,1,13,TOLLAND (13),663,SOMERS,22,22,8,August,2020,7,Saturday,2,2:00am-2:59am,44,44,0,This section IS NOT on the NHS,2,Urban,5,Major Collector,3,Town or Township Highway Agency,5,Local Street - Township,FOUR BRIDGES RD,,5,5,42.00470278,42.00470278,-72.478941670,-72.478941670,0,No Special Jurisdiction,53,Mail Box,0,The First Harmful Event was Not a Collision with a Motor Vehicle in Transport,0,No,1,Non-Junction,1,Not an Intersection,0,None,,,4,On Roadside,2,Dark - Not Lighted,,,,,1,Clear,0,No,0000000,Not Applicable,2,2:00am-2:59am,44,44,2,2:00am-2:59am,57,57,3,3:00am-3:59am,19,19,,,,,,,1,1
2020,9,90142,Connecticut,1,1,0,1,1,2,2,9,NEW HAVEN (9),430,NEW HAVEN,31,31,8,August,2020,2,Monday,20,8:00pm-8:59pm,24,24,0,This section IS NOT on the NHS,2,Urban,3,Principal Arterial - Other,1,State Highway Agency,3,State Highway,SR-10,US-1,15,15,41.29746944,41.29746944,-72.948997220,-72.948997220,0,No Special Jurisdiction,8,Pedestrian,0,The First Harmful Event was Not a Collision with a Motor Vehicle in Transport,0,No,2,Intersection,2,Four-Way Intersection,0,None,,,1,On Roadway,3,Dark - Lighted,,,,,1,Clear,0,No,0000000,Not Applicable,99,Unknown,99,Unknown,99,Unknown EMS Scene Arrival Hour,99,Unknown EMS Scene Arrival Minutes,88,"Not Applicable (Not Transported) ",88,Not Applicable (Not Transported),,,,,,,1,1