caseyear,state,st_case,statename,ve_total,ve_forms,pvh_invl,peds,pernotmvit,permvit,persons,county,countyname,city,cityname,day,dayname,month,monthname,year,day_week,day_weekname,hour,hourname,minute,minutename,nhs,nhsname,rur_urb,rur_urbname,func_sys,func_sysname,rd_owner,rd_ownername,route,routename,tway_id,tway_id2,milept,mileptname,latitude,latitudename,longitud,longitudname,sp_jur,sp_jurname,harm_ev,harm_evname,man_coll,man_collname,reljct1,reljct1name,reljct2,reljct2name,typ_int,typ_intname,wrk_zone,wrk_zonename,road_fnc,road_fncname,rel_road,rel_roadname,lgt_cond,lgt_condname,weather1,weather1name,weather2,weather2name,weather,weathername,sch_bus,sch_busname,rail,railname,not_hour,not_hourname,not_min,not_minname,arr_hour,arr_hourname,arr_min,arr_minname,hosp_hr,hosp_hrname,hosp_mn,hosp_mnname,cf1,cf1name,cf2,cf2name,cf3,cf3name,fatals,drunk_dr
2020,9,90143,Connecticut,1,1,0,1,1,1,1,1,FAIRFIELD (1),510,NORWALK,16,16,8,August,2020,1,Sunday,21,9:00pm-9:59pm,17,17,1,This section IS ON the NHS,2,Urban,1,Interstate,1,State Highway Agency,1,Interstate,I-95,,161,161,41.10780000,41.10780000,-73.408875000,-73.408875000,0,No Special Jurisdiction,8,Pedestrian,0,The First Harmful Event was Not a Collision with a Motor Vehicle in Transport,1,Yes,18,Through Roadway,1,Not an Intersection,0,None,,,1,On Roadway,3,Dark - Lighted,,,,,1,Clear,0,No,0000000,Not Applicable,21,9:00pm-9:59pm,17,17,21,9:00pm-9:59pm,22,22,88,"Not Applicable (Not Transported) ",88,Not Applicable (Not Transported),,,,,,,1,0
2020,9,90144,Connecticut,2,2,0,0,0,2,2,9,NEW HAVEN (9),222,EAST HAVEN,18,18,7,July,2020,7,Saturday,11,11:00am-11:59am,33,33,0,This section IS NOT on the NHS,2,Urban,4,Minor Arterial,1,State Highway Agency,3,State Highway,SR-142,TYLER ST,5,5,41.27288889,41.27288889,-72.870100000,-72.870100000,0,No Special Jurisdiction,12,Motor Vehicle In-Transport,6,Angle,0,No,2,Intersection,3,T-Intersection,0,None,,,1,On Roadway,1,Daylight,,,,,1,Clear,0,No,0000000,Not Applicable,99,Unknown,99,Unknown,99,Unknown EMS Scene Arrival Hour,99,Unknown EMS Scene Arrival Minutes,99,Unknown,99,Unknown EMS Hospital Arrival Time,,,,,,,1,0
2020,9,90145,Connecticut,1,1,0,0,0,1,1,7,MIDDLESEX (7),380,MIDDLETOWN,23,23,8,August,2020,1,Sunday,23,11:00pm-11:59pm,56,56,1,This section IS ON the NHS,2,Urban,1,Interstate,1,State Highway Agency,1,Interstate,I-91,,234,234,41.57082500,41.57082500,-72.723416670,-72.723416670,0,No Special Jurisdiction,35,Embankment,0,The First Harmful Event was Not a Collision with a Motor Vehicle in Transport,1,Yes,19,Other location within Interchange Area,1,Not an Intersection,0,None,,,4,On Roadside,2,Dark - Not Lighted,,,,,1,Clear,0,No,0000000,Not Applicable,23,11:00pm-11:59pm,56,56,0,0:00am-0:59am,1,1,88,"Not Applicable (Not Transported) ",88,Not Applicable (Not Transported),,,,,,,1,1
2020,9,90146,Connecticut,1,1,0,0,0,1,1,13,TOLLAND (13),756,TOLLAND,7,7,9,September,2020,2,Monday,15,3:00pm-3:59pm,6,6,0,This section IS NOT on the NHS,2,Urban,4,Minor Arterial,1,State Highway Agency,3,State Highway,SR-74,,105,105,41.87785000,41.87785000,-72.380316670,-72.380316670,0,No Special Jurisdiction,24,Guardrail Face,0,The First Harmful Event was Not a Collision with a Motor Vehicle in Transport,0,No,1,Non-Junction,1,Not an Intersection,0,None,,,4,On Roadside,1,Daylight,,,,,1,Clear,0,No,0000000,Not Applicable,15,3:00pm-3:59pm,6,6,15,3:00pm-3:59pm,16,16,15,3:00pm-3:59pm,36,36,,,,,,,1,0
2020,9,90147,Connecticut,2,2,0,0,0,3,3,3,HARTFORD (3),680,SOUTHINGTON,1,1,2,February,2020,7,Saturday,1,1:00am-1:59am,27,27,0,This section IS NOT on the NHS,2,Urban,4,Minor Arterial,1,State Highway Agency,3,State Highway,SR-322,,95,95,41.55666111,41.55666111,-72.850600000,-72.850600000,0,No Special Jurisdiction,12,Motor Vehicle In-Transport,8,Sideswipe - Opposite Direction,0,No,1,Non-Junction,1,Not an Intersection,0,None,,,1,On Roadway,3,Dark - Lighted,,,,,10,Cloudy,0,No,0000000,Not Applicable,99,Unknown,99,Unknown,99,Unknown EMS Scene Arrival Hour,99,Unknown EMS Scene Arrival Minutes,99,Unknown,99,Unknown EMS Hospital Arrival Time,,,,,,,1,1
2020,9,90148,Connecticut,1,1,0,0,0,1,1,9,NEW HAVEN (9),370,MERIDEN,4,4,9,September,2020,6,Friday,22,10:00pm-10:59pm,40,40,1,This section IS ON the NHS,2,Urban,2,Principal Arterial - Other Freeways and Expressways,1,State Highway Agency,3,State Highway,SR-15,,667,667,41.55931667,41.55931667,-72.776241670,-72.776241670,0,No Special Jurisdiction,33,Curb,0,The First Harmful Event was Not a Collision with a Motor Vehicle in Transport,1,Yes,19,Other location within Interchange Area,1,Not an Intersection,0,None,,,4,On Roadside,6,Dark - Unknown Lighting,,,,,1,Clear,0,No,0000000,Not Applicable,22,10:00pm-10:59pm,40,40,22,10:00pm-10:59pm,45,45,23,11:00pm-11:59pm,4,4,,,,,,,1,1
2020,9,90149,Connecticut,2,2,0,0,0,2,2,13,TOLLAND (13),368,MANSFIELD CENTER,14,14,8,August,2020,6,Friday,9,9:00am-9:59am,45,45,0,This section IS NOT on the NHS,1,Rural,4,Minor Arterial,1,State Highway Agency,3,State Highway,SR-32,,342,342,41.76655833,41.76655833,-72.269011110,-72.269011110,0,No Special Jurisdiction,12,Motor Vehicle In-Transport,2,Front-to-Front,0,No,1,Non-Junction,1,Not an Intersection,0,None,,,1,On Roadway,1,Daylight,,,,,1,Clear,0,No,0000000,Not Applicable,9,9:00am-9:59am,46,46,9,9:00am-9:59am,57,57,99,Unknown,99,Unknown EMS Hospital Arrival Time,,,,,,,1,0
2020,9,90150,Connecticut,1,1,0,0,0,1,1,5,LITCHFIELD (5),740,THOMASTON,5,5,9,September,2020,7,Saturday,12,12:00pm-12:59pm,52,52,1,This section IS ON the NHS,2,Urban,2,Principal Arterial - Other Freeways and Expressways,1,State Highway Agency,3,State Highway,SR-8,,377,377,41.64834167,41.64834167,-73.081647220,-73.081647220,0,No Special Jurisdiction,24,Guardrail Face,0,The First Harmful Event was Not a Collision with a Motor Vehicle in Transport,0,No,1,Non-Junction,1,Not an Intersection,0,None,,,3,On Median,1,Daylight,,,,,1,Clear,0,No,0000000,Not Applicable,12,12:00pm-12:59pm,52,52,12,12:00pm-12:59pm,59,59,88,"Not Applicable (Not Transported) ",88,Not Applicable (Not Transported),,,,,,,1,0
2020,9,90151,Connecticut,1,1,0,1,1,1,1,3,HARTFORD (3),280,HARTFORD,7,7,6,June,2020,1,Sunday,18,6:00pm-6:59pm,18,18,1,This section IS ON the NHS,2,Urban,3,Principal Arterial - Other,3,Town or Township Highway Agency,5,Local Street - Township,MAIN ST NO 1,SEYMS ST,3,3,41.77743056,41.77743056,-72.676341670,-72.676341670,0,No Special Jurisdiction,8,Pedestrian,0,The First Harmful Event was Not a Collision with a Motor Vehicle in Transport,0,No,3,Intersection-Related,3,T-Intersection,0,None,,,1,On Roadway,5,Dusk,,,,,1,Clear,0,No,0000000,Not Applicable,18,6:00pm-6:59pm,18,18,18,6:00pm-6:59pm,22,22,99,Unknown,99,Unknown EMS Hospital Arrival Time,,,,,,,1,0
2020,9,90152,Connecticut,1,1,0,0,0,1,1,7,MIDDLESEX (7),130,CLINTON,20,20,6,June,2020,7,Saturday,21,9:00pm-9:59pm,34,34,0,This section IS NOT on the NHS,2,Urban,4,Minor Arterial,1,State Highway Agency,3,State Highway,SR-145,,8,8,41.28033889,41.28033889,-72.499477780,-72.499477780,0,No Special Jurisdiction,24,Guardrail Face,0,The First Harmful Event was Not a Collision with a Motor Vehicle in Transport,0,No,1,Non-Junction,1,Not an Intersection,0,None,,,4,On Roadside,2,Dark - Not Lighted,,,,,1,Clear,0,No,0000000,Not Applicable,21,9:00pm-9:59pm,35,35,21,9:00pm-9:59pm,42,42,88,"Not Applicable (Not Transported) ",88,Not Applicable (Not Transported),,,,,,,1,1
2020,9,90153,Connecticut,2,2,0,0,0,2,2,3,HARTFORD (3),680,SOUTHINGTON,5,5,6,June,2020,6,Friday,15,3:00pm-3:59pm,51,51,1,This section IS ON the NHS,2,Urban,1,Interstate,1,State Highway Agency,1,Interstate,I-691,,51,51,41.55404722,41.55404722,-72.854400000,-72.854400000,0,No Special Jurisdiction,12,Motor Vehicle In-Transport,2,Front-to-Front,1,Yes,18,Through Roadway,1,Not an Intersection,0,None,,,1,On Roadway,1,Daylight,,,,,1,Clear,0,No,0000000,Not Applicable,15,3:00pm-3:59pm,51,51,99,Unknown EMS Scene Arrival Hour,99,Unknown EMS Scene Arrival Minutes,99,Unknown,99,Unknown EMS Hospital Arrival Time,,,,,,,1,0
2020,9,90154,Connecticut,2,2,0,0,0,2,2,3,HARTFORD (3),280,HARTFORD,19,19,7,July,2020,1,Sunday,4,4:00am-4:59am,21,21,0,This section IS NOT on the NHS,2,Urban,4,Minor Arterial,1,State Highway Agency,3,State Highway,SR-176,,41,41,41.72410833,41.72410833,-72.710280560,-72.710280560,0,No Special Jurisdiction,12,Motor Vehicle In-Transport,2,Front-to-Front,0,No,1,Non-Junction,1,Not an Intersection,0,None,,,1,On Roadway,3,Dark - Lighted,,,,,1,Clear,0,No,0000000,Not Applicable,99,Unknown,99,Unknown,99,Unknown EMS Scene Arrival Hour,99,Unknown EMS Scene Arrival Minutes,99,Unknown,99,Unknown EMS Hospital Arrival Time,,,,,,,1,1
2020,9,90155,Connecticut,1,1,0,1,1,1,1,9,NEW HAVEN (9),370,MERIDEN,23,23,8,August,2020,1,Sunday,23,11:00pm-11:59pm,37,37,1,This section IS ON the NHS,2,Urban,3,Principal Arterial - Other,1,State Highway Agency,3,State Highway,SR-15,,678,678,41.57476111,41.57476111,-72.769341670,-72.769341670,0,No Special Jurisdiction,8,Pedestrian,0,The First Harmful Event was Not a Collision with a Motor Vehicle in Transport,0,No,1,Non-Junction,1,Not an Intersection,0,None,,,2,On Shoulder,3,Dark - Lighted,,,,,1,Clear,0,No,0000000,Not Applicable,23,11:00pm-11:59pm,37,37,99,Unknown EMS Scene Arrival Hour,99,Unknown EMS Scene Arrival Minutes,99,Unknown,99,Unknown EMS Hospital Arrival Time,,,,,,,1,1
2020,9,90156,Connecticut,1,1,0,0,0,1,1,3,HARTFORD (3),225,EAST HARTFORD,30,30,8,August,2020,1,Sunday,1,1:00am-1:59am,43,43,0,This section IS NOT on the NHS,2,Urban,2,Principal Arterial - Other Freeways and Expressways,1,State Highway Agency,3,State Highway,SR-2,,31,31,41.73897222,41.73897222,-72.629180560,-72.629180560,0,No Special Jurisdiction,24,Guardrail Face,0,The First Harmful Event was Not a Collision with a Motor Vehicle in Transport,1,Yes,19,Other location within Interchange Area,1,Not an Intersection,0,None,,,4,On Roadside,3,Dark - Lighted,,,,,1,Clear,0,No,0000000,Not Applicable,1,1:00am-1:59am,43,43,1,1:00am-1:59am,48,48,2,2:00am-2:59am,1,1,,,,,,,1,1
2020,9,90157,Connecticut,2,2,0,0,0,4,4,9,NEW HAVEN (9),790,WALLINGFORD,9,9,9,September,2020,4,Wednesday,6,6:00am-6:59am,38,38,1,This section IS ON the NHS,2,Urban,1,Interstate,1,State Highway Agency,1,Interstate,I-91,,141,141,41.45194722,41.45194722,-72.783202780,-72.783202780,0,No Special Jurisdiction,12,Motor Vehicle In-Transport,7,Sideswipe - Same Direction,0,No,1,Non-Junction,1,Not an Intersection,0,None,,,1,On Roadway,1,Daylight,,,,,1,Clear,0,No,0000000,Not Applicable,99,Unknown,99,Unknown,99,Unknown EMS Scene Arrival Hour,99,Unknown EMS Scene Arrival Minutes,88,"Not Applicable (Not Transported) ",88,Not Applicable (Not Transported),,,,,,,1,1
2020,9,90158,Connecticut,1,1,0,0,0,1,1,13,TOLLAND (13),775,UNION,13,13,9,September,2020,1,Sunday,15,3:00pm-3:59pm,51,51,0,This section IS NOT on the NHS,1,Rural,5,Major Collector,1,State Highway Agency,3,State Highway,SR-197,,7,7,41.98407778,41.98407778,-72.103258330,-72.103258330,0,No Special Jurisdiction,35,Embankment,0,The First Harmful Event was Not a Collision with a Motor Vehicle in Transport,0,No,1,Non-Junction,1,Not an Intersection,0,None,,,4,On Roadside,1,Daylight,,,,,1,Clear,0,No,0000000,Not Applicable,15,3:00pm-3:59pm,51,51,16,4:00pm-4:59pm,8,8,88,"Not Applicable (Not Transported) ",88,Not Applicable (Not Transported),,,,,,,1,0
2020,9,90159,Connecticut,2,2,0,0,0,3,3,3,HARTFORD (3),225,EAST HARTFORD,3,3,9,September,2020,5,Thursday,14,2:00pm-2:59pm,51,51,1,This section IS ON the NHS,2,Urban,1,Interstate,1,State Highway Agency,1,Interstate,I-84,,650,650,41.76560278,41.76560278,-72.626741670,-72.626741670,0,No Special Jurisdiction,12,Motor Vehicle In-Transport,1,Front-to-Rear,1,Yes,18,Through Roadway,1,Not an Intersection,0,None,,,1,On Roadway,1,Daylight,,,,,1,Clear,0,No,0000000,Not Applicable,14,2:00pm-2:59pm,51,51,14,2:00pm-2:59pm,56,56,15,3:00pm-3:59pm,7,7,,,,,,,1,1
2020,9,90160,Connecticut,3,3,0,1,1,3,3,9,NEW HAVEN (9),430,NEW HAVEN,27,27,9,September,2020,1,Sunday,1,1:00am-1:59am,39,39,1,This section IS ON the NHS,2,Urban,3,Principal Arterial - Other,1,State Highway Agency,3,State Highway,SR-63,,11,11,41.33185556,41.33185556,-72.974016670,-72.974016670,0,No Special Jurisdiction,8,Pedestrian,0,The First Harmful Event was Not a Collision with a Motor Vehicle in Transport,0,No,1,Non-Junction,1,Not an Intersection,0,None,,,1,On Roadway,3,Dark - Lighted,,,,,1,Clear,0,No,0000000,Not Applicable,99,Unknown,99,Unknown,99,Unknown EMS Scene Arrival Hour,99,Unknown EMS Scene Arrival Minutes,88,"Not Applicable (Not Transported) ",88,Not Applicable (Not Transported),,,,,,,1,0
2020,9,90161,Connecticut,1,1,0,0,0,1,1,9,NEW HAVEN (9),585,PROSPECT,19,19,9,September,2020,7,Saturday,22,10:00pm-10:59pm,6,6,1,This section IS ON the NHS,2,Urban,3,Principal Arterial - Other,1,State Highway Agency,3,State Highway,SR-69,,125,125,41.50945278,41.50945278,-72.982122220,-72.982122220,0,No Special Jurisdiction,39,Wall,0,The First Harmful Event was Not a Collision with a Motor Vehicle in Transport,0,No,1,Non-Junction,1,Not an Intersection,0,None,,,4,On Roadside,3,Dark - Lighted,,,,,1,Clear,0,No,0000000,Not Applicable,99,Unknown,99,Unknown,99,Unknown EMS Scene Arrival Hour,99,Unknown EMS Scene Arrival Minutes,88,"Not Applicable (Not Transported) ",88,Not Applicable (Not Transported),,,,,,,1,0
2020,9,90162,Connecticut,1,1,0,0,0,1,1,3,HARTFORD (3),420,NEW BRITAIN,2,2,9,September,2020,4,Wednesday,1,1:00am-1:59am,10,10,0,This section IS NOT on the NHS,2,Urban,4,Minor Arterial,3,Town or Township Highway Agency,5,Local Street - Township,BROAD ST,"CLINTON ST ",3,3,41.67286111,41.67286111,-72.795841670,-72.795841670,0,No Special Jurisdiction,33,Curb,0,The First Harmful Event was Not a Collision with a Motor Vehicle in Transport,0,No,3,Intersection-Related,4,Y-Intersection,0,None,,,4,On Roadside,3,Dark - Lighted,,,,,1,Clear,0,No,0000000,Not Applicable,1,1:00am-1:59am,10,10,1,1:00am-1:59am,16,16,88,"Not Applicable (Not Transported) ",88,Not Applicable (Not Transported),,,,,,,1,1
2020,9,90163,Connecticut,1,1,0,1,1,1,1,1,FAIRFIELD (1),700,STAMFORD,24,24,9,September,2020,5,Thursday,5,5:00am-5:59am,51,51,0,This section IS NOT on the NHS,2,Urban,4,Minor Arterial,3,Town or Township Highway Agency,5,Local Street - Township,NEWFIELD AVE,,14,14,41.09319722,41.09319722,-73.532191670,-73.532191670,0,No Special Jurisdiction,8,Pedestrian,0,The First Harmful Event was Not a Collision with a Motor Vehicle in Transport,0,No,1,Non-Junction,1,Not an Intersection,0,None,,,1,On Roadway,3,Dark - Lighted,,,,,1,Clear,0,No,0000000,Not Applicable,5,5:00am-5:59am,51,51,5,5:00am-5:59am,55,55,6,6:00am-6:59am,12,12,,,,,,,1,0
2020,9,90164,Connecticut,2,2,0,0,0,4,4,9,NEW HAVEN (9),110,CHESHIRE,22,22,9,September,2020,3,Tuesday,23,11:00pm-11:59pm,10,10,1,This section IS ON the NHS,2,Urban,3,Principal Arterial - Other,1,State Highway Agency,3,State Highway,SR-10,,204,204,41.54546389,41.54546389,-72.891891670,-72.891891670,0,No Special Jurisdiction,12,Motor Vehicle In-Transport,6,Angle,0,No,4,Driveway Access,1,Not an Intersection,0,None,,,1,On Roadway,3,Dark - Lighted,,,,,1,Clear,0,No,0000000,Not Applicable,23,11:00pm-11:59pm,11,11,23,11:00pm-11:59pm,15,15,99,Unknown,99,Unknown EMS Hospital Arrival Time,,,,,,,1,0
2020,9,90165,Connecticut,1,1,0,1,1,1,1,9,NEW HAVEN (9),430,NEW HAVEN,6,6,10,October,2020,3,Tuesday,16,4:00pm-4:59pm,4,4,1,This section IS ON the NHS,2,Urban,3,Principal Arterial - Other,3,Town or Township Highway Agency,5,Local Street - Township,YORK ST,SOUTH FRONTAGE RD-RT 34,2,2,41.30487500,41.30487500,-72.934158330,-72.934158330,0,No Special Jurisdiction,9,Pedalcyclist,0,The First Harmful Event was Not a Collision with a Motor Vehicle in Transport,0,No,3,Intersection-Related,2,Four-Way Intersection,0,None,,,1,On Roadway,1,Daylight,,,,,1,Clear,0,No,0000000,Not Applicable,99,Unknown,99,Unknown,99,Unknown EMS Scene Arrival Hour,99,Unknown EMS Scene Arrival Minutes,99,Unknown,99,Unknown EMS Hospital Arrival Time,,,,,,,1,0
2020,9,90166,Connecticut,3,3,0,0,0,3,3,3,HARTFORD (3),660,SIMSBURY,6,6,10,October,2020,3,Tuesday,16,4:00pm-4:59pm,57,57,0,This section IS NOT on the NHS,1,Rural,4,Minor Arterial,1,State Highway Agency,3,State Highway,SR-185,,13,13,41.84181667,41.84181667,-72.790691670,-72.790691670,0,No Special Jurisdiction,12,Motor Vehicle In-Transport,2,Front-to-Front,0,No,1,Non-Junction,1,Not an Intersection,0,None,,,1,On Roadway,1,Daylight,,,,,1,Clear,0,No,0000000,Not Applicable,99,Unknown,99,Unknown,99,Unknown EMS Scene Arrival Hour,99,Unknown EMS Scene Arrival Minutes,99,Unknown,99,Unknown EMS Hospital Arrival Time,,,,,,,2,0
2020,9,90167,Connecticut,2,2,0,0,0,2,2,1,FAIRFIELD (1),235,FAIRFIELD,1,1,10,October,2020,5,Thursday,23,11:00pm-11:59pm,45,45,1,This section IS ON the NHS,2,Urban,1,Interstate,1,State Highway Agency,1,Interstate,I-95,,233,233,41.14090278,41.14090278,-73.285141670,-73.285141670,0,No Special Jurisdiction,12,Motor Vehicle In-Transport,1,Front-to-Rear,1,Yes,18,Through Roadway,1,Not an Intersection,0,None,,,1,On Roadway,3,Dark - Lighted,,,,,1,Clear,0,No,0000000,Not Applicable,23,11:00pm-11:59pm,45,45,23,11:00pm-11:59pm,51,51,88,"Not Applicable (Not Transported) ",88,Not Applicable (Not Transported),,,,,,,1,0
2020,9,90168,Connecticut,1,1,0,0,0,1,1,9,NEW HAVEN (9),790,WALLINGFORD,10,10,10,October,2020,7,Saturday,15,3:00pm-3:59pm,5,5,1,This section IS ON the NHS,2,Urban,1,Interstate,1,State Highway Agency,1,Interstate,I-91,,123,123,41.42814167,41.42814167,-72.814338890,-72.814338890,0,No Special Jurisdiction,57,Cable Barrier,0,The First Harmful Event was Not a Collision with a Motor Vehicle in Transport,0,No,1,Non-Junction,1,Not an Intersection,0,None,,,3,On Median,1,Daylight,,,,,1,Clear,0,No,0000000,Not Applicable,99,Unknown,99,Unknown,99,Unknown EMS Scene Arrival Hour,99,Unknown EMS Scene Arrival Minutes,88,"Not Applicable (Not Transported) ",88,Not Applicable (Not Transported),,,,,,,1,0
2020,9,90169,Connecticut,1,1,0,0,0,2,2,7,MIDDLESEX (7),266,HADDAM,13,13,10,October,2020,3,Tuesday,22,10:00pm-10:59pm,8,8,1,This section IS ON the NHS,1,Rural,2,Principal Arterial - Other Freeways and Expressways,1,State Highway Agency,3,State Highway,SR-9,Beaver Meadow RD,2,2,41.45719167,41.45719167,-72.527208330,-72.527208330,0,No Special Jurisdiction,35,Embankment,0,The First Harmful Event was Not a Collision with a Motor Vehicle in Transport,1,Yes,3,Intersection-Related,10,L-Intersection,0,None,,,4,On Roadside,2,Dark - Not Lighted,,,,,1,Clear,0,No,0000000,Not Applicable,22,10:00pm-10:59pm,8,8,22,10:00pm-10:59pm,17,17,88,"Not Applicable (Not Transported) ",88,Not Applicable (Not Transported),,,,,,,2,0
2020,9,90170,Connecticut,1,1,0,0,0,2,2,9,NEW HAVEN (9),430,NEW HAVEN,6,6,9,September,2020,1,Sunday,1,1:00am-1:59am,17,17,1,This section IS ON the NHS,2,Urban,3,Principal Arterial - Other,3,Town or Township Highway Agency,6,Local Street - Municipality,MIDDLETOWN AV,,4,4,41.32061389,41.32061389,-72.891525000,-72.891525000,0,No Special Jurisdiction,30,Utility Pole/Light Support,0,The First Harmful Event was Not a Collision with a Motor Vehicle in Transport,0,No,1,Non-Junction,1,Not an Intersection,0,None,,,4,On Roadside,3,Dark - Lighted,,,,,1,Clear,0,No,0000000,Not Applicable,99,Unknown,99,Unknown,99,Unknown EMS Scene Arrival Hour,99,Unknown EMS Scene Arrival Minutes,88,"Not Applicable (Not Transported) ",88,Not Applicable (Not Transported),,,,,,,2,1
2020,9,90171,Connecticut,2,2,0,0,0,3,3,9,NEW HAVEN (9),810,WATERBURY,22,22,4,April,2020,4,Wednesday,22,10:00pm-10:59pm,27,27,0,This section IS NOT on the NHS,2,Urban,4,Minor Arterial,1,State Highway Agency,3,State Highway,SR-801,,0,None,41.54214444,41.54214444,-73.000583330,-73.000583330,0,No Special Jurisdiction,12,Motor Vehicle In-Transport,2,Front-to-Front,0,No,1,Non-Junction,1,Not an Intersection,0,None,,,1,On Roadway,3,Dark - Lighted,,,,,1,Clear,0,No,0000000,Not Applicable,99,Unknown,99,Unknown,99,Unknown EMS Scene Arrival Hour,99,Unknown EMS Scene Arrival Minutes,99,Unknown,99,Unknown EMS Hospital Arrival Time,,,,,,,1,1
2020,9,90172,Connecticut,3,3,0,0,0,5,5,1,FAIRFIELD (1),765,TRUMBULL,19,19,9,September,2020,7,Saturday,1,1:00am-1:59am,12,12,1,This section IS ON the NHS,2,Urban,2,Principal Arterial - Other Freeways and Expressways,1,State Highway Agency,3,State Highway,SR-8,,62,62,41.24294167,41.24294167,-73.151594440,-73.151594440,0,No Special Jurisdiction,12,Motor Vehicle In-Transport,6,Angle,0,No,1,Non-Junction,1,Not an Intersection,0,None,,,1,On Roadway,3,Dark - Lighted,,,,,1,Clear,0,No,0000000,Not Applicable,1,1:00am-1:59am,12,12,1,1:00am-1:59am,18,18,1,1:00am-1:59am,37,37,,,,,,,1,0
2020,9,90173,Connecticut,1,1,0,0,0,1,1,3,HARTFORD (3),15,AVON,10,10,10,October,2020,7,Saturday,7,7:00am-7:59am,26,26,1,This section IS ON the NHS,2,Urban,3,Principal Arterial - Other,1,State Highway Agency,2,U.S. Highway,US-44,,609,609,41.80979167,41.80979167,-72.830869440,-72.830869440,0,No Special Jurisdiction,33,Curb,0,The First Harmful Event was Not a Collision with a Motor Vehicle in Transport,0,No,1,Non-Junction,1,Not an Intersection,0,None,,,4,On Roadside,1,Daylight,,,,,1,Clear,0,No,0000000,Not Applicable,7,7:00am-7:59am,26,26,7,7:00am-7:59am,31,31,7,7:00am-7:59am,59,59,,,,,,,1,1
2020,9,90174,Connecticut,1,1,0,0,0,1,1,15,WINDHAM (15),590,PUTNAM,1,1,11,November,2020,1,Sunday,2,2:00am-2:59am,46,46,1,This section IS ON the NHS,2,Urban,1,Interstate,1,State Highway Agency,1,Interstate,I-395,,458,458,41.90592500,41.90592500,-71.893972220,-71.893972220,0,No Special Jurisdiction,24,Guardrail Face,0,The First Harmful Event was Not a Collision with a Motor Vehicle in Transport,1,Yes,19,Other location within Interchange Area,1,Not an Intersection,0,None,,,3,On Median,2,Dark - Not Lighted,,,,,1,Clear,0,No,0000000,Not Applicable,2,2:00am-2:59am,46,46,2,2:00am-2:59am,54,54,3,3:00am-3:59am,15,15,,,,,,,1,0
2020,9,90175,Connecticut,1,1,0,1,1,1,1,9,NEW HAVEN (9),370,MERIDEN,5,5,11,November,2020,5,Thursday,14,2:00pm-2:59pm,23,23,0,This section IS NOT on the NHS,2,Urban,4,Minor Arterial,1,State Highway Agency,3,State Highway,SR-71,,21,21,41.52100833,41.52100833,-72.812775000,-72.812775000,0,No Special Jurisdiction,8,Pedestrian,0,The First Harmful Event was Not a Collision with a Motor Vehicle in Transport,0,No,1,Non-Junction,1,Not an Intersection,0,None,,,1,On Roadway,1,Daylight,,,,,1,Clear,0,No,0000000,Not Applicable,14,2:00pm-2:59pm,24,24,14,2:00pm-2:59pm,30,30,88,"Not Applicable (Not Transported) ",88,Not Applicable (Not Transported),,,,,,,1,0
2020,9,90176,Connecticut,1,1,0,0,0,1,1,5,LITCHFIELD (5),649,SHARON,25,25,10,October,2020,1,Sunday,20,8:00pm-8:59pm,56,56,0,This section IS NOT on the NHS,1,Rural,6,Minor Collector,3,Town or Township Highway Agency,5,Local Street - Township,CAULKINSTOWN RD,,14,14,41.88433056,41.88433056,-73.443588890,-73.443588890,0,No Special Jurisdiction,17,Boulder,0,The First Harmful Event was Not a Collision with a Motor Vehicle in Transport,0,No,1,Non-Junction,1,Not an Intersection,0,None,,,4,On Roadside,2,Dark - Not Lighted,,,,,1,Clear,0,No,0000000,Not Applicable,20,8:00pm-8:59pm,56,56,21,9:00pm-9:59pm,4,4,99,Unknown,99,Unknown EMS Hospital Arrival Time,,,,,,,1,0
2020,9,90177,Connecticut,2,2,0,0,0,5,5,1,FAIRFIELD (1),80,BRIDGEPORT,14,14,10,October,2020,4,Wednesday,14,2:00pm-2:59pm,54,54,0,This section IS NOT on the NHS,2,Urban,7,Local,3,Town or Township Highway Agency,5,Local Street - Township,PARK AVE,"THORME ST  ",8,8,41.20244167,41.20244167,-73.223172220,-73.223172220,0,No Special Jurisdiction,12,Motor Vehicle In-Transport,6,Angle,0,No,2,Intersection,3,T-Intersection,0,None,,,1,On Roadway,1,Daylight,,,,,1,Clear,0,No,0000000,Not Applicable,99,Unknown,99,Unknown,99,Unknown EMS Scene Arrival Hour,99,Unknown EMS Scene Arrival Minutes,99,Unknown,99,Unknown EMS Hospital Arrival Time,,,,,,,1,0
2020,9,90178,Connecticut,1,1,0,0,0,2,2,1,FAIRFIELD (1),80,BRIDGEPORT,14,14,10,October,2020,4,Wednesday,3,3:00am-3:59am,50,50,1,This section IS ON the NHS,2,Urban,2,Principal Arterial - Other Freeways and Expressways,1,State Highway Agency,3,State Highway,SR-8,,18,18,41.19269167,41.19269167,-73.194866670,-73.194866670,0,No Special Jurisdiction,24,Guardrail Face,0,The First Harmful Event was Not a Collision with a Motor Vehicle in Transport,1,Yes,19,Other location within Interchange Area,1,Not an Intersection,0,None,,,3,On Median,3,Dark - Lighted,,,,,1,Clear,0,No,0000000,Not Applicable,99,Unknown,99,Unknown,99,Unknown EMS Scene Arrival Hour,99,Unknown EMS Scene Arrival Minutes,99,Unknown,99,Unknown EMS Hospital Arrival Time,,,,,,,1,0