caseyear,state,st_case,statename,ve_total,ve_forms,pvh_invl,peds,pernotmvit,permvit,persons,county,countyname,city,cityname,day,dayname,month,monthname,year,day_week,day_weekname,hour,hourname,minute,minutename,nhs,nhsname,rur_urb,rur_urbname,func_sys,func_sysname,rd_owner,rd_ownername,route,routename,tway_id,tway_id2,milept,mileptname,latitude,latitudename,longitud,longitudname,sp_jur,sp_jurname,harm_ev,harm_evname,man_coll,man_collname,reljct1,reljct1name,reljct2,reljct2name,typ_int,typ_intname,wrk_zone,wrk_zonename,road_fnc,road_fncname,rel_road,rel_roadname,lgt_cond,lgt_condname,weather1,weather1name,weather2,weather2name,weather,weathername,sch_bus,sch_busname,rail,railname,not_hour,not_hourname,not_min,not_minname,arr_hour,arr_hourname,arr_min,arr_minname,hosp_hr,hosp_hrname,hosp_mn,hosp_mnname,cf1,cf1name,cf2,cf2name,cf3,cf3name,fatals,drunk_dr
2020,9,90179,Connecticut,1,1,0,0,0,1,1,1,FAIRFIELD (1),650,SHELTON,29,29,10,October,2020,5,Thursday,16,4:00pm-4:59pm,52,52,1,This section IS ON the NHS,2,Urban,2,Principal Arterial - Other Freeways and Expressways,1,State Highway Agency,3,State Highway,SR-8,,105,105,41.29190556,41.29190556,-73.106566670,-73.106566670,0,No Special Jurisdiction,35,Embankment,0,The First Harmful Event was Not a Collision with a Motor Vehicle in Transport,0,No,1,Non-Junction,1,Not an Intersection,0,None,,,3,On Median,1,Daylight,,,,,2,Rain,0,No,0000000,Not Applicable,16,4:00pm-4:59pm,52,52,16,4:00pm-4:59pm,58,58,17,5:00pm-5:59pm,15,15,,,,,,,1,1
2020,9,90180,Connecticut,2,2,0,0,0,2,2,1,FAIRFIELD (1),98,BROOKFIELD,8,8,8,August,2020,7,Saturday,17,5:00pm-5:59pm,20,20,0,This section IS NOT on the NHS,2,Urban,4,Minor Arterial,3,Town or Township Highway Agency,5,Local Street - Township,CANDLEWOOD LAKE RD,,2,2,41.43638889,41.43638889,-73.412316670,-73.412316670,0,No Special Jurisdiction,12,Motor Vehicle In-Transport,6,Angle,0,No,8,Driveway Access Related,1,Not an Intersection,0,None,,,1,On Roadway,1,Daylight,,,,,1,Clear,0,No,0000000,Not Applicable,17,5:00pm-5:59pm,20,20,17,5:00pm-5:59pm,25,25,99,Unknown,99,Unknown EMS Hospital Arrival Time,,,,,,,1,0
2020,9,90181,Connecticut,3,3,0,0,0,5,5,9,NEW HAVEN (9),790,WALLINGFORD,6,6,11,November,2020,6,Friday,18,6:00pm-6:59pm,46,46,1,This section IS ON the NHS,2,Urban,2,Principal Arterial - Other Freeways and Expressways,1,State Highway Agency,3,State Highway,SR-15,,577,577,41.45014444,41.45014444,-72.841658330,-72.841658330,0,No Special Jurisdiction,1,Rollover/Overturn,0,The First Harmful Event was Not a Collision with a Motor Vehicle in Transport,0,No,1,Non-Junction,1,Not an Intersection,0,None,,,1,On Roadway,2,Dark - Not Lighted,,,,,1,Clear,0,No,0000000,Not Applicable,18,6:00pm-6:59pm,46,46,18,6:00pm-6:59pm,52,52,88,"Not Applicable (Not Transported) ",88,Not Applicable (Not Transported),,,,,,,1,0
2020,9,90182,Connecticut,1,1,0,0,0,1,1,5,LITCHFIELD (5),760,WEST TORRINGTON,30,30,7,July,2020,5,Thursday,23,11:00pm-11:59pm,14,14,0,This section IS NOT on the NHS,2,Urban,4,Minor Arterial,1,State Highway Agency,3,State Highway,SR-183,CHESTNUT HILL RD,8,8,41.81115000,41.81115000,-73.083141670,-73.083141670,0,No Special Jurisdiction,33,Curb,0,The First Harmful Event was Not a Collision with a Motor Vehicle in Transport,0,No,3,Intersection-Related,3,T-Intersection,0,None,,,4,On Roadside,3,Dark - Lighted,,,,,1,Clear,0,No,0000000,Not Applicable,23,11:00pm-11:59pm,15,15,23,11:00pm-11:59pm,26,26,99,Unknown,99,Unknown EMS Hospital Arrival Time,,,,,,,1,0
2020,9,90183,Connecticut,1,1,0,2,2,1,1,1,FAIRFIELD (1),235,FAIRFIELD,7,7,11,November,2020,7,Saturday,17,5:00pm-5:59pm,27,27,1,This section IS ON the NHS,2,Urban,1,Interstate,1,State Highway Agency,1,Interstate,I-95 RAMP 072,MILL PLAIN RD,0,None,41.14373056,41.14373056,-73.264938890,-73.264938890,0,No Special Jurisdiction,8,Pedestrian,0,The First Harmful Event was Not a Collision with a Motor Vehicle in Transport,1,Yes,3,Intersection-Related,2,Four-Way Intersection,0,None,,,1,On Roadway,2,Dark - Not Lighted,,,,,1,Clear,0,No,0000000,Not Applicable,17,5:00pm-5:59pm,27,27,17,5:00pm-5:59pm,33,33,17,5:00pm-5:59pm,53,53,,,,,,,1,0
2020,9,90184,Connecticut,1,1,0,0,0,1,1,15,WINDHAM (15),573,POMFRET,9,9,11,November,2020,2,Monday,8,8:00am-8:59am,7,7,0,This section IS NOT on the NHS,1,Rural,4,Minor Arterial,1,State Highway Agency,3,State Highway,SR-101,,17,17,41.85007222,41.85007222,-71.937766670,-71.937766670,0,No Special Jurisdiction,53,Mail Box,0,The First Harmful Event was Not a Collision with a Motor Vehicle in Transport,0,No,1,Non-Junction,1,Not an Intersection,0,None,,,4,On Roadside,1,Daylight,,,,,1,Clear,0,No,0000000,Not Applicable,8,8:00am-8:59am,9,9,8,8:00am-8:59am,24,24,8,8:00am-8:59am,35,35,,,,,,,1,0
2020,9,90185,Connecticut,2,2,0,0,0,4,4,1,FAIRFIELD (1),510,NORWALK,11,11,11,November,2020,4,Wednesday,21,9:00pm-9:59pm,26,26,1,This section IS ON the NHS,2,Urban,1,Interstate,1,State Highway Agency,1,Interstate,I-95,,140,140,41.09610000,41.09610000,-73.443833330,-73.443833330,0,No Special Jurisdiction,12,Motor Vehicle In-Transport,1,Front-to-Rear,0,No,1,Non-Junction,1,Not an Intersection,0,None,,,1,On Roadway,3,Dark - Lighted,,,,,2,Rain,0,No,0000000,Not Applicable,21,9:00pm-9:59pm,28,28,21,9:00pm-9:59pm,35,35,99,Unknown,99,Unknown EMS Hospital Arrival Time,,,,,,,1,0
2020,9,90186,Connecticut,1,1,0,0,0,3,3,3,HARTFORD (3),838,WETHERSFIELD,12,12,11,November,2020,5,Thursday,11,11:00am-11:59am,19,19,0,This section IS NOT on the NHS,2,Urban,4,Minor Arterial,1,State Highway Agency,3,State Highway,SR-287,WILLOW ST,18,18,41.68925000,41.68925000,-72.687461110,-72.687461110,0,No Special Jurisdiction,1,Rollover/Overturn,0,The First Harmful Event was Not a Collision with a Motor Vehicle in Transport,0,No,3,Intersection-Related,3,T-Intersection,0,None,,,4,On Roadside,1,Daylight,,,,,10,Cloudy,0,No,0000000,Not Applicable,99,Unknown,99,Unknown,99,Unknown EMS Scene Arrival Hour,99,Unknown EMS Scene Arrival Minutes,99,Unknown,99,Unknown EMS Hospital Arrival Time,,,,,,,1,0
2020,9,90187,Connecticut,1,1,0,0,0,1,1,3,HARTFORD (3),280,HARTFORD,12,12,11,November,2020,5,Thursday,9,9:00am-9:59am,35,35,1,This section IS ON the NHS,2,Urban,1,Interstate,1,State Highway Agency,1,Interstate,I-91,,362,362,41.73700000,41.73700000,-72.664902780,-72.664902780,0,No Special Jurisdiction,24,Guardrail Face,0,The First Harmful Event was Not a Collision with a Motor Vehicle in Transport,1,Yes,19,Other location within Interchange Area,1,Not an Intersection,0,None,,,4,On Roadside,1,Daylight,,,,,10,Cloudy,0,No,0000000,Not Applicable,9,9:00am-9:59am,35,35,9,9:00am-9:59am,40,40,88,"Not Applicable (Not Transported) ",88,Not Applicable (Not Transported),,,,,,,1,1
2020,9,90188,Connecticut,1,1,0,0,0,1,1,1,FAIRFIELD (1),765,TRUMBULL,15,15,11,November,2020,1,Sunday,14,2:00pm-2:59pm,55,55,1,This section IS ON the NHS,2,Urban,2,Principal Arterial - Other Freeways and Expressways,1,State Highway Agency,3,State Highway,SR-15,,13,13,41.23699167,41.23699167,-73.180361110,-73.180361110,0,No Special Jurisdiction,24,Guardrail Face,0,The First Harmful Event was Not a Collision with a Motor Vehicle in Transport,1,Yes,19,Other location within Interchange Area,1,Not an Intersection,0,None,,,4,On Roadside,1,Daylight,,,,,1,Clear,0,No,0000000,Not Applicable,14,2:00pm-2:59pm,55,55,15,3:00pm-3:59pm,1,1,15,3:00pm-3:59pm,26,26,,,,,,,1,1
2020,9,90190,Connecticut,2,2,0,0,0,4,4,3,HARTFORD (3),420,NEW BRITAIN,14,14,11,November,2020,7,Saturday,12,12:00pm-12:59pm,44,44,1,This section IS ON the NHS,2,Urban,2,Principal Arterial - Other Freeways and Expressways,1,State Highway Agency,3,State Highway,SR-72,,11,11,41.66686667,41.66686667,-72.791386110,-72.791386110,0,No Special Jurisdiction,12,Motor Vehicle In-Transport,7,Sideswipe - Same Direction,1,Yes,18,Through Roadway,1,Not an Intersection,0,None,,,1,On Roadway,1,Daylight,,,,,1,Clear,0,No,0000000,Not Applicable,12,12:00pm-12:59pm,44,44,12,12:00pm-12:59pm,50,50,13,1:00pm-1:59pm,11,11,,,,,,,1,0
2020,9,90191,Connecticut,1,1,0,0,0,1,1,3,HARTFORD (3),420,NEW BRITAIN,22,22,10,October,2020,5,Thursday,17,5:00pm-5:59pm,57,57,0,This section IS NOT on the NHS,2,Urban,4,Minor Arterial,1,State Highway Agency,3,State Highway,SR-71,,142,142,41.67316111,41.67316111,-72.774575000,-72.774575000,0,No Special Jurisdiction,1,Rollover/Overturn,0,The First Harmful Event was Not a Collision with a Motor Vehicle in Transport,0,No,1,Non-Junction,1,Not an Intersection,0,None,,,1,On Roadway,5,Dusk,,,,,1,Clear,0,No,0000000,Not Applicable,99,Unknown,99,Unknown,99,Unknown EMS Scene Arrival Hour,99,Unknown EMS Scene Arrival Minutes,99,Unknown,99,Unknown EMS Hospital Arrival Time,,,,,,,1,0
2020,9,90192,Connecticut,2,2,0,0,0,2,2,9,NEW HAVEN (9),430,NEW HAVEN,25,25,10,October,2020,1,Sunday,2,2:00am-2:59am,13,13,1,This section IS ON the NHS,2,Urban,1,Interstate,1,State Highway Agency,1,Interstate,I-95,,465,465,41.28585556,41.28585556,-72.926102780,-72.926102780,0,No Special Jurisdiction,12,Motor Vehicle In-Transport,1,Front-to-Rear,1,Yes,18,Through Roadway,1,Not an Intersection,1,Construction,,,1,On Roadway,3,Dark - Lighted,,,,,1,Clear,0,No,0000000,Not Applicable,2,2:00am-2:59am,13,13,2,2:00am-2:59am,18,18,88,"Not Applicable (Not Transported) ",88,Not Applicable (Not Transported),,,,,,,1,1
2020,9,90193,Connecticut,1,1,0,0,0,1,1,9,NEW HAVEN (9),10,ANSONIA,29,29,11,November,2020,1,Sunday,18,6:00pm-6:59pm,57,57,0,This section IS NOT on the NHS,2,Urban,7,Local,3,Town or Township Highway Agency,5,Local Street - Township," EAST MAIN ST",,5,5,41.34680278,41.34680278,-73.079138890,-73.079138890,0,No Special Jurisdiction,39,Wall,0,The First Harmful Event was Not a Collision with a Motor Vehicle in Transport,0,No,1,Non-Junction,1,Not an Intersection,0,None,,,4,On Roadside,3,Dark - Lighted,,,,,1,Clear,0,No,0000000,Not Applicable,18,6:00pm-6:59pm,58,58,19,7:00pm-7:59pm,5,5,88,"Not Applicable (Not Transported) ",88,Not Applicable (Not Transported),,,,,,,1,1
2020,9,90194,Connecticut,2,2,0,0,0,2,2,9,NEW HAVEN (9),267,HAMDEN,29,29,10,October,2020,5,Thursday,10,10:00am-10:59am,39,39,0,This section IS NOT on the NHS,2,Urban,4,Minor Arterial,3,Town or Township Highway Agency,5,Local Street - Township,SHEPARD AVE,,14,14,41.39458889,41.39458889,-72.923338890,-72.923338890,0,No Special Jurisdiction,12,Motor Vehicle In-Transport,8,Sideswipe - Opposite Direction,0,No,1,Non-Junction,1,Not an Intersection,0,None,,,1,On Roadway,1,Daylight,,,,,2,Rain,0,No,0000000,Not Applicable,99,Unknown,99,Unknown,99,Unknown EMS Scene Arrival Hour,99,Unknown EMS Scene Arrival Minutes,99,Unknown,99,Unknown EMS Hospital Arrival Time,,,,,,,1,0
2020,9,90195,Connecticut,2,2,0,0,0,2,2,9,NEW HAVEN (9),669,SOUTHBURY,27,27,11,November,2020,6,Friday,19,7:00pm-7:59pm,26,26,0,This section IS NOT on the NHS,2,Urban,4,Minor Arterial,1,State Highway Agency,3,State Highway,SR-67,SR-487,170,170,41.47597222,41.47597222,-73.209594440,-73.209594440,0,No Special Jurisdiction,12,Motor Vehicle In-Transport,6,Angle,0,No,2,Intersection,2,Four-Way Intersection,0,None,,,1,On Roadway,3,Dark - Lighted,,,,,1,Clear,0,No,0000000,Not Applicable,19,7:00pm-7:59pm,27,27,19,7:00pm-7:59pm,36,36,19,7:00pm-7:59pm,59,59,,,,,,,1,1
2020,9,90196,Connecticut,1,1,0,0,0,1,1,5,LITCHFIELD (5),350,LITCHFIELD,7,7,11,November,2020,7,Saturday,5,5:00am-5:59am,46,46,0,This section IS NOT on the NHS,2,Urban,4,Minor Arterial,1,State Highway Agency,3,State Highway,SR-800,Iffland Pond Road,8,8,41.77436389,41.77436389,-73.120941670,-73.120941670,0,No Special Jurisdiction,33,Curb,0,The First Harmful Event was Not a Collision with a Motor Vehicle in Transport,0,No,3,Intersection-Related,3,T-Intersection,0,None,,,4,On Roadside,3,Dark - Lighted,,,,,1,Clear,0,No,0000000,Not Applicable,5,5:00am-5:59am,45,45,5,5:00am-5:59am,54,54,88,"Not Applicable (Not Transported) ",88,Not Applicable (Not Transported),,,,,,,1,1
2020,9,90197,Connecticut,1,1,0,0,0,2,2,1,FAIRFIELD (1),80,BRIDGEPORT,22,22,11,November,2020,1,Sunday,1,1:00am-1:59am,30,30,1,This section IS ON the NHS,2,Urban,1,Interstate,1,State Highway Agency,1,Interstate,I-95,,286,286,41.16882778,41.16882778,-73.199211110,-73.199211110,0,No Special Jurisdiction,23,Bridge Rail (Includes parapet),0,The First Harmful Event was Not a Collision with a Motor Vehicle in Transport,0,No,1,Non-Junction,1,Not an Intersection,0,None,,,4,On Roadside,3,Dark - Lighted,,,,,1,Clear,0,No,0000000,Not Applicable,1,1:00am-1:59am,30,30,1,1:00am-1:59am,35,35,1,1:00am-1:59am,58,58,,,,,,,1,1
2020,9,90198,Connecticut,3,2,1,0,2,2,4,11,NEW LONDON (11),260,GROTON,31,31,10,October,2020,7,Saturday,6,6:00am-6:59am,13,13,1,This section IS ON the NHS,2,Urban,1,Interstate,1,State Highway Agency,1,Interstate,I-95,,969,969,41.36078611,41.36078611,-72.038369440,-72.038369440,0,No Special Jurisdiction,12,Motor Vehicle In-Transport,7,Sideswipe - Same Direction,1,Yes,18,Through Roadway,1,Not an Intersection,0,None,,,1,On Roadway,4,Dawn,,,,,1,Clear,0,No,0000000,Not Applicable,6,6:00am-6:59am,13,13,6,6:00am-6:59am,21,21,6,6:00am-6:59am,36,36,,,,,,,1,0
2020,9,90199,Connecticut,1,1,0,1,1,2,2,3,HARTFORD (3),280,HARTFORD,13,13,8,August,2020,5,Thursday,20,8:00pm-8:59pm,28,28,1,This section IS ON the NHS,2,Urban,3,Principal Arterial - Other,3,Town or Township Highway Agency,5,Local Street - Township,WETHERSFIELD AVE,WAWARME AVE,4,4,41.74946944,41.74946944,-72.673738890,-72.673738890,0,No Special Jurisdiction,9,Pedalcyclist,0,The First Harmful Event was Not a Collision with a Motor Vehicle in Transport,0,No,2,Intersection,3,T-Intersection,0,None,,,1,On Roadway,3,Dark - Lighted,,,,,1,Clear,0,No,0000000,Not Applicable,99,Unknown,99,Unknown,99,Unknown EMS Scene Arrival Hour,99,Unknown EMS Scene Arrival Minutes,88,"Not Applicable (Not Transported) ",88,Not Applicable (Not Transported),,,,,,,1,0
2020,9,90200,Connecticut,3,1,2,3,6,1,4,9,NEW HAVEN (9),810,WATERBURY,5,5,7,July,2020,1,Sunday,21,9:00pm-9:59pm,33,33,0,This section IS NOT on the NHS,2,Urban,4,Minor Arterial,3,Town or Township Highway Agency,5,Local Street - Township,BALDWIN ST NO 1,,11,11,41.53840556,41.53840556,-73.033480560,-73.033480560,0,No Special Jurisdiction,14,Parked Motor Vehicle,0,The First Harmful Event was Not a Collision with a Motor Vehicle in Transport,0,No,1,Non-Junction,1,Not an Intersection,0,None,,,2,On Shoulder,2,Dark - Not Lighted,,,,,1,Clear,0,No,0000000,Not Applicable,99,Unknown,99,Unknown,99,Unknown EMS Scene Arrival Hour,99,Unknown EMS Scene Arrival Minutes,99,Unknown,99,Unknown EMS Hospital Arrival Time,,,,,,,1,1
2020,9,90201,Connecticut,1,1,0,0,0,4,4,3,HARTFORD (3),680,SOUTHINGTON,14,14,3,March,2020,7,Saturday,20,8:00pm-8:59pm,44,44,0,This section IS NOT on the NHS,1,Rural,6,Minor Collector,3,Town or Township Highway Agency,5,Local Street - Township,ANDREWS ST,,34,34,41.63658889,41.63658889,-72.823027780,-72.823027780,0,No Special Jurisdiction,17,Boulder,0,The First Harmful Event was Not a Collision with a Motor Vehicle in Transport,0,No,1,Non-Junction,1,Not an Intersection,0,None,,,4,On Roadside,2,Dark - Not Lighted,,,,,1,Clear,0,No,0000000,Not Applicable,99,Unknown,99,Unknown,99,Unknown EMS Scene Arrival Hour,99,Unknown EMS Scene Arrival Minutes,99,Unknown,99,Unknown EMS Hospital Arrival Time,,,,,,,2,0
2020,9,90202,Connecticut,2,2,0,0,0,2,2,1,FAIRFIELD (1),80,BRIDGEPORT,24,24,3,March,2020,3,Tuesday,17,5:00pm-5:59pm,32,32,0,This section IS NOT on the NHS,2,Urban,4,Minor Arterial,1,State Highway Agency,3,State Highway,SR-127,STILLMAN ST,10,10,41.19255556,41.19255556,-73.180494440,-73.180494440,0,No Special Jurisdiction,12,Motor Vehicle In-Transport,6,Angle,0,No,2,Intersection,2,Four-Way Intersection,0,None,,,1,On Roadway,1,Daylight,,,,,1,Clear,0,No,0000000,Not Applicable,99,Unknown,99,Unknown,99,Unknown EMS Scene Arrival Hour,99,Unknown EMS Scene Arrival Minutes,99,Unknown,99,Unknown EMS Hospital Arrival Time,,,,,,,1,0
2020,9,90203,Connecticut,2,2,0,0,0,2,2,9,NEW HAVEN (9),370,MERIDEN,23,23,11,November,2020,2,Monday,1,1:00am-1:59am,54,54,1,This section IS ON the NHS,2,Urban,2,Principal Arterial - Other Freeways and Expressways,1,State Highway Agency,3,State Highway,SR-15,,645,645,41.52962500,41.52962500,-72.769158330,-72.769158330,0,No Special Jurisdiction,12,Motor Vehicle In-Transport,1,Front-to-Rear,1,Yes,18,Through Roadway,1,Not an Intersection,0,None,,,1,On Roadway,3,Dark - Lighted,,,,,1,Clear,0,No,0000000,Not Applicable,1,1:00am-1:59am,56,56,2,2:00am-2:59am,3,3,2,2:00am-2:59am,25,25,,,,,,,1,0
2020,9,90204,Connecticut,1,1,0,0,0,1,1,15,WINDHAM (15),573,POMFRET,28,28,11,November,2020,7,Saturday,4,4:00am-4:59am,45,45,0,This section IS NOT on the NHS,1,Rural,4,Minor Arterial,1,State Highway Agency,2,U.S. Highway,US-44,,936,936,41.86128333,41.86128333,-71.966719440,-71.966719440,0,No Special Jurisdiction,31,"Post, Pole or Other Supports",0,The First Harmful Event was Not a Collision with a Motor Vehicle in Transport,0,No,1,Non-Junction,1,Not an Intersection,0,None,,,3,On Median,2,Dark - Not Lighted,,,,,1,Clear,0,No,0000000,Not Applicable,4,4:00am-4:59am,57,57,5,5:00am-5:59am,3,3,88,"Not Applicable (Not Transported) ",88,Not Applicable (Not Transported),,,,,,,1,1
2020,9,90205,Connecticut,2,1,1,1,2,1,2,1,FAIRFIELD (1),256,GREENWICH,30,30,11,November,2020,2,Monday,13,1:00pm-1:59pm,27,27,1,This section IS ON the NHS,2,Urban,1,Interstate,1,State Highway Agency,1,Interstate,I-95,,62,62,41.04481944,41.04481944,-73.567291670,-73.567291670,0,No Special Jurisdiction,14,Parked Motor Vehicle,0,The First Harmful Event was Not a Collision with a Motor Vehicle in Transport,0,No,1,Non-Junction,1,Not an Intersection,0,None,,,3,On Median,1,Daylight,,,,,2,Rain,0,No,0000000,Not Applicable,13,1:00pm-1:59pm,30,30,13,1:00pm-1:59pm,36,36,13,1:00pm-1:59pm,52,52,,,,,,,1,0
2020,9,90206,Connecticut,1,1,0,1,1,1,1,1,FAIRFIELD (1),765,TRUMBULL,20,20,11,November,2020,6,Friday,17,5:00pm-5:59pm,7,7,0,This section IS NOT on the NHS,2,Urban,7,Local,3,Town or Township Highway Agency,5,Local Street - Township,CANOE BROOK RD,,9,9,41.24758889,41.24758889,-73.237280560,-73.237280560,0,No Special Jurisdiction,8,Pedestrian,0,The First Harmful Event was Not a Collision with a Motor Vehicle in Transport,0,No,1,Non-Junction,1,Not an Intersection,0,None,,,1,On Roadway,2,Dark - Not Lighted,,,,,1,Clear,0,No,0000000,Not Applicable,17,5:00pm-5:59pm,9,9,17,5:00pm-5:59pm,11,11,17,5:00pm-5:59pm,40,40,,,,,,,1,0
2020,9,90207,Connecticut,1,1,0,0,0,1,1,3,HARTFORD (3),255,GLASTONBURY,29,29,11,November,2020,1,Sunday,18,6:00pm-6:59pm,39,39,1,This section IS ON the NHS,2,Urban,2,Principal Arterial - Other Freeways and Expressways,1,State Highway Agency,3,State Highway,SR-2,,91,91,41.68989444,41.68989444,-72.539536110,-72.539536110,0,No Special Jurisdiction,24,Guardrail Face,0,The First Harmful Event was Not a Collision with a Motor Vehicle in Transport,0,No,1,Non-Junction,1,Not an Intersection,0,None,,,4,On Roadside,2,Dark - Not Lighted,,,,,1,Clear,0,No,0000000,Not Applicable,18,6:00pm-6:59pm,37,37,18,6:00pm-6:59pm,46,46,88,"Not Applicable (Not Transported) ",88,Not Applicable (Not Transported),,,,,,,1,1
2020,9,90208,Connecticut,2,2,0,1,1,3,3,3,HARTFORD (3),842,WINDSOR,4,4,12,December,2020,6,Friday,19,7:00pm-7:59pm,6,6,0,This section IS NOT on the NHS,2,Urban,6,Minor Collector,3,Town or Township Highway Agency,5,Local Street - Township,DEERFIELD RD,,5,5,41.82255278,41.82255278,-72.653258330,-72.653258330,0,No Special Jurisdiction,8,Pedestrian,0,The First Harmful Event was Not a Collision with a Motor Vehicle in Transport,0,No,1,Non-Junction,1,Not an Intersection,0,None,,,1,On Roadway,3,Dark - Lighted,,,,,2,Rain,0,No,0000000,Not Applicable,19,7:00pm-7:59pm,5,5,19,7:00pm-7:59pm,15,15,88,"Not Applicable (Not Transported) ",88,Not Applicable (Not Transported),,,,,,,1,0
2020,9,90209,Connecticut,1,1,0,0,0,1,1,1,FAIRFIELD (1),835,WESTPORT,20,20,11,November,2020,6,Friday,15,3:00pm-3:59pm,38,38,0,This section IS NOT on the NHS,1,Rural,5,Major Collector,3,Town or Township Highway Agency,5,Local Street - Township,HILLSPOINT RD,,9,9,41.12604444,41.12604444,-73.345405560,-73.345405560,0,No Special Jurisdiction,11,Live Animal,0,The First Harmful Event was Not a Collision with a Motor Vehicle in Transport,0,No,1,Non-Junction,1,Not an Intersection,0,None,,,1,On Roadway,1,Daylight,,,,,1,Clear,0,No,0000000,Not Applicable,15,3:00pm-3:59pm,38,38,99,Unknown EMS Scene Arrival Hour,99,Unknown EMS Scene Arrival Minutes,99,Unknown,99,Unknown EMS Hospital Arrival Time,,,,,,,1,0
2020,9,90210,Connecticut,2,2,0,0,0,3,3,9,NEW HAVEN (9),810,WATERBURY,29,29,11,November,2020,1,Sunday,1,1:00am-1:59am,49,49,1,This section IS ON the NHS,2,Urban,2,Principal Arterial - Other Freeways and Expressways,1,State Highway Agency,3,State Highway,SR-8,,309,309,41.56118056,41.56118056,-73.057175000,-73.057175000,0,No Special Jurisdiction,12,Motor Vehicle In-Transport,2,Front-to-Front,1,Yes,18,Through Roadway,1,Not an Intersection,0,None,,,1,On Roadway,3,Dark - Lighted,,,,,1,Clear,0,No,0000000,Not Applicable,1,1:00am-1:59am,52,52,2,2:00am-2:59am,4,4,2,2:00am-2:59am,29,29,,,,,,,2,2
2020,9,90211,Connecticut,1,1,0,0,0,1,1,15,WINDHAM (15),108,CHAPLIN,7,7,12,December,2020,2,Monday,6,6:00am-6:59am,57,57,0,This section IS NOT on the NHS,1,Rural,5,Major Collector,1,State Highway Agency,3,State Highway,SR-198,,25,25,41.80564167,41.80564167,-72.122244440,-72.122244440,0,No Special Jurisdiction,42,Tree (Standing Only),0,The First Harmful Event was Not a Collision with a Motor Vehicle in Transport,0,No,1,Non-Junction,1,Not an Intersection,0,None,,,4,On Roadside,1,Daylight,,,,,1,Clear,0,No,0000000,Not Applicable,6,6:00am-6:59am,57,57,99,Unknown EMS Scene Arrival Hour,99,Unknown EMS Scene Arrival Minutes,88,"Not Applicable (Not Transported) ",88,Not Applicable (Not Transported),,,,,,,1,0
2020,9,90212,Connecticut,1,1,0,0,0,1,1,11,NEW LONDON (11),505,NORTH STONINGTON,8,8,12,December,2020,3,Tuesday,21,9:00pm-9:59pm,4,4,0,This section IS NOT on the NHS,1,Rural,7,Local,3,Town or Township Highway Agency,5,Local Street - Township,BUTTON RD,,0,None,41.50407500,41.50407500,-71.924944440,-71.924944440,0,No Special Jurisdiction,42,Tree (Standing Only),0,The First Harmful Event was Not a Collision with a Motor Vehicle in Transport,0,No,1,Non-Junction,1,Not an Intersection,0,None,,,4,On Roadside,2,Dark - Not Lighted,,,,,1,Clear,0,No,0000000,Not Applicable,21,9:00pm-9:59pm,4,4,21,9:00pm-9:59pm,15,15,88,"Not Applicable (Not Transported) ",88,Not Applicable (Not Transported),,,,,,,1,1
2020,9,90213,Connecticut,2,2,0,0,0,2,2,1,FAIRFIELD (1),80,BRIDGEPORT,6,6,12,December,2020,1,Sunday,2,2:00am-2:59am,19,19,1,This section IS ON the NHS,2,Urban,2,Principal Arterial - Other Freeways and Expressways,1,State Highway Agency,3,State Highway,SR-8,,16,16,41.18925556,41.18925556,-73.193716670,-73.193716670,0,No Special Jurisdiction,12,Motor Vehicle In-Transport,2,Front-to-Front,0,No,1,Non-Junction,1,Not an Intersection,0,None,,,1,On Roadway,3,Dark - Lighted,,,,,1,Clear,0,No,0000000,Not Applicable,2,2:00am-2:59am,23,23,2,2:00am-2:59am,28,28,88,"Not Applicable (Not Transported) ",88,Not Applicable (Not Transported),,,,,,,2,2
2020,9,90214,Connecticut,1,1,0,1,1,2,2,5,LITCHFIELD (5),857,WOODBURY,27,27,11,November,2020,6,Friday,19,7:00pm-7:59pm,4,4,0,This section IS NOT on the NHS,2,Urban,4,Minor Arterial,1,State Highway Agency,2,U.S. Highway,US-6,,277,277,41.55149167,41.55149167,-73.204680560,-73.204680560,0,No Special Jurisdiction,8,Pedestrian,0,The First Harmful Event was Not a Collision with a Motor Vehicle in Transport,0,No,1,Non-Junction,1,Not an Intersection,0,None,,,1,On Roadway,2,Dark - Not Lighted,,,,,1,Clear,0,No,0000000,Not Applicable,19,7:00pm-7:59pm,3,3,19,7:00pm-7:59pm,14,14,20,8:00pm-8:59pm,0,0,,,,,,,1,0
2020,9,90215,Connecticut,2,2,0,0,0,3,3,7,MIDDLESEX (7),130,CLINTON,25,25,11,November,2020,4,Wednesday,1,1:00am-1:59am,41,41,1,This section IS ON the NHS,2,Urban,1,Interstate,1,State Highway Agency,1,Interstate,I-95,,688,688,41.28858611,41.28858611,-72.525763890,-72.525763890,0,No Special Jurisdiction,12,Motor Vehicle In-Transport,2,Front-to-Front,1,Yes,18,Through Roadway,1,Not an Intersection,0,None,,,1,On Roadway,2,Dark - Not Lighted,,,,,1,Clear,0,No,0000000,Not Applicable,99,Unknown,99,Unknown,99,Unknown EMS Scene Arrival Hour,99,Unknown EMS Scene Arrival Minutes,88,"Not Applicable (Not Transported) ",88,Not Applicable (Not Transported),,,,,,,2,1