caseyear,state,st_case,statename,ve_total,ve_forms,pvh_invl,peds,pernotmvit,permvit,persons,county,countyname,city,cityname,day,dayname,month,monthname,year,day_week,day_weekname,hour,hourname,minute,minutename,nhs,nhsname,rur_urb,rur_urbname,func_sys,func_sysname,rd_owner,rd_ownername,route,routename,tway_id,tway_id2,milept,mileptname,latitude,latitudename,longitud,longitudname,sp_jur,sp_jurname,harm_ev,harm_evname,man_coll,man_collname,reljct1,reljct1name,reljct2,reljct2name,typ_int,typ_intname,wrk_zone,wrk_zonename,road_fnc,road_fncname,rel_road,rel_roadname,lgt_cond,lgt_condname,weather1,weather1name,weather2,weather2name,weather,weathername,sch_bus,sch_busname,rail,railname,not_hour,not_hourname,not_min,not_minname,arr_hour,arr_hourname,arr_min,arr_minname,hosp_hr,hosp_hrname,hosp_mn,hosp_mnname,cf1,cf1name,cf2,cf2name,cf3,cf3name,fatals,drunk_dr
2020,9,90216,Connecticut,1,1,0,0,0,3,3,3,HARTFORD (3),686,SOUTH WINDSOR,10,10,12,December,2020,5,Thursday,16,4:00pm-4:59pm,39,39,1,This section IS ON the NHS,2,Urban,1,Interstate,1,State Highway Agency,1,Interstate,I-291,,35,35,41.80319722,41.80319722,-72.603547220,-72.603547220,0,No Special Jurisdiction,42,Tree (Standing Only),0,The First Harmful Event was Not a Collision with a Motor Vehicle in Transport,0,No,1,Non-Junction,1,Not an Intersection,0,None,,,4,On Roadside,5,Dusk,,,,,1,Clear,0,No,0000000,Not Applicable,16,4:00pm-4:59pm,37,37,16,4:00pm-4:59pm,42,42,17,5:00pm-5:59pm,15,15,,,,,,,1,0
2020,9,90217,Connecticut,1,1,0,1,1,2,2,9,NEW HAVEN (9),375,MIDDLEBURY,24,24,12,December,2020,5,Thursday,16,4:00pm-4:59pm,59,59,1,This section IS ON the NHS,2,Urban,1,Interstate,1,State Highway Agency,1,Interstate,I-84,,257,257,41.50280000,41.50280000,-73.149672220,-73.149672220,0,No Special Jurisdiction,8,Pedestrian,0,The First Harmful Event was Not a Collision with a Motor Vehicle in Transport,0,No,1,Non-Junction,1,Not an Intersection,0,None,,,1,On Roadway,2,Dark - Not Lighted,,,,,2,Rain,0,No,0000000,Not Applicable,17,5:00pm-5:59pm,8,8,17,5:00pm-5:59pm,16,16,88,"Not Applicable (Not Transported) ",88,Not Applicable (Not Transported),,,,,,,1,0
2020,9,90218,Connecticut,2,2,0,0,0,3,3,11,NEW LONDON (11),244,FRANKLIN,25,25,12,December,2020,6,Friday,19,7:00pm-7:59pm,47,47,1,This section IS ON the NHS,2,Urban,3,Principal Arterial - Other,1,State Highway Agency,3,State Highway,SR-32,,177,177,41.57866667,41.57866667,-72.131858330,-72.131858330,0,No Special Jurisdiction,12,Motor Vehicle In-Transport,6,Angle,1,Yes,18,Through Roadway,1,Not an Intersection,0,None,,,1,On Roadway,2,Dark - Not Lighted,,,,,1,Clear,0,No,0000000,Not Applicable,19,7:00pm-7:59pm,43,43,19,7:00pm-7:59pm,47,47,20,8:00pm-8:59pm,10,10,,,,,,,1,1
2020,9,90219,Connecticut,1,1,0,0,0,1,1,9,NEW HAVEN (9),430,NEW HAVEN,13,13,7,July,2020,2,Monday,13,1:00pm-1:59pm,29,29,1,This section IS ON the NHS,2,Urban,2,Principal Arterial - Other Freeways and Expressways,1,State Highway Agency,3,State Highway,SR-34,,242,242,41.30040556,41.30040556,-72.917305560,-72.917305560,0,No Special Jurisdiction,25,Concrete Traffic Barrier,0,The First Harmful Event was Not a Collision with a Motor Vehicle in Transport,1,Yes,19,Other location within Interchange Area,1,Not an Intersection,0,None,,,3,On Median,1,Daylight,,,,,1,Clear,0,No,0000000,Not Applicable,13,1:00pm-1:59pm,29,29,13,1:00pm-1:59pm,34,34,13,1:00pm-1:59pm,56,56,,,,,,,1,0
2020,9,90220,Connecticut,1,1,0,0,0,3,3,13,TOLLAND (13),156,NORTH COVENTRY,28,28,12,December,2020,2,Monday,4,4:00am-4:59am,7,7,1,This section IS ON the NHS,2,Urban,3,Principal Arterial - Other,1,State Highway Agency,2,U.S. Highway,US-44,,699,699,41.79838056,41.79838056,-72.379233330,-72.379233330,0,No Special Jurisdiction,42,Tree (Standing Only),0,The First Harmful Event was Not a Collision with a Motor Vehicle in Transport,0,No,1,Non-Junction,1,Not an Intersection,0,None,,,4,On Roadside,2,Dark - Not Lighted,,,,,1,Clear,0,No,0000000,Not Applicable,99,Unknown,99,Unknown,99,Unknown EMS Scene Arrival Hour,99,Unknown EMS Scene Arrival Minutes,99,Unknown,99,Unknown EMS Hospital Arrival Time,,,,,,,2,1
2020,9,90221,Connecticut,1,1,0,1,1,1,1,3,HARTFORD (3),420,NEW BRITAIN,24,24,12,December,2020,5,Thursday,17,5:00pm-5:59pm,27,27,0,This section IS NOT on the NHS,2,Urban,5,Major Collector,3,Town or Township Highway Agency,5,Local Street - Township,COLUMBUS BLVD,,6,6,41.66713333,41.66713333,-72.776638890,-72.776638890,0,No Special Jurisdiction,8,Pedestrian,0,The First Harmful Event was Not a Collision with a Motor Vehicle in Transport,0,No,1,Non-Junction,1,Not an Intersection,0,None,,,1,On Roadway,2,Dark - Not Lighted,,,,,2,Rain,0,No,0000000,Not Applicable,99,Unknown,99,Unknown,99,Unknown EMS Scene Arrival Hour,99,Unknown EMS Scene Arrival Minutes,99,Unknown,99,Unknown EMS Hospital Arrival Time,,,,,,,1,0
2020,9,90222,Connecticut,2,2,0,0,0,2,2,3,HARTFORD (3),280,HARTFORD,25,25,12,December,2020,6,Friday,15,3:00pm-3:59pm,5,5,0,This section IS NOT on the NHS,2,Urban,4,Minor Arterial,3,Town or Township Highway Agency,5,Local Street - Township,SIGOURNEY ST,COLLINS ST,0,None,41.77325833,41.77325833,-72.692863890,-72.692863890,0,No Special Jurisdiction,12,Motor Vehicle In-Transport,6,Angle,0,No,2,Intersection,2,Four-Way Intersection,0,None,,,1,On Roadway,1,Daylight,,,,,2,Rain,0,No,0000000,Not Applicable,15,3:00pm-3:59pm,7,7,15,3:00pm-3:59pm,11,11,15,3:00pm-3:59pm,20,20,,,,,,,1,1
2020,9,90223,Connecticut,2,2,0,0,0,2,2,5,LITCHFIELD (5),450,NEW MILFORD,7,7,5,May,2020,5,Thursday,16,4:00pm-4:59pm,32,32,1,This section IS ON the NHS,2,Urban,3,Principal Arterial - Other,1,State Highway Agency,2,U.S. Highway,US-202,ROGG DR PVT,143,143,41.50541667,41.50541667,-73.418930560,-73.418930560,0,No Special Jurisdiction,12,Motor Vehicle In-Transport,6,Angle,0,No,2,Intersection,2,Four-Way Intersection,0,None,,,1,On Roadway,1,Daylight,,,,,1,Clear,0,No,0000000,Not Applicable,99,Unknown,99,Unknown,99,Unknown EMS Scene Arrival Hour,99,Unknown EMS Scene Arrival Minutes,99,Unknown,99,Unknown EMS Hospital Arrival Time,,,,,,,1,1
2020,9,90224,Connecticut,1,1,0,1,1,1,1,3,HARTFORD (3),90,BRISTOL,25,25,12,December,2020,6,Friday,19,7:00pm-7:59pm,42,42,1,This section IS ON the NHS,2,Urban,3,Principal Arterial - Other,1,State Highway Agency,3,State Highway,SR-229,,43,43,41.66759167,41.66759167,-72.922669440,-72.922669440,0,No Special Jurisdiction,8,Pedestrian,0,The First Harmful Event was Not a Collision with a Motor Vehicle in Transport,0,No,1,Non-Junction,1,Not an Intersection,0,None,,,1,On Roadway,3,Dark - Lighted,,,,,1,Clear,0,No,0000000,Not Applicable,99,Unknown,99,Unknown,99,Unknown EMS Scene Arrival Hour,99,Unknown EMS Scene Arrival Minutes,99,Unknown,99,Unknown EMS Hospital Arrival Time,,,,,,,1,0
2020,9,90225,Connecticut,1,1,0,2,2,1,1,3,HARTFORD (3),280,HARTFORD,1,1,10,October,2020,5,Thursday,1,1:00am-1:59am,42,42,0,This section IS NOT on the NHS,2,Urban,4,Minor Arterial,3,Town or Township Highway Agency,5,Local Street - Township,PARK ST,,17,17,41.75788333,41.75788333,-72.681644440,-72.681644440,0,No Special Jurisdiction,8,Pedestrian,0,The First Harmful Event was Not a Collision with a Motor Vehicle in Transport,0,No,1,Non-Junction,1,Not an Intersection,0,None,,,1,On Roadway,3,Dark - Lighted,,,,,1,Clear,0,No,0000000,Not Applicable,99,Unknown,99,Unknown,99,Unknown EMS Scene Arrival Hour,99,Unknown EMS Scene Arrival Minutes,99,Unknown,99,Unknown EMS Hospital Arrival Time,,,,,,,1,1
2020,9,90226,Connecticut,1,1,0,1,1,1,1,9,NEW HAVEN (9),385,MILFORD,4,4,12,December,2020,6,Friday,18,6:00pm-6:59pm,47,47,1,This section IS ON the NHS,2,Urban,3,Principal Arterial - Other,1,State Highway Agency,2,U.S. Highway,US-1,,378,378,41.21946389,41.21946389,-73.074561110,-73.074561110,0,No Special Jurisdiction,8,Pedestrian,0,The First Harmful Event was Not a Collision with a Motor Vehicle in Transport,0,No,8,Driveway Access Related,1,Not an Intersection,0,None,,,1,On Roadway,3,Dark - Lighted,,,,,2,Rain,0,No,0000000,Not Applicable,99,Unknown,99,Unknown,99,Unknown EMS Scene Arrival Hour,99,Unknown EMS Scene Arrival Minutes,88,"Not Applicable (Not Transported) ",88,Not Applicable (Not Transported),,,,,,,1,0
2020,9,90227,Connecticut,2,2,0,0,0,2,2,9,NEW HAVEN (9),810,WATERBURY,22,22,10,October,2020,5,Thursday,15,3:00pm-3:59pm,22,22,1,This section IS ON the NHS,2,Urban,3,Principal Arterial - Other,1,State Highway Agency,3,State Highway,SR-847,PLATTS MILL RD,5,5,41.51805556,41.51805556,-73.044972220,-73.044972220,0,No Special Jurisdiction,12,Motor Vehicle In-Transport,6,Angle,0,No,2,Intersection,3,T-Intersection,0,None,,,1,On Roadway,1,Daylight,,,,,1,Clear,0,No,0000000,Not Applicable,99,Unknown,99,Unknown,99,Unknown EMS Scene Arrival Hour,99,Unknown EMS Scene Arrival Minutes,99,Unknown,99,Unknown EMS Hospital Arrival Time,,,,,,,1,0
2020,9,90229,Connecticut,2,2,0,0,0,2,2,3,HARTFORD (3),280,HARTFORD,19,19,10,October,2020,2,Monday,20,8:00pm-8:59pm,39,39,0,This section IS NOT on the NHS,2,Urban,4,Minor Arterial,1,State Highway Agency,3,State Highway,SR-530,91-S-149,4,4,41.73863333,41.73863333,-72.663730560,-72.663730560,0,No Special Jurisdiction,12,Motor Vehicle In-Transport,6,Angle,1,Yes,2,Intersection,3,T-Intersection,0,None,,,1,On Roadway,3,Dark - Lighted,,,,,1,Clear,0,No,0000000,Not Applicable,99,Unknown,99,Unknown,99,Unknown EMS Scene Arrival Hour,99,Unknown EMS Scene Arrival Minutes,88,"Not Applicable (Not Transported) ",88,Not Applicable (Not Transported),,,,,,,1,0
2020,9,90230,Connecticut,1,1,0,0,0,2,2,9,NEW HAVEN (9),825,WEST HAVEN,18,18,12,December,2020,6,Friday,21,9:00pm-9:59pm,59,59,1,This section IS ON the NHS,2,Urban,1,Interstate,1,State Highway Agency,1,Interstate,I-95,,456,456,41.28393889,41.28393889,-72.943838890,-72.943838890,0,No Special Jurisdiction,24,Guardrail Face,0,The First Harmful Event was Not a Collision with a Motor Vehicle in Transport,0,No,1,Non-Junction,1,Not an Intersection,0,None,,,4,On Roadside,3,Dark - Lighted,,,,,1,Clear,0,No,0000000,Not Applicable,22,10:00pm-10:59pm,0,0,22,10:00pm-10:59pm,11,11,22,10:00pm-10:59pm,21,21,,,,,,,1,0
2020,9,90231,Connecticut,2,2,0,0,0,2,2,7,MIDDLESEX (7),580,PORTLAND,5,5,11,November,2020,5,Thursday,12,12:00pm-12:59pm,7,7,1,This section IS ON the NHS,2,Urban,3,Principal Arterial - Other,1,State Highway Agency,3,State Highway,SR-17,,298,298,41.62506389,41.62506389,-72.601433330,-72.601433330,0,No Special Jurisdiction,12,Motor Vehicle In-Transport,2,Front-to-Front,0,No,1,Non-Junction,1,Not an Intersection,0,None,,,1,On Roadway,1,Daylight,,,,,1,Clear,0,No,0000000,Not Applicable,12,12:00pm-12:59pm,7,7,12,12:00pm-12:59pm,18,18,99,Unknown,99,Unknown EMS Hospital Arrival Time,,,,,,,1,1
2020,9,90232,Connecticut,2,2,0,0,0,3,3,13,TOLLAND (13),785,VERNON,27,27,11,November,2020,6,Friday,20,8:00pm-8:59pm,53,53,0,This section IS NOT on the NHS,2,Urban,4,Minor Arterial,1,State Highway Agency,3,State Highway,SR-83,THRALL RD,131,131,41.84466944,41.84466944,-72.487091670,-72.487091670,0,No Special Jurisdiction,12,Motor Vehicle In-Transport,2,Front-to-Front,0,No,2,Intersection,4,Y-Intersection,0,None,,,1,On Roadway,3,Dark - Lighted,,,,,1,Clear,0,No,0000000,Not Applicable,99,Unknown,99,Unknown,99,Unknown EMS Scene Arrival Hour,99,Unknown EMS Scene Arrival Minutes,88,"Not Applicable (Not Transported) ",88,Not Applicable (Not Transported),,,,,,,1,1
2020,9,90233,Connecticut,2,2,0,0,0,3,3,13,TOLLAND (13),785,VERNON,22,22,12,December,2020,3,Tuesday,9,9:00am-9:59am,33,33,1,This section IS ON the NHS,2,Urban,3,Principal Arterial - Other,1,State Highway Agency,3,State Highway,SR-83,,130,130,41.84341944,41.84341944,-72.487761110,-72.487761110,0,No Special Jurisdiction,12,Motor Vehicle In-Transport,6,Angle,0,No,8,Driveway Access Related,1,Not an Intersection,0,None,,,1,On Roadway,1,Daylight,,,,,1,Clear,0,No,0000000,Not Applicable,99,Unknown,99,Unknown,99,Unknown EMS Scene Arrival Hour,99,Unknown EMS Scene Arrival Minutes,99,Unknown,99,Unknown EMS Hospital Arrival Time,,,,,,,1,0
2020,9,90234,Connecticut,2,2,0,0,0,5,5,9,NEW HAVEN (9),370,MERIDEN,21,21,6,June,2020,1,Sunday,19,7:00pm-7:59pm,19,19,1,This section IS ON the NHS,2,Urban,1,Interstate,1,State Highway Agency,1,Interstate,I-91,,190,190,41.52131944,41.52131944,-72.771244440,-72.771244440,0,No Special Jurisdiction,12,Motor Vehicle In-Transport,7,Sideswipe - Same Direction,1,Yes,18,Through Roadway,1,Not an Intersection,0,None,,,1,On Roadway,5,Dusk,,,,,1,Clear,0,No,0000000,Not Applicable,19,7:00pm-7:59pm,19,19,19,7:00pm-7:59pm,23,23,19,7:00pm-7:59pm,41,41,,,,,,,1,1
2020,9,90235,Connecticut,1,1,0,1,1,1,1,9,NEW HAVEN (9),810,WATERBURY,1,1,5,May,2020,6,Friday,20,8:00pm-8:59pm,42,42,0,This section IS NOT on the NHS,2,Urban,4,Minor Arterial,3,Town or Township Highway Agency,5,Local Street - Township,BALDWIN ST NO 1,SCOVILL ST,1,1,41.55303889,41.55303889,-73.035069440,-73.035069440,0,No Special Jurisdiction,8,Pedestrian,0,The First Harmful Event was Not a Collision with a Motor Vehicle in Transport,0,No,2,Intersection,2,Four-Way Intersection,0,None,,,1,On Roadway,2,Dark - Not Lighted,,,,,1,Clear,0,No,0000000,Not Applicable,99,Unknown,99,Unknown,99,Unknown EMS Scene Arrival Hour,99,Unknown EMS Scene Arrival Minutes,99,Unknown,99,Unknown EMS Hospital Arrival Time,,,,,,,1,0
2020,9,90236,Connecticut,1,1,0,1,1,1,1,9,NEW HAVEN (9),810,WATERBURY,22,22,10,October,2020,5,Thursday,20,8:00pm-8:59pm,14,14,0,This section IS NOT on the NHS,2,Urban,4,Minor Arterial,3,Town or Township Highway Agency,5,Local Street - Township,WOLCOTT ST,WESCO RD,14,14,41.56123333,41.56123333,-73.011305560,-73.011305560,0,No Special Jurisdiction,8,Pedestrian,0,The First Harmful Event was Not a Collision with a Motor Vehicle in Transport,0,No,3,Intersection-Related,2,Four-Way Intersection,0,None,,,1,On Roadway,3,Dark - Lighted,,,,,1,Clear,0,No,0000000,Not Applicable,99,Unknown,99,Unknown,99,Unknown EMS Scene Arrival Hour,99,Unknown EMS Scene Arrival Minutes,99,Unknown,99,Unknown EMS Hospital Arrival Time,,,,,,,1,0
2020,9,90237,Connecticut,2,2,0,0,0,2,2,1,FAIRFIELD (1),80,BRIDGEPORT,13,13,12,December,2020,1,Sunday,18,6:00pm-6:59pm,53,53,1,This section IS ON the NHS,2,Urban,3,Principal Arterial - Other,1,State Highway Agency,2,U.S. Highway,US-1,,312,312,41.20044167,41.20044167,-73.183650000,-73.183650000,0,No Special Jurisdiction,12,Motor Vehicle In-Transport,6,Angle,0,No,8,Driveway Access Related,1,Not an Intersection,0,None,,,1,On Roadway,3,Dark - Lighted,,,,,1,Clear,0,No,0000000,Not Applicable,99,Unknown,99,Unknown,99,Unknown EMS Scene Arrival Hour,99,Unknown EMS Scene Arrival Minutes,99,Unknown,99,Unknown EMS Hospital Arrival Time,,,,,,,1,0
2020,9,90238,Connecticut,1,1,0,1,1,1,1,9,NEW HAVEN (9),430,NEW HAVEN,29,29,12,December,2020,3,Tuesday,18,6:00pm-6:59pm,0,0,1,This section IS ON the NHS,2,Urban,3,Principal Arterial - Other,1,State Highway Agency,3,State Highway,SR-10,,11,11,41.29354167,41.29354167,-72.944533330,-72.944533330,0,No Special Jurisdiction,8,Pedestrian,0,The First Harmful Event was Not a Collision with a Motor Vehicle in Transport,0,No,1,Non-Junction,1,Not an Intersection,0,None,,,1,On Roadway,3,Dark - Lighted,,,,,1,Clear,0,No,0000000,Not Applicable,99,Unknown,99,Unknown,99,Unknown EMS Scene Arrival Hour,99,Unknown EMS Scene Arrival Minutes,99,Unknown,99,Unknown EMS Hospital Arrival Time,,,,,,,1,0
2020,9,90240,Connecticut,1,1,0,0,0,1,1,9,NEW HAVEN (9),370,MERIDEN,22,22,6,June,2020,2,Monday,23,11:00pm-11:59pm,18,18,0,This section IS NOT on the NHS,2,Urban,5,Major Collector,3,Town or Township Highway Agency,5,Local Street - Township,OREGON RD,,0,None,41.52262778,41.52262778,-72.838133330,-72.838133330,0,No Special Jurisdiction,1,Rollover/Overturn,0,The First Harmful Event was Not a Collision with a Motor Vehicle in Transport,0,No,1,Non-Junction,1,Not an Intersection,0,None,,,1,On Roadway,3,Dark - Lighted,,,,,1,Clear,0,No,0000000,Not Applicable,99,Unknown,99,Unknown,99,Unknown EMS Scene Arrival Hour,99,Unknown EMS Scene Arrival Minutes,99,Unknown,99,Unknown EMS Hospital Arrival Time,,,,,,,1,0
2020,9,90241,Connecticut,1,1,0,1,1,1,1,9,NEW HAVEN (9),430,NEW HAVEN,21,21,5,May,2020,5,Thursday,16,4:00pm-4:59pm,26,26,0,This section IS NOT on the NHS,2,Urban,4,Minor Arterial,3,Town or Township Highway Agency,5,Local Street - Township,GRAND AVE,,5,5,41.30904167,41.30904167,-72.895161110,-72.895161110,0,No Special Jurisdiction,9,Pedalcyclist,0,The First Harmful Event was Not a Collision with a Motor Vehicle in Transport,0,No,8,Driveway Access Related,1,Not an Intersection,0,None,,,1,On Roadway,1,Daylight,,,,,1,Clear,0,No,0000000,Not Applicable,99,Unknown,99,Unknown,99,Unknown EMS Scene Arrival Hour,99,Unknown EMS Scene Arrival Minutes,99,Unknown,99,Unknown EMS Hospital Arrival Time,,,,,,,1,0
2020,9,90242,Connecticut,1,1,0,0,0,1,1,9,NEW HAVEN (9),810,WATERBURY,16,16,5,May,2020,7,Saturday,19,7:00pm-7:59pm,16,16,0,This section IS NOT on the NHS,2,Urban,4,Minor Arterial,3,Town or Township Highway Agency,5,Local Street - Township,WASHINGTON ST,,4,4,41.54383056,41.54383056,-73.029305560,-73.029305560,0,No Special Jurisdiction,30,Utility Pole/Light Support,0,The First Harmful Event was Not a Collision with a Motor Vehicle in Transport,0,No,1,Non-Junction,1,Not an Intersection,0,None,,,4,On Roadside,5,Dusk,,,,,1,Clear,0,No,0000000,Not Applicable,19,7:00pm-7:59pm,16,16,19,7:00pm-7:59pm,20,20,99,Unknown,99,Unknown EMS Hospital Arrival Time,,,,,,,1,1
2020,9,90243,Connecticut,2,2,0,0,0,4,4,13,TOLLAND (13),785,VERNON,2,2,8,August,2020,1,Sunday,14,2:00pm-2:59pm,16,16,1,This section IS ON the NHS,2,Urban,3,Principal Arterial - Other,1,State Highway Agency,3,State Highway,SR-83,,132,132,41.84603611,41.84603611,-72.486183330,-72.486183330,0,No Special Jurisdiction,12,Motor Vehicle In-Transport,2,Front-to-Front,0,No,1,Non-Junction,1,Not an Intersection,0,None,,,1,On Roadway,1,Daylight,,,,,2,Rain,0,No,0000000,Not Applicable,99,Unknown,99,Unknown,99,Unknown EMS Scene Arrival Hour,99,Unknown EMS Scene Arrival Minutes,88,"Not Applicable (Not Transported) ",88,Not Applicable (Not Transported),,,,,,,1,0
2020,9,90244,Connecticut,2,2,0,0,0,3,3,9,NEW HAVEN (9),430,NEW HAVEN,25,25,8,August,2020,3,Tuesday,19,7:00pm-7:59pm,42,42,0,This section IS NOT on the NHS,2,Urban,4,Minor Arterial,3,Town or Township Highway Agency,5,Local Street - Township,WHALLEY AVE,ORCHARD ST,6,6,41.31552778,41.31552778,-72.939208330,-72.939208330,0,No Special Jurisdiction,12,Motor Vehicle In-Transport,6,Angle,0,No,2,Intersection,2,Four-Way Intersection,0,None,,,1,On Roadway,3,Dark - Lighted,,,,,1,Clear,0,No,0000000,Not Applicable,99,Unknown,99,Unknown,99,Unknown EMS Scene Arrival Hour,99,Unknown EMS Scene Arrival Minutes,99,Unknown,99,Unknown EMS Hospital Arrival Time,,,,,,,1,0
2020,9,90245,Connecticut,2,2,0,0,0,2,2,5,LITCHFIELD (5),450,NEW MILFORD,24,24,7,July,2020,6,Friday,13,1:00pm-1:59pm,17,17,1,This section IS ON the NHS,2,Urban,3,Principal Arterial - Other,1,State Highway Agency,2,U.S. Highway,US-202,,237,237,41.63193889,41.63193889,-73.392647220,-73.392647220,0,No Special Jurisdiction,12,Motor Vehicle In-Transport,6,Angle,0,No,8,Driveway Access Related,1,Not an Intersection,0,None,,,1,On Roadway,1,Daylight,,,,,1,Clear,0,No,0000000,Not Applicable,99,Unknown,99,Unknown,99,Unknown EMS Scene Arrival Hour,99,Unknown EMS Scene Arrival Minutes,99,Unknown,99,Unknown EMS Hospital Arrival Time,,,,,,,1,1
2020,9,90246,Connecticut,2,2,0,0,0,4,4,1,FAIRFIELD (1),765,TRUMBULL,8,8,8,August,2020,7,Saturday,14,2:00pm-2:59pm,47,47,1,This section IS ON the NHS,2,Urban,2,Principal Arterial - Other Freeways and Expressways,1,State Highway Agency,3,State Highway,SR-15,,314,314,41.23370833,41.23370833,-73.205177780,-73.205177780,0,No Special Jurisdiction,12,Motor Vehicle In-Transport,1,Front-to-Rear,0,No,1,Non-Junction,1,Not an Intersection,0,None,,,1,On Roadway,1,Daylight,,,,,1,Clear,0,No,0000000,Not Applicable,14,2:00pm-2:59pm,47,47,14,2:00pm-2:59pm,51,51,15,3:00pm-3:59pm,9,9,,,,,,,1,0
2020,9,90247,Connecticut,1,1,0,1,1,1,1,7,MIDDLESEX (7),380,MIDDLETOWN,1,1,5,May,2020,6,Friday,10,10:00am-10:59am,48,48,0,This section IS NOT on the NHS,2,Urban,4,Minor Arterial,1,State Highway Agency,3,State Highway,SR-155,MILLBROOK RD,14,14,41.53349722,41.53349722,-72.633736110,-72.633736110,0,No Special Jurisdiction,9,Pedalcyclist,0,The First Harmful Event was Not a Collision with a Motor Vehicle in Transport,0,No,2,Intersection,2,Four-Way Intersection,0,None,,,1,On Roadway,1,Daylight,,,,,10,Cloudy,0,No,0000000,Not Applicable,99,Unknown,99,Unknown,99,Unknown EMS Scene Arrival Hour,99,Unknown EMS Scene Arrival Minutes,99,Unknown,99,Unknown EMS Hospital Arrival Time,,,,,,,1,0
2020,9,90248,Connecticut,2,2,0,0,0,5,5,3,HARTFORD (3),224,EAST WINDSOR (HISTORICAL),28,28,6,June,2020,1,Sunday,15,3:00pm-3:59pm,47,47,0,This section IS NOT on the NHS,2,Urban,4,Minor Arterial,1,State Highway Agency,3,State Highway,"SR-140 ",,38,38,41.93096667,41.93096667,-72.604055560,-72.604055560,0,No Special Jurisdiction,12,Motor Vehicle In-Transport,6,Angle,0,No,8,Driveway Access Related,1,Not an Intersection,0,None,,,1,On Roadway,1,Daylight,,,,,1,Clear,0,No,0000000,Not Applicable,99,Unknown,99,Unknown,99,Unknown EMS Scene Arrival Hour,99,Unknown EMS Scene Arrival Minutes,99,Unknown,99,Unknown EMS Hospital Arrival Time,,,,,,,1,1
2020,9,90249,Connecticut,3,3,0,0,0,3,3,15,WINDHAM (15),843,WINDHAM,18,18,9,September,2020,6,Friday,19,7:00pm-7:59pm,53,53,0,This section IS NOT on the NHS,1,Rural,7,Local,3,Town or Township Highway Agency,5,Local Street - Township,BACK RD,,28,28,41.73615556,41.73615556,-72.125205560,-72.125205560,0,No Special Jurisdiction,12,Motor Vehicle In-Transport,1,Front-to-Rear,0,No,8,Driveway Access Related,1,Not an Intersection,0,None,,,1,On Roadway,2,Dark - Not Lighted,,,,,1,Clear,0,No,0000000,Not Applicable,19,7:00pm-7:59pm,53,53,20,8:00pm-8:59pm,0,0,20,8:00pm-8:59pm,21,21,,,,,,,1,1
2020,9,90250,Connecticut,1,1,0,1,1,1,1,1,FAIRFIELD (1),80,BRIDGEPORT,20,20,9,September,2020,1,Sunday,15,3:00pm-3:59pm,39,39,0,This section IS NOT on the NHS,2,Urban,7,Local,3,Town or Township Highway Agency,5,Local Street - Township,LAUREL AVE,NORMAN ST,14,14,41.17561389,41.17561389,-73.202927780,-73.202927780,0,No Special Jurisdiction,8,Pedestrian,0,The First Harmful Event was Not a Collision with a Motor Vehicle in Transport,0,No,3,Intersection-Related,2,Four-Way Intersection,0,None,,,1,On Roadway,1,Daylight,,,,,1,Clear,0,No,0000000,Not Applicable,99,Unknown,99,Unknown,99,Unknown EMS Scene Arrival Hour,99,Unknown EMS Scene Arrival Minutes,99,Unknown,99,Unknown EMS Hospital Arrival Time,,,,,,,1,0
2020,9,90251,Connecticut,3,3,0,0,0,5,5,1,FAIRFIELD (1),227,EASTON,24,24,11,November,2020,3,Tuesday,17,5:00pm-5:59pm,2,2,0,This section IS NOT on the NHS,1,Rural,5,Major Collector,1,State Highway Agency,3,State Highway,SR-59,,104,104,41.30589722,41.30589722,-73.285202780,-73.285202780,0,No Special Jurisdiction,12,Motor Vehicle In-Transport,8,Sideswipe - Opposite Direction,0,No,1,Non-Junction,1,Not an Intersection,0,None,,,1,On Roadway,2,Dark - Not Lighted,,,,,1,Clear,0,No,0000000,Not Applicable,99,Unknown,99,Unknown,99,Unknown EMS Scene Arrival Hour,99,Unknown EMS Scene Arrival Minutes,99,Unknown,99,Unknown EMS Hospital Arrival Time,,,,,,,1,0
2020,9,90252,Connecticut,2,2,0,0,0,2,2,3,HARTFORD (3),229,ENFIELD,6,6,8,August,2020,5,Thursday,14,2:00pm-2:59pm,27,27,0,This section IS NOT on the NHS,2,Urban,4,Minor Arterial,3,Town or Township Highway Agency,5,Local Street - Township,SOUTH RD,,12,12,41.97693333,41.97693333,-72.569297220,-72.569297220,0,No Special Jurisdiction,12,Motor Vehicle In-Transport,6,Angle,0,No,8,Driveway Access Related,1,Not an Intersection,0,None,,,1,On Roadway,1,Daylight,,,,,1,Clear,0,No,0000000,Not Applicable,14,2:00pm-2:59pm,29,29,14,2:00pm-2:59pm,34,34,14,2:00pm-2:59pm,55,55,,,,,,,1,0