caseyear,state,st_case,statename,ve_total,ve_forms,pvh_invl,peds,pernotmvit,permvit,persons,county,countyname,city,cityname,day,dayname,month,monthname,year,day_week,day_weekname,hour,hourname,minute,minutename,nhs,nhsname,rur_urb,rur_urbname,func_sys,func_sysname,rd_owner,rd_ownername,route,routename,tway_id,tway_id2,milept,mileptname,latitude,latitudename,longitud,longitudname,sp_jur,sp_jurname,harm_ev,harm_evname,man_coll,man_collname,reljct1,reljct1name,reljct2,reljct2name,typ_int,typ_intname,wrk_zone,wrk_zonename,road_fnc,road_fncname,rel_road,rel_roadname,lgt_cond,lgt_condname,weather1,weather1name,weather2,weather2name,weather,weathername,sch_bus,sch_busname,rail,railname,not_hour,not_hourname,not_min,not_minname,arr_hour,arr_hourname,arr_min,arr_minname,hosp_hr,hosp_hrname,hosp_mn,hosp_mnname,cf1,cf1name,cf2,cf2name,cf3,cf3name,fatals,drunk_dr
2021,9,90155,Connecticut,1,1,0,0,0,1,1,11,NEW LONDON (11),244,FRANKLIN,6,6,10,October,2021,4,Wednesday,22,10:00pm-10:59pm,55,55,0,This section IS NOT on the NHS,2,Urban,5,Major Collector,1,State Highway Agency,3,State Highway,SR-87,,6,6,41.57732500,41.57732500,-72.139283330,-72.139283330,0,No Special Jurisdiction,24,Guardrail Face,0,The First Harmful Event was Not a Collision with a Motor Vehicle in Transport,0,No,1,Non-Junction,1,Not an Intersection,0,None,,,4,On Roadside,2,Dark - Not Lighted,,,,,1,Clear,0,No,0000000,Not Applicable,22,10:00pm-10:59pm,55,55,23,11:00pm-11:59pm,1,1,88,"Not Applicable (Not Transported) ",88,Not Applicable (Not Transported),,,,,,,1,
2021,9,90156,Connecticut,2,2,0,0,0,4,4,3,HARTFORD (3),225,EAST HARTFORD,24,24,10,October,2021,1,Sunday,15,3:00pm-3:59pm,50,50,1,This section IS ON the NHS,2,Urban,3,Principal Arterial - Other,1,State Highway Agency,2,U.S. Highway,US-5 MAIN ST,"STERLING RD ",364,364,41.77673056,41.77673056,-72.638575000,-72.638575000,0,No Special Jurisdiction,12,Motor Vehicle In-Transport,6,Angle,0,No,2,Intersection,2,Four-Way Intersection,0,None,,,1,On Roadway,1,Daylight,,,,,1,Clear,0,No,0000000,Not Applicable,15,3:00pm-3:59pm,50,50,15,3:00pm-3:59pm,56,56,16,4:00pm-4:59pm,31,31,,,,,,,1,
2021,9,90157,Connecticut,2,2,0,0,0,2,2,3,HARTFORD (3),225,EAST HARTFORD,22,22,10,October,2021,6,Friday,20,8:00pm-8:59pm,12,12,1,This section IS ON the NHS,2,Urban,3,Principal Arterial - Other,1,State Highway Agency,3,State Highway,SR-502 SILVER LN,SR-5/15 SB ON RAMP,8,8,41.76114722,41.76114722,-72.638816670,-72.638816670,0,No Special Jurisdiction,12,Motor Vehicle In-Transport,6,Angle,1,Yes,2,Intersection,3,T-Intersection,0,None,,,1,On Roadway,2,Dark - Not Lighted,,,,,1,Clear,0,No,0000000,Not Applicable,20,8:00pm-8:59pm,12,12,20,8:00pm-8:59pm,17,17,20,8:00pm-8:59pm,35,35,,,,,,,1,
2021,9,90158,Connecticut,2,2,0,0,0,2,2,15,WINDHAM (15),550,PLAINFIELD,12,12,4,April,2021,2,Monday,17,5:00pm-5:59pm,29,29,0,This section IS NOT on the NHS,2,Urban,4,Minor Arterial,1,State Highway Agency,3,State Highway,SR-12,,324,324,41.74615833,41.74615833,-71.906669440,-71.906669440,0,No Special Jurisdiction,12,Motor Vehicle In-Transport,6,Angle,0,No,1,Non-Junction,1,Not an Intersection,0,None,,,1,On Roadway,1,Daylight,,,,,1,Clear,0,No,0000000,Not Applicable,17,5:00pm-5:59pm,24,24,17,5:00pm-5:59pm,28,28,18,6:00pm-6:59pm,28,28,,,,,,,1,
2021,9,90159,Connecticut,1,1,0,0,0,3,3,11,NEW LONDON (11),140,COLCHESTER,22,22,10,October,2021,6,Friday,13,1:00pm-1:59pm,0,0,0,This section IS NOT on the NHS,1,Rural,5,Major Collector,1,State Highway Agency,3,State Highway,SR-354,SR- 637,5,5,41.56201389,41.56201389,-72.315433330,-72.315433330,0,No Special Jurisdiction,33,Curb,0,The First Harmful Event was Not a Collision with a Motor Vehicle in Transport,0,No,3,Intersection-Related,2,Four-Way Intersection,0,None,,,4,On Roadside,1,Daylight,,,,,1,Clear,0,No,0000000,Not Applicable,13,1:00pm-1:59pm,1,1,13,1:00pm-1:59pm,6,6,99,Unknown,99,Unknown EMS Hospital Arrival Time,,,,,,,2,
2021,9,90160,Connecticut,1,1,0,0,0,1,1,3,HARTFORD (3),280,HARTFORD,2,2,11,November,2021,3,Tuesday,22,10:00pm-10:59pm,7,7,1,This section IS ON the NHS,2,Urban,1,Interstate,1,State Highway Agency,1,Interstate,I-91 RAMP 829,,1,1,41.73656111,41.73656111,-72.665169440,-72.665169440,0,No Special Jurisdiction,24,Guardrail Face,0,The First Harmful Event was Not a Collision with a Motor Vehicle in Transport,1,Yes,5,Entrance/Exit Ramp Related,1,Not an Intersection,0,None,,,4,On Roadside,3,Dark - Lighted,,,,,1,Clear,0,No,0000000,Not Applicable,22,10:00pm-10:59pm,5,5,22,10:00pm-10:59pm,13,13,22,10:00pm-10:59pm,45,45,,,,,,,1,
2021,9,90161,Connecticut,2,2,0,0,0,2,2,9,NEW HAVEN (9),790,WALLINGFORD,2,2,11,November,2021,3,Tuesday,15,3:00pm-3:59pm,37,37,1,This section IS ON the NHS,2,Urban,3,Principal Arterial - Other,1,State Highway Agency,3,State Highway,SR-68,,159,159,41.48326389,41.48326389,-72.786675000,-72.786675000,0,No Special Jurisdiction,12,Motor Vehicle In-Transport,2,Front-to-Front,0,No,1,Non-Junction,1,Not an Intersection,0,None,,,1,On Roadway,1,Daylight,,,,,1,Clear,0,No,0000000,Not Applicable,15,3:00pm-3:59pm,39,39,15,3:00pm-3:59pm,44,44,16,4:00pm-4:59pm,14,14,,,,,,,2,
2021,9,90162,Connecticut,2,2,0,0,0,2,2,3,HARTFORD (3),225,EAST HARTFORD,3,3,11,November,2021,4,Wednesday,7,7:00am-7:59am,59,59,1,This section IS ON the NHS,2,Urban,1,Interstate,1,State Highway Agency,1,Interstate,I-84,,635,635,41.76620556,41.76620556,-72.651541670,-72.651541670,0,No Special Jurisdiction,12,Motor Vehicle In-Transport,1,Front-to-Rear,1,Yes,18,Through Roadway,1,Not an Intersection,0,None,,,1,On Roadway,1,Daylight,,,,,1,Clear,0,No,0000000,Not Applicable,7,7:00am-7:59am,58,58,8,8:00am-8:59am,6,6,88,"Not Applicable (Not Transported) ",88,Not Applicable (Not Transported),,,,,,,1,
2021,9,90163,Connecticut,6,6,0,0,0,14,14,9,NEW HAVEN (9),370,MERIDEN,6,6,11,November,2021,7,Saturday,15,3:00pm-3:59pm,3,3,1,This section IS ON the NHS,2,Urban,1,Interstate,1,State Highway Agency,1,Interstate,I-91,,200,200,41.53452222,41.53452222,-72.767138890,-72.767138890,0,No Special Jurisdiction,12,Motor Vehicle In-Transport,1,Front-to-Rear,0,No,1,Non-Junction,1,Not an Intersection,0,None,,,1,On Roadway,1,Daylight,,,,,1,Clear,0,No,0000000,Not Applicable,15,3:00pm-3:59pm,3,3,15,3:00pm-3:59pm,11,11,16,4:00pm-4:59pm,2,2,,,,,,,1,
2021,9,90164,Connecticut,1,1,0,0,0,1,1,1,FAIRFIELD (1),460,NEWTOWN,28,28,9,September,2021,3,Tuesday,16,4:00pm-4:59pm,18,18,0,This section IS NOT on the NHS,2,Urban,5,Major Collector,3,Town or Township Highway Agency,5,Local Street - Township,HUNTINGTOWN RD,,29,29,41.34121667,41.34121667,-73.293555560,-73.293555560,0,No Special Jurisdiction,42,Tree (Standing Only),0,The First Harmful Event was Not a Collision with a Motor Vehicle in Transport,0,No,1,Non-Junction,1,Not an Intersection,0,None,,,4,On Roadside,1,Daylight,,,,,1,Clear,0,No,0000000,Not Applicable,99,Unknown,99,Unknown,99,Unknown EMS Scene Arrival Hour,99,Unknown EMS Scene Arrival Minutes,88,"Not Applicable (Not Transported) ",88,Not Applicable (Not Transported),,,,,,,1,
2021,9,90165,Connecticut,2,2,0,0,0,1,1,9,NEW HAVEN (9),430,NEW HAVEN,4,4,4,April,2021,1,Sunday,18,6:00pm-6:59pm,22,22,0,This section IS NOT on the NHS,2,Urban,4,Minor Arterial,3,Town or Township Highway Agency,6,Local Street - Municipality,QUINNIPIAC AV,ESSEX ST,19,19,41.31713056,41.31713056,-72.876388890,-72.876388890,0,No Special Jurisdiction,12,Motor Vehicle In-Transport,6,Angle,0,No,2,Intersection,4,Y-Intersection,0,None,,,1,On Roadway,1,Daylight,,,,,1,Clear,0,No,0000000,Not Applicable,18,6:00pm-6:59pm,25,25,18,6:00pm-6:59pm,30,30,18,6:00pm-6:59pm,45,45,,,,,,,1,
2021,9,90166,Connecticut,1,1,0,0,0,1,1,15,WINDHAM (15),330,KILLINGLY CENTER,16,16,10,October,2021,7,Saturday,9,9:00am-9:59am,51,51,1,This section IS ON the NHS,2,Urban,3,Principal Arterial - Other,1,State Highway Agency,2,U.S. Highway,US-6,,1133,1133,41.78918333,41.78918333,-71.848663890,-71.848663890,0,No Special Jurisdiction,18,Other Object (not fixed),0,The First Harmful Event was Not a Collision with a Motor Vehicle in Transport,0,No,1,Non-Junction,1,Not an Intersection,0,None,,,2,On Shoulder,1,Daylight,,,,,1,Clear,0,No,0000000,Not Applicable,9,9:00am-9:59am,51,51,9,9:00am-9:59am,56,56,99,Unknown,99,Unknown EMS Hospital Arrival Time,,,,,,,1,
2021,9,90167,Connecticut,2,2,0,0,0,2,2,1,FAIRFIELD (1),170,DANBURY,15,15,9,September,2021,4,Wednesday,18,6:00pm-6:59pm,59,59,0,This section IS NOT on the NHS,2,Urban,4,Minor Arterial,1,State Highway Agency,3,State Highway,SR-53,,213,213,41.38611944,41.38611944,-73.430030560,-73.430030560,0,No Special Jurisdiction,39,Wall,0,The First Harmful Event was Not a Collision with a Motor Vehicle in Transport,0,No,1,Non-Junction,1,Not an Intersection,0,None,,,4,On Roadside,5,Dusk,,,,,1,Clear,0,No,0000000,Not Applicable,19,7:00pm-7:59pm,0,0,19,7:00pm-7:59pm,4,4,19,7:00pm-7:59pm,19,19,,,,,,,1,
2021,9,90168,Connecticut,1,1,0,0,0,1,1,9,NEW HAVEN (9),640,SEYMOUR,9,9,11,November,2021,3,Tuesday,7,7:00am-7:59am,56,56,1,This section IS ON the NHS,2,Urban,2,Principal Arterial - Other Freeways and Expressways,1,State Highway Agency,3,State Highway,SR-8,,170,170,41.37563333,41.37563333,-73.082930560,-73.082930560,0,No Special Jurisdiction,5,Fell/Jumped from Vehicle,0,The First Harmful Event was Not a Collision with a Motor Vehicle in Transport,0,No,1,Non-Junction,1,Not an Intersection,0,None,,,2,On Shoulder,1,Daylight,,,,,1,Clear,0,No,0000000,Not Applicable,7,7:00am-7:59am,56,56,8,8:00am-8:59am,6,6,8,8:00am-8:59am,35,35,,,,,,,1,
2021,9,90169,Connecticut,1,1,0,0,0,3,3,3,HARTFORD (3),46,BERLIN,10,10,11,November,2021,4,Wednesday,13,1:00pm-1:59pm,12,12,1,This section IS ON the NHS,2,Urban,2,Principal Arterial - Other Freeways and Expressways,1,State Highway Agency,3,State Highway,SR-9,,331,331,41.63359722,41.63359722,-72.752327780,-72.752327780,0,No Special Jurisdiction,24,Guardrail Face,0,The First Harmful Event was Not a Collision with a Motor Vehicle in Transport,1,Yes,19,Other location within Interchange Area,1,Not an Intersection,0,None,,,3,On Median,1,Daylight,,,,,1,Clear,0,No,0000000,Not Applicable,13,1:00pm-1:59pm,12,12,13,1:00pm-1:59pm,18,18,99,Unknown,99,Unknown EMS Hospital Arrival Time,,,,,,,1,
2021,9,90170,Connecticut,2,2,0,0,0,2,2,3,HARTFORD (3),229,ENFIELD,12,12,11,November,2021,6,Friday,0,0:00am-0:59am,42,42,1,This section IS ON the NHS,2,Urban,1,Interstate,1,State Highway Agency,1,Interstate,I-91,,563,563,41.99746389,41.99746389,-72.585741670,-72.585741670,0,No Special Jurisdiction,12,Motor Vehicle In-Transport,1,Front-to-Rear,1,Yes,18,Through Roadway,1,Not an Intersection,0,None,,,1,On Roadway,3,Dark - Lighted,,,,,10,Cloudy,0,No,0000000,Not Applicable,0,0:00am-0:59am,42,42,0,0:00am-0:59am,53,53,88,"Not Applicable (Not Transported) ",88,Not Applicable (Not Transported),,,,,,,1,
2021,9,90171,Connecticut,1,1,0,0,0,1,1,15,WINDHAM (15),843,WINDHAM,16,16,9,September,2021,5,Thursday,15,3:00pm-3:59pm,22,22,1,This section IS ON the NHS,2,Urban,3,Principal Arterial - Other,1,State Highway Agency,3,State Highway,SR-66,,375,375,41.72339722,41.72339722,-72.192627780,-72.192627780,0,No Special Jurisdiction,42,Tree (Standing Only),0,The First Harmful Event was Not a Collision with a Motor Vehicle in Transport,0,No,1,Non-Junction,1,Not an Intersection,0,None,,,4,On Roadside,1,Daylight,,,,,1,Clear,0,No,0000000,Not Applicable,15,3:00pm-3:59pm,21,21,15,3:00pm-3:59pm,29,29,16,4:00pm-4:59pm,1,1,,,,,,,1,
2021,9,90172,Connecticut,3,3,0,0,0,3,3,15,WINDHAM (15),12,ASHFORD,7,7,11,November,2021,1,Sunday,14,2:00pm-2:59pm,34,34,0,This section IS NOT on the NHS,1,Rural,4,Minor Arterial,1,State Highway Agency,2,U.S. Highway,US-44 ASHFORD CENTER RD,PUMPKIN HILL RD,848,848,41.87181389,41.87181389,-72.124313890,-72.124313890,0,No Special Jurisdiction,12,Motor Vehicle In-Transport,2,Front-to-Front,0,No,2,Intersection,3,T-Intersection,0,None,,,1,On Roadway,1,Daylight,,,,,1,Clear,0,No,0000000,Not Applicable,14,2:00pm-2:59pm,31,31,14,2:00pm-2:59pm,37,37,15,3:00pm-3:59pm,23,23,,,,,,,1,
2021,9,90173,Connecticut,1,1,0,0,0,1,1,3,HARTFORD (3),237,FARMINGTON,1,1,7,July,2021,5,Thursday,9,9:00am-9:59am,11,11,1,This section IS ON the NHS,2,Urban,1,Interstate,1,State Highway Agency,1,Interstate,I-84,,548,548,41.72495556,41.72495556,-72.785233330,-72.785233330,0,No Special Jurisdiction,30,Utility Pole/Light Support,0,The First Harmful Event was Not a Collision with a Motor Vehicle in Transport,0,No,1,Non-Junction,1,Not an Intersection,0,None,,,4,On Roadside,1,Daylight,,,,,10,Cloudy,0,No,0000000,Not Applicable,9,9:00am-9:59am,7,7,9,9:00am-9:59am,16,16,9,9:00am-9:59am,30,30,,,,,,,1,
2021,9,90176,Connecticut,1,1,0,0,0,1,1,5,LITCHFIELD (5),760,WEST TORRINGTON,27,27,6,June,2021,1,Sunday,19,7:00pm-7:59pm,56,56,0,This section IS NOT on the NHS,2,Urban,5,Major Collector,1,State Highway Agency,3,State Highway,SR-800 WINSTED RD,,65,65,41.84993056,41.84993056,-73.097588890,-73.097588890,0,No Special Jurisdiction,24,Guardrail Face,0,The First Harmful Event was Not a Collision with a Motor Vehicle in Transport,0,No,1,Non-Junction,1,Not an Intersection,0,None,,,4,On Roadside,2,Dark - Not Lighted,,,,,1,Clear,0,No,0000000,Not Applicable,19,7:00pm-7:59pm,57,57,20,8:00pm-8:59pm,1,1,88,"Not Applicable (Not Transported) ",88,Not Applicable (Not Transported),,,,,,,1,
2021,9,90177,Connecticut,2,2,0,0,0,3,3,5,LITCHFIELD (5),760,WEST TORRINGTON,16,16,7,July,2021,6,Friday,15,3:00pm-3:59pm,20,20,0,This section IS NOT on the NHS,2,Urban,4,Minor Arterial,1,State Highway Agency,3,State Highway,SR-800,,16,16,41.78646944,41.78646944,-73.117486110,-73.117486110,0,No Special Jurisdiction,12,Motor Vehicle In-Transport,6,Angle,0,No,8,Driveway Access Related,1,Not an Intersection,0,None,,,1,On Roadway,1,Daylight,,,,,1,Clear,0,No,0000000,Not Applicable,15,3:00pm-3:59pm,22,22,15,3:00pm-3:59pm,23,23,16,4:00pm-4:59pm,0,0,,,,,,,1,
2021,9,90178,Connecticut,2,2,0,0,0,5,5,7,MIDDLESEX (7),217,EAST HADDAM,29,29,6,June,2021,3,Tuesday,15,3:00pm-3:59pm,52,52,0,This section IS NOT on the NHS,1,Rural,4,Minor Arterial,1,State Highway Agency,3,State Highway,SR-82 TOWN ST,,89,89,41.42528889,41.42528889,-72.405494440,-72.405494440,0,No Special Jurisdiction,12,Motor Vehicle In-Transport,2,Front-to-Front,0,No,1,Non-Junction,1,Not an Intersection,0,None,,,1,On Roadway,1,Daylight,,,,,1,Clear,0,No,0000000,Not Applicable,15,3:00pm-3:59pm,52,52,16,4:00pm-4:59pm,7,7,17,5:00pm-5:59pm,9,9,,,,,,,1,
2021,9,90179,Connecticut,2,2,0,0,0,2,2,13,TOLLAND (13),663,SOMERS,27,27,10,October,2021,4,Wednesday,12,12:00pm-12:59pm,35,35,0,This section IS NOT on the NHS,2,Urban,5,Major Collector,1,State Highway Agency,3,State Highway,SR-528 TURNPIKE RD,Bradfield Dr,13,13,42.00062222,42.00062222,-72.433822220,-72.433822220,0,No Special Jurisdiction,12,Motor Vehicle In-Transport,6,Angle,0,No,2,Intersection,3,T-Intersection,0,None,,,1,On Roadway,1,Daylight,,,,,10,Cloudy,0,No,0000000,Not Applicable,12,12:00pm-12:59pm,35,35,12,12:00pm-12:59pm,41,41,13,1:00pm-1:59pm,29,29,,,,,,,1,
2021,9,90180,Connecticut,2,2,0,0,0,3,3,15,WINDHAM (15),843,WINDHAM,22,22,11,November,2021,2,Monday,12,12:00pm-12:59pm,25,25,1,This section IS ON the NHS,2,Urban,3,Principal Arterial - Other,1,State Highway Agency,2,U.S. Highway,US-6,SR-203,950,950,41.74822500,41.74822500,-72.155511110,-72.155511110,0,No Special Jurisdiction,12,Motor Vehicle In-Transport,6,Angle,0,No,2,Intersection,2,Four-Way Intersection,0,None,,,1,On Roadway,1,Daylight,,,,,10,Cloudy,0,No,0000000,Not Applicable,12,12:00pm-12:59pm,21,21,12,12:00pm-12:59pm,29,29,12,12:00pm-12:59pm,48,48,,,,,,,2,
2021,9,90181,Connecticut,1,1,0,1,1,1,1,9,NEW HAVEN (9),430,NEW HAVEN,21,21,10,October,2021,5,Thursday,18,6:00pm-6:59pm,43,43,0,This section IS NOT on the NHS,2,Urban,4,Minor Arterial,3,Town or Township Highway Agency,5,Local Street - Township,CHAPEL ST,,17,17,41.30552222,41.30552222,-72.924613890,-72.924613890,0,No Special Jurisdiction,8,Pedestrian,0,The First Harmful Event was Not a Collision with a Motor Vehicle in Transport,0,No,1,Non-Junction,1,Not an Intersection,0,None,,,1,On Roadway,3,Dark - Lighted,,,,,1,Clear,0,No,0000000,Not Applicable,99,Unknown,99,Unknown,99,Unknown EMS Scene Arrival Hour,99,Unknown EMS Scene Arrival Minutes,88,"Not Applicable (Not Transported) ",88,Not Applicable (Not Transported),,,,,,,1,
2021,9,90183,Connecticut,1,1,0,0,0,1,1,3,HARTFORD (3),90,BRISTOL,1,1,2,February,2021,2,Monday,0,0:00am-0:59am,13,13,1,This section IS ON the NHS,2,Urban,3,Principal Arterial - Other,1,State Highway Agency,3,State Highway,SR-229,,54,54,41.68285000,41.68285000,-72.923927780,-72.923927780,0,No Special Jurisdiction,33,Curb,0,The First Harmful Event was Not a Collision with a Motor Vehicle in Transport,0,No,1,Non-Junction,1,Not an Intersection,0,None,,,4,On Roadside,3,Dark - Lighted,,,,,4,Snow,0,No,0000000,Not Applicable,0,0:00am-0:59am,16,16,0,0:00am-0:59am,20,20,0,0:00am-0:59am,41,41,,,,,,,1,
2021,9,90184,Connecticut,2,2,0,0,0,2,2,1,FAIRFIELD (1),650,SHELTON,20,20,8,August,2021,6,Friday,19,7:00pm-7:59pm,4,4,0,This section IS NOT on the NHS,2,Urban,5,Major Collector,4,City or Municipal Highway Agency,6,Local Street - Municipality,MEADOW ST,,8,8,41.32186944,41.32186944,-73.117508330,-73.117508330,0,No Special Jurisdiction,12,Motor Vehicle In-Transport,2,Front-to-Front,0,No,1,Non-Junction,1,Not an Intersection,0,None,,,1,On Roadway,1,Daylight,,,,,1,Clear,0,No,0000000,Not Applicable,99,Unknown,99,Unknown,99,Unknown EMS Scene Arrival Hour,99,Unknown EMS Scene Arrival Minutes,99,Unknown,99,Unknown EMS Hospital Arrival Time,,,,,,,1,
2021,9,90185,Connecticut,2,2,0,0,0,2,2,11,NEW LONDON (11),710,STONINGTON,22,22,4,April,2021,5,Thursday,12,12:00pm-12:59pm,29,29,0,This section IS NOT on the NHS,1,Rural,5,Major Collector,3,Town or Township Highway Agency,6,Local Street - Municipality,COOGAN BLVD,,6,6,41.37335278,41.37335278,-71.948958330,-71.948958330,0,No Special Jurisdiction,12,Motor Vehicle In-Transport,6,Angle,0,No,1,Non-Junction,1,Not an Intersection,0,None,,,1,On Roadway,1,Daylight,,,,,1,Clear,0,No,0000000,Not Applicable,12,12:00pm-12:59pm,33,33,12,12:00pm-12:59pm,40,40,13,1:00pm-1:59pm,5,5,,,,,,,1,
2021,9,90186,Connecticut,1,1,0,0,0,1,1,9,NEW HAVEN (9),38,BEACON FALLS,30,30,8,August,2021,2,Monday,6,6:00am-6:59am,58,58,1,This section IS ON the NHS,2,Urban,2,Principal Arterial - Other Freeways and Expressways,1,State Highway Agency,3,State Highway,SR-8,,216,216,41.43732778,41.43732778,-73.067772220,-73.067772220,0,No Special Jurisdiction,42,Tree (Standing Only),0,The First Harmful Event was Not a Collision with a Motor Vehicle in Transport,0,No,1,Non-Junction,1,Not an Intersection,0,None,,,4,On Roadside,1,Daylight,,,,,1,Clear,0,No,0000000,Not Applicable,99,Unknown,99,Unknown,99,Unknown EMS Scene Arrival Hour,99,Unknown EMS Scene Arrival Minutes,88,"Not Applicable (Not Transported) ",88,Not Applicable (Not Transported),,,,,,,1,
2021,9,90187,Connecticut,1,1,0,1,1,1,1,3,HARTFORD (3),555,PLAINVILLE,19,19,8,August,2021,5,Thursday,20,8:00pm-8:59pm,50,50,1,This section IS ON the NHS,2,Urban,3,Principal Arterial - Other,1,State Highway Agency,3,State Highway,SR-372,,27,27,41.67545833,41.67545833,-72.839769440,-72.839769440,0,No Special Jurisdiction,8,Pedestrian,0,The First Harmful Event was Not a Collision with a Motor Vehicle in Transport,0,No,1,Non-Junction,1,Not an Intersection,0,None,,,1,On Roadway,3,Dark - Lighted,,,,,1,Clear,0,No,0000000,Not Applicable,99,Unknown,99,Unknown,99,Unknown EMS Scene Arrival Hour,99,Unknown EMS Scene Arrival Minutes,99,Unknown,99,Unknown EMS Hospital Arrival Time,,,,,,,1,
2021,9,90189,Connecticut,1,1,0,0,0,2,2,3,HARTFORD (3),838,WETHERSFIELD,6,6,9,September,2021,2,Monday,12,12:00pm-12:59pm,1,1,1,This section IS ON the NHS,2,Urban,2,Principal Arterial - Other Freeways and Expressways,1,State Highway Agency,3,State Highway,SR-15 RAMP 158,,2,2,41.72672222,41.72672222,-72.668511110,-72.668511110,0,No Special Jurisdiction,33,Curb,0,The First Harmful Event was Not a Collision with a Motor Vehicle in Transport,1,Yes,5,Entrance/Exit Ramp Related,1,Not an Intersection,0,None,,,4,On Roadside,1,Daylight,,,,,1,Clear,0,No,0000000,Not Applicable,12,12:00pm-12:59pm,4,4,12,12:00pm-12:59pm,7,7,12,12:00pm-12:59pm,25,25,,,,,,,1,
2021,9,90190,Connecticut,1,1,0,1,1,1,1,3,HARTFORD (3),225,EAST HARTFORD,26,26,10,October,2021,3,Tuesday,6,6:00am-6:59am,55,55,0,This section IS NOT on the NHS,2,Urban,4,Minor Arterial,3,Town or Township Highway Agency,5,Local Street - Township,BURNHAM ST,DOLORES DR,7,7,41.79934444,41.79934444,-72.611275000,-72.611275000,0,No Special Jurisdiction,8,Pedestrian,0,The First Harmful Event was Not a Collision with a Motor Vehicle in Transport,0,No,3,Intersection-Related,3,T-Intersection,0,None,,,1,On Roadway,2,Dark - Not Lighted,,,,,2,Rain,1,Yes,0000000,Not Applicable,6,6:00am-6:59am,59,59,7,7:00am-7:59am,5,5,7,7:00am-7:59am,31,31,,,,,,,1,
2021,9,90191,Connecticut,2,2,0,0,0,2,2,1,FAIRFIELD (1),715,STRATFORD,13,13,10,October,2021,4,Wednesday,21,9:00pm-9:59pm,48,48,0,This section IS NOT on the NHS,2,Urban,4,Minor Arterial,1,State Highway Agency,3,State Highway,SR-110,WARNER HILL RD,40,40,41.25488333,41.25488333,-73.099738890,-73.099738890,0,No Special Jurisdiction,12,Motor Vehicle In-Transport,6,Angle,0,No,2,Intersection,3,T-Intersection,0,None,,,1,On Roadway,3,Dark - Lighted,,,,,1,Clear,0,No,0000000,Not Applicable,21,9:00pm-9:59pm,48,48,21,9:00pm-9:59pm,56,56,88,"Not Applicable (Not Transported) ",88,Not Applicable (Not Transported),,,,,,,1,
2021,9,90192,Connecticut,1,1,0,0,0,2,2,9,NEW HAVEN (9),430,NEW HAVEN,30,30,11,November,2021,3,Tuesday,20,8:00pm-8:59pm,14,14,0,This section IS NOT on the NHS,2,Urban,4,Minor Arterial,3,Town or Township Highway Agency,6,Local Street - Municipality,SHERMAN PKWY,,6,6,41.32771667,41.32771667,-72.937072220,-72.937072220,0,No Special Jurisdiction,42,Tree (Standing Only),0,The First Harmful Event was Not a Collision with a Motor Vehicle in Transport,0,No,1,Non-Junction,1,Not an Intersection,0,None,,,4,On Roadside,3,Dark - Lighted,,,,,1,Clear,0,No,0000000,Not Applicable,20,8:00pm-8:59pm,14,14,20,8:00pm-8:59pm,20,20,20,8:00pm-8:59pm,30,30,,,,,,,1,
2021,9,90193,Connecticut,2,2,0,0,0,4,4,13,TOLLAND (13),785,VERNON,2,2,12,December,2021,5,Thursday,20,8:00pm-8:59pm,16,16,1,This section IS ON the NHS,2,Urban,1,Interstate,1,State Highway Agency,1,Interstate,I-84,,771,771,41.85315000,41.85315000,-72.432472220,-72.432472220,0,No Special Jurisdiction,12,Motor Vehicle In-Transport,1,Front-to-Rear,1,Yes,18,Through Roadway,1,Not an Intersection,0,None,,,1,On Roadway,3,Dark - Lighted,,,,,10,Cloudy,0,No,0000000,Not Applicable,20,8:00pm-8:59pm,18,18,99,Unknown EMS Scene Arrival Hour,99,Unknown EMS Scene Arrival Minutes,99,Unknown,99,Unknown EMS Hospital Arrival Time,,,,,,,1,
2021,9,90194,Connecticut,4,4,0,0,0,4,4,9,NEW HAVEN (9),430,NEW HAVEN,2,2,12,December,2021,5,Thursday,13,1:00pm-1:59pm,40,40,1,This section IS ON the NHS,2,Urban,1,Interstate,1,State Highway Agency,1,Interstate,I-95,,463,463,41.28435556,41.28435556,-72.931227780,-72.931227780,0,No Special Jurisdiction,12,Motor Vehicle In-Transport,1,Front-to-Rear,1,Yes,17,Acceleration/Deceleration Lane,1,Not an Intersection,0,None,,,1,On Roadway,1,Daylight,,,,,1,Clear,0,No,0000000,Not Applicable,13,1:00pm-1:59pm,41,41,13,1:00pm-1:59pm,46,46,99,Unknown,99,Unknown EMS Hospital Arrival Time,,,,,,,1,
2021,9,90195,Connecticut,1,1,0,0,0,1,1,15,WINDHAM (15),330,KILLINGLY CENTER,11,11,12,December,2021,7,Saturday,21,9:00pm-9:59pm,22,22,0,This section IS NOT on the NHS,1,Rural,6,Minor Collector,3,Town or Township Highway Agency,6,Local Street - Municipality,BAILEY HILL RD,,31,31,41.80755556,41.80755556,-71.818733330,-71.818733330,0,No Special Jurisdiction,42,Tree (Standing Only),0,The First Harmful Event was Not a Collision with a Motor Vehicle in Transport,0,No,1,Non-Junction,1,Not an Intersection,0,None,,,4,On Roadside,2,Dark - Not Lighted,,,,,2,Rain,0,No,0000000,Not Applicable,21,9:00pm-9:59pm,28,28,21,9:00pm-9:59pm,29,29,88,"Not Applicable (Not Transported) ",88,Not Applicable (Not Transported),,,,,,,1,