caseyear,state,st_case,statename,ve_total,ve_forms,pvh_invl,peds,pernotmvit,permvit,persons,county,countyname,city,cityname,day,dayname,month,monthname,year,day_week,day_weekname,hour,hourname,minute,minutename,nhs,nhsname,rur_urb,rur_urbname,func_sys,func_sysname,rd_owner,rd_ownername,route,routename,tway_id,tway_id2,milept,mileptname,latitude,latitudename,longitud,longitudname,sp_jur,sp_jurname,harm_ev,harm_evname,man_coll,man_collname,reljct1,reljct1name,reljct2,reljct2name,typ_int,typ_intname,wrk_zone,wrk_zonename,road_fnc,road_fncname,rel_road,rel_roadname,lgt_cond,lgt_condname,weather1,weather1name,weather2,weather2name,weather,weathername,sch_bus,sch_busname,rail,railname,not_hour,not_hourname,not_min,not_minname,arr_hour,arr_hourname,arr_min,arr_minname,hosp_hr,hosp_hrname,hosp_mn,hosp_mnname,cf1,cf1name,cf2,cf2name,cf3,cf3name,fatals,drunk_dr
2021,9,90196,Connecticut,2,2,0,0,0,4,4,3,HARTFORD (3),686,SOUTH WINDSOR,12,12,7,July,2021,2,Monday,17,5:00pm-5:59pm,27,27,1,This section IS ON the NHS,2,Urban,3,Principal Arterial - Other,1,State Highway Agency,2,U.S. Highway,US-5,GOVERNORS HWY,407,407,41.83268611,41.83268611,-72.604422220,-72.604422220,0,No Special Jurisdiction,12,Motor Vehicle In-Transport,6,Angle,1,Yes,2,Intersection,2,Four-Way Intersection,0,None,,,1,On Roadway,1,Daylight,,,,,1,Clear,0,No,0000000,Not Applicable,17,5:00pm-5:59pm,28,28,17,5:00pm-5:59pm,41,41,18,6:00pm-6:59pm,8,8,,,,,,,1,
2021,9,90197,Connecticut,1,1,0,1,1,2,2,3,HARTFORD (3),838,WETHERSFIELD,9,9,11,November,2021,3,Tuesday,12,12:00pm-12:59pm,53,53,0,This section IS NOT on the NHS,2,Urban,5,Major Collector,3,Town or Township Highway Agency,6,Local Street - Municipality,NOTT ST,RIDGE RD,14,14,41.71191111,41.71191111,-72.690802780,-72.690802780,0,No Special Jurisdiction,8,Pedestrian,0,The First Harmful Event was Not a Collision with a Motor Vehicle in Transport,0,No,3,Intersection-Related,2,Four-Way Intersection,0,None,,,1,On Roadway,1,Daylight,,,,,1,Clear,0,No,0000000,Not Applicable,12,12:00pm-12:59pm,55,55,12,12:00pm-12:59pm,58,58,13,1:00pm-1:59pm,12,12,,,,,,,1,
2021,9,90198,Connecticut,2,2,0,0,0,3,3,7,MIDDLESEX (7),160,CROMWELL,21,21,8,August,2021,7,Saturday,11,11:00am-11:59am,53,53,0,This section IS NOT on the NHS,2,Urban,4,Minor Arterial,1,State Highway Agency,3,State Highway,SR-3,,40,40,41.61206944,41.61206944,-72.675950000,-72.675950000,0,No Special Jurisdiction,12,Motor Vehicle In-Transport,2,Front-to-Front,0,No,1,Non-Junction,1,Not an Intersection,0,None,,,1,On Roadway,1,Daylight,,,,,1,Clear,0,No,0000000,Not Applicable,99,Unknown,99,Unknown,99,Unknown EMS Scene Arrival Hour,99,Unknown EMS Scene Arrival Minutes,99,Unknown,99,Unknown EMS Hospital Arrival Time,,,,,,,1,
2021,9,90199,Connecticut,3,3,0,0,0,3,3,3,HARTFORD (3),46,BERLIN,12,12,11,November,2021,6,Friday,22,10:00pm-10:59pm,32,32,1,This section IS ON the NHS,2,Urban,3,Principal Arterial - Other,1,State Highway Agency,3,State Highway,SR-15,ORCHARD RD,695,695,41.59777778,41.59777778,-72.754958330,-72.754958330,0,No Special Jurisdiction,12,Motor Vehicle In-Transport,1,Front-to-Rear,0,No,3,Intersection-Related,2,Four-Way Intersection,0,None,,,1,On Roadway,3,Dark - Lighted,,,,,1,Clear,0,No,0000000,Not Applicable,99,Unknown,99,Unknown,99,Unknown EMS Scene Arrival Hour,99,Unknown EMS Scene Arrival Minutes,99,Unknown,99,Unknown EMS Hospital Arrival Time,,,,,,,1,
2021,9,90200,Connecticut,1,1,0,0,0,1,1,15,WINDHAM (15),858,WOODSTOCK,21,21,12,December,2021,3,Tuesday,14,2:00pm-2:59pm,49,49,0,This section IS NOT on the NHS,1,Rural,5,Major Collector,1,State Highway Agency,3,State Highway,SR-171,,136,136,41.94717778,41.94717778,-72.021247220,-72.021247220,0,No Special Jurisdiction,24,Guardrail Face,0,The First Harmful Event was Not a Collision with a Motor Vehicle in Transport,0,No,1,Non-Junction,1,Not an Intersection,0,None,,,4,On Roadside,1,Daylight,,,,,1,Clear,0,No,0000000,Not Applicable,99,Unknown,99,Unknown,99,Unknown EMS Scene Arrival Hour,99,Unknown EMS Scene Arrival Minutes,88,"Not Applicable (Not Transported) ",88,Not Applicable (Not Transported),,,,,,,1,
2021,9,90201,Connecticut,2,2,0,0,0,3,3,13,TOLLAND (13),756,TOLLAND,26,26,6,June,2021,7,Saturday,1,1:00am-1:59am,16,16,0,This section IS NOT on the NHS,2,Urban,5,Major Collector,1,State Highway Agency,3,State Highway,SR-30,HUNTER RD,155,155,41.89867778,41.89867778,-72.394438890,-72.394438890,0,No Special Jurisdiction,12,Motor Vehicle In-Transport,6,Angle,0,No,2,Intersection,2,Four-Way Intersection,0,None,,,1,On Roadway,3,Dark - Lighted,,,,,1,Clear,0,No,0000000,Not Applicable,1,1:00am-1:59am,16,16,1,1:00am-1:59am,20,20,2,2:00am-2:59am,0,0,,,,,,,1,
2021,9,90202,Connecticut,1,1,0,0,0,2,2,3,HARTFORD (3),225,EAST HARTFORD,25,25,11,November,2021,5,Thursday,0,0:00am-0:59am,52,52,1,This section IS ON the NHS,2,Urban,2,Principal Arterial - Other Freeways and Expressways,1,State Highway Agency,3,State Highway,SR-2,,15,15,41.75534722,41.75534722,-72.650061110,-72.650061110,0,No Special Jurisdiction,24,Guardrail Face,0,The First Harmful Event was Not a Collision with a Motor Vehicle in Transport,1,Yes,19,Other location within Interchange Area,1,Not an Intersection,0,None,,,3,On Median,3,Dark - Lighted,,,,,1,Clear,0,No,0000000,Not Applicable,0,0:00am-0:59am,47,47,0,0:00am-0:59am,56,56,1,1:00am-1:59am,20,20,,,,,,,1,
2021,9,90203,Connecticut,1,1,0,1,1,1,1,13,TOLLAND (13),368,MANSFIELD CENTER,30,30,11,November,2021,3,Tuesday,17,5:00pm-5:59pm,8,8,0,This section IS NOT on the NHS,2,Urban,4,Minor Arterial,1,State Highway Agency,3,State Highway,SR-275 SOUTH EAGLEVILLE RD,EASTWOOD RD,38,38,41.79785833,41.79785833,-72.246605560,-72.246605560,0,No Special Jurisdiction,8,Pedestrian,0,The First Harmful Event was Not a Collision with a Motor Vehicle in Transport,0,No,3,Intersection-Related,3,T-Intersection,0,None,,,1,On Roadway,3,Dark - Lighted,,,,,1,Clear,0,No,0000000,Not Applicable,17,5:00pm-5:59pm,9,9,99,Unknown EMS Scene Arrival Hour,99,Unknown EMS Scene Arrival Minutes,99,Unknown,99,Unknown EMS Hospital Arrival Time,,,,,,,1,
2021,9,90204,Connecticut,2,2,0,0,0,4,4,3,HARTFORD (3),237,FARMINGTON,12,12,12,December,2021,1,Sunday,19,7:00pm-7:59pm,3,3,1,This section IS ON the NHS,2,Urban,1,Interstate,1,State Highway Agency,1,Interstate,I-84,,549,549,41.72540556,41.72540556,-72.783211110,-72.783211110,0,No Special Jurisdiction,12,Motor Vehicle In-Transport,7,Sideswipe - Same Direction,1,Yes,18,Through Roadway,1,Not an Intersection,0,None,,,1,On Roadway,3,Dark - Lighted,,,,,1,Clear,0,No,0000000,Not Applicable,19,7:00pm-7:59pm,1,1,19,7:00pm-7:59pm,7,7,19,7:00pm-7:59pm,55,55,,,,,,,1,
2021,9,90205,Connecticut,2,2,0,0,0,2,2,13,TOLLAND (13),7,ANDOVER,22,22,12,December,2021,4,Wednesday,11,11:00am-11:59am,17,17,1,This section IS ON the NHS,1,Rural,3,Principal Arterial - Other,1,State Highway Agency,2,U.S. Highway,US-6,,839,839,41.72809722,41.72809722,-72.350936110,-72.350936110,0,No Special Jurisdiction,12,Motor Vehicle In-Transport,2,Front-to-Front,0,No,1,Non-Junction,1,Not an Intersection,0,None,,,1,On Roadway,1,Daylight,,,,,1,Clear,0,No,0000000,Not Applicable,11,11:00am-11:59am,17,17,11,11:00am-11:59am,18,18,12,12:00pm-12:59pm,0,0,,,,,,,1,
2021,9,90206,Connecticut,1,1,0,0,0,1,1,9,NEW HAVEN (9),222,EAST HAVEN,23,23,12,December,2021,5,Thursday,4,4:00am-4:59am,16,16,1,This section IS ON the NHS,2,Urban,3,Principal Arterial - Other,1,State Highway Agency,3,State Highway,SR-80,,26,26,41.32467778,41.32467778,-72.834861110,-72.834861110,0,No Special Jurisdiction,33,Curb,0,The First Harmful Event was Not a Collision with a Motor Vehicle in Transport,0,No,1,Non-Junction,1,Not an Intersection,0,None,,,4,On Roadside,3,Dark - Lighted,,,,,1,Clear,0,No,0000000,Not Applicable,4,4:00am-4:59am,16,16,4,4:00am-4:59am,21,21,4,4:00am-4:59am,43,43,,,,,,,1,
2021,9,90207,Connecticut,3,1,2,5,6,1,2,1,FAIRFIELD (1),80,BRIDGEPORT,19,19,6,June,2021,7,Saturday,6,6:00am-6:59am,16,16,1,This section IS ON the NHS,2,Urban,1,Interstate,1,State Highway Agency,1,Interstate,I-95,,279,279,41.16621667,41.16621667,-73.213027780,-73.213027780,0,No Special Jurisdiction,14,Parked Motor Vehicle,0,The First Harmful Event was Not a Collision with a Motor Vehicle in Transport,1,Yes,19,Other location within Interchange Area,1,Not an Intersection,0,None,,,2,On Shoulder,1,Daylight,,,,,1,Clear,0,No,0000000,Not Applicable,99,Unknown,99,Unknown,99,Unknown EMS Scene Arrival Hour,99,Unknown EMS Scene Arrival Minutes,99,Unknown,99,Unknown EMS Hospital Arrival Time,,,,,,,1,
2021,9,90209,Connecticut,3,3,0,0,0,7,7,5,LITCHFIELD (5),802,WASHINGTON,18,18,4,April,2021,1,Sunday,13,1:00pm-1:59pm,34,34,1,This section IS ON the NHS,1,Rural,3,Principal Arterial - Other,1,State Highway Agency,2,U.S. Highway,US-202,,317,317,41.70088889,41.70088889,-73.285902780,-73.285902780,0,No Special Jurisdiction,12,Motor Vehicle In-Transport,8,Sideswipe - Opposite Direction,0,No,1,Non-Junction,1,Not an Intersection,0,None,,,1,On Roadway,1,Daylight,,,,,1,Clear,0,No,0000000,Not Applicable,13,1:00pm-1:59pm,34,34,13,1:00pm-1:59pm,49,49,14,2:00pm-2:59pm,21,21,,,,,,,1,
2021,9,90210,Connecticut,2,2,0,1,1,3,3,9,NEW HAVEN (9),669,SOUTHBURY,29,29,12,December,2021,4,Wednesday,23,11:00pm-11:59pm,39,39,1,This section IS ON the NHS,2,Urban,1,Interstate,1,State Highway Agency,1,Interstate,I-84 E,,223,223,41.47862222,41.47862222,-73.205986110,-73.205986110,0,No Special Jurisdiction,8,Pedestrian,0,The First Harmful Event was Not a Collision with a Motor Vehicle in Transport,1,Yes,18,Through Roadway,1,Not an Intersection,0,None,,,1,On Roadway,3,Dark - Lighted,,,,,2,Rain,0,No,0000000,Not Applicable,23,11:00pm-11:59pm,39,39,23,11:00pm-11:59pm,45,45,0,0:00am-0:59am,18,18,,,,,,,1,
2021,9,90211,Connecticut,2,2,0,0,0,2,2,9,NEW HAVEN (9),430,NEW HAVEN,26,26,6,June,2021,7,Saturday,1,1:00am-1:59am,30,30,1,This section IS ON the NHS,2,Urban,3,Principal Arterial - Other,1,State Highway Agency,3,State Highway,SR-10,HUBINGER ST,33,33,41.32173056,41.32173056,-72.952827780,-72.952827780,0,No Special Jurisdiction,12,Motor Vehicle In-Transport,99,Reported as Unknown,0,No,2,Intersection,3,T-Intersection,0,None,,,1,On Roadway,3,Dark - Lighted,,,,,1,Clear,0,No,0000000,Not Applicable,99,Unknown,99,Unknown,99,Unknown EMS Scene Arrival Hour,99,Unknown EMS Scene Arrival Minutes,88,"Not Applicable (Not Transported) ",88,Not Applicable (Not Transported),,,,,,,1,
2021,9,90212,Connecticut,1,1,0,1,1,1,1,9,NEW HAVEN (9),430,NEW HAVEN,6,6,9,September,2021,2,Monday,21,9:00pm-9:59pm,53,53,0,This section IS NOT on the NHS,2,Urban,5,Major Collector,3,Town or Township Highway Agency,5,Local Street - Township,CHAPEL ST,,30,30,41.31218333,41.31218333,-72.948272220,-72.948272220,0,No Special Jurisdiction,8,Pedestrian,0,The First Harmful Event was Not a Collision with a Motor Vehicle in Transport,0,No,1,Non-Junction,1,Not an Intersection,0,None,,,1,On Roadway,3,Dark - Lighted,,,,,1,Clear,0,No,0000000,Not Applicable,99,Unknown,99,Unknown,99,Unknown EMS Scene Arrival Hour,99,Unknown EMS Scene Arrival Minutes,88,"Not Applicable (Not Transported) ",88,Not Applicable (Not Transported),,,,,,,1,
2021,9,90213,Connecticut,2,2,0,0,0,3,3,13,TOLLAND (13),64,BOLTON,15,15,1,January,2021,6,Friday,11,11:00am-11:59am,55,55,1,This section IS ON the NHS,2,Urban,3,Principal Arterial - Other,1,State Highway Agency,2,U.S. Highway,US-6,STONY RD,779,779,41.78374167,41.78374167,-72.431702780,-72.431702780,0,No Special Jurisdiction,12,Motor Vehicle In-Transport,6,Angle,0,No,2,Intersection,3,T-Intersection,0,None,,,1,On Roadway,1,Daylight,,,,,1,Clear,0,No,0000000,Not Applicable,11,11:00am-11:59am,55,55,12,12:00pm-12:59pm,5,5,99,Unknown,99,Unknown EMS Hospital Arrival Time,,,,,,,1,
2021,9,90214,Connecticut,2,2,0,0,0,5,5,1,FAIRFIELD (1),510,NORWALK,26,26,12,December,2021,1,Sunday,23,11:00pm-11:59pm,15,15,1,This section IS ON the NHS,2,Urban,3,Principal Arterial - Other,1,State Highway Agency,2,U.S. Highway,US-1 WESTPORT AVE,DRY HILL RD 2,168,168,41.12287222,41.12287222,-73.402930560,-73.402930560,0,No Special Jurisdiction,12,Motor Vehicle In-Transport,6,Angle,0,No,2,Intersection,2,Four-Way Intersection,0,None,,,1,On Roadway,3,Dark - Lighted,,,,,10,Cloudy,0,No,0000000,Not Applicable,23,11:00pm-11:59pm,16,16,23,11:00pm-11:59pm,21,21,23,11:00pm-11:59pm,42,42,,,,,,,1,
2021,9,90215,Connecticut,1,1,0,1,1,1,1,3,HARTFORD (3),555,PLAINVILLE,27,27,10,October,2021,4,Wednesday,3,3:00am-3:59am,8,8,1,This section IS ON the NHS,2,Urban,3,Principal Arterial - Other,1,State Highway Agency,3,State Highway,SR-10 EAST ST,,284,284,41.65303333,41.65303333,-72.869500000,-72.869500000,0,No Special Jurisdiction,8,Pedestrian,0,The First Harmful Event was Not a Collision with a Motor Vehicle in Transport,0,No,1,Non-Junction,1,Not an Intersection,0,None,,,1,On Roadway,3,Dark - Lighted,,,,,2,Rain,0,No,0000000,Not Applicable,99,Unknown,99,Unknown,99,Unknown EMS Scene Arrival Hour,99,Unknown EMS Scene Arrival Minutes,99,Unknown,99,Unknown EMS Hospital Arrival Time,,,,,,,1,
2021,9,90216,Connecticut,1,1,0,0,0,2,2,1,FAIRFIELD (1),765,TRUMBULL,29,29,11,November,2021,2,Monday,15,3:00pm-3:59pm,2,2,0,This section IS NOT on the NHS,2,Urban,4,Minor Arterial,3,Town or Township Highway Agency,6,Local Street - Municipality,OLD TOWN RD,QUARRY RD,2,2,41.22277500,41.22277500,-73.179183330,-73.179183330,0,No Special Jurisdiction,33,Curb,0,The First Harmful Event was Not a Collision with a Motor Vehicle in Transport,0,No,3,Intersection-Related,3,T-Intersection,0,None,,,4,On Roadside,1,Daylight,,,,,1,Clear,0,No,0000000,Not Applicable,15,3:00pm-3:59pm,3,3,15,3:00pm-3:59pm,11,11,15,3:00pm-3:59pm,36,36,,,,,,,2,
2021,9,90217,Connecticut,2,2,0,0,0,3,3,3,HARTFORD (3),680,SOUTHINGTON,1,1,10,October,2021,6,Friday,21,9:00pm-9:59pm,47,47,1,This section IS ON the NHS,2,Urban,3,Principal Arterial - Other,1,State Highway Agency,3,State Highway,SR-10,,280,280,41.64791389,41.64791389,-72.872016670,-72.872016670,0,No Special Jurisdiction,12,Motor Vehicle In-Transport,6,Angle,0,No,8,Driveway Access Related,1,Not an Intersection,0,None,,,1,On Roadway,3,Dark - Lighted,,,,,1,Clear,0,No,0000000,Not Applicable,21,9:00pm-9:59pm,47,47,21,9:00pm-9:59pm,53,53,22,10:00pm-10:59pm,20,20,,,,,,,1,
2021,9,90218,Connecticut,2,2,0,0,0,10,10,3,HARTFORD (3),237,FARMINGTON,22,22,12,December,2021,4,Wednesday,11,11:00am-11:59am,51,51,1,This section IS ON the NHS,2,Urban,1,Interstate,1,State Highway Agency,1,Interstate,"I-84 ",,526,526,41.69815556,41.69815556,-72.807511110,-72.807511110,0,No Special Jurisdiction,12,Motor Vehicle In-Transport,8,Sideswipe - Opposite Direction,0,No,1,Non-Junction,1,Not an Intersection,0,None,,,1,On Roadway,1,Daylight,,,,,10,Cloudy,0,No,0000000,Not Applicable,11,11:00am-11:59am,47,47,11,11:00am-11:59am,56,56,12,12:00pm-12:59pm,30,30,,,,,,,1,
2021,9,90219,Connecticut,1,1,0,1,1,1,1,9,NEW HAVEN (9),430,NEW HAVEN,26,26,12,December,2021,1,Sunday,18,6:00pm-6:59pm,18,18,0,This section IS NOT on the NHS,2,Urban,4,Minor Arterial,3,Town or Township Highway Agency,5,Local Street - Township,FARREN AVE,,4,4,41.29954167,41.29954167,-72.892188890,-72.892188890,0,No Special Jurisdiction,8,Pedestrian,0,The First Harmful Event was Not a Collision with a Motor Vehicle in Transport,0,No,1,Non-Junction,1,Not an Intersection,0,None,,,1,On Roadway,3,Dark - Lighted,,,,,1,Clear,0,No,0000000,Not Applicable,99,Unknown,99,Unknown,99,Unknown EMS Scene Arrival Hour,99,Unknown EMS Scene Arrival Minutes,99,Unknown,99,Unknown EMS Hospital Arrival Time,,,,,,,1,
2021,9,90220,Connecticut,1,1,0,1,1,1,1,3,HARTFORD (3),225,EAST HARTFORD,9,9,12,December,2021,5,Thursday,2,2:00am-2:59am,28,28,0,This section IS NOT on the NHS,2,Urban,4,Minor Arterial,3,Town or Township Highway Agency,5,Local Street - Township,SCHOOL ST,PARK AVE,3,3,41.78356111,41.78356111,-72.613013890,-72.613013890,0,No Special Jurisdiction,8,Pedestrian,0,The First Harmful Event was Not a Collision with a Motor Vehicle in Transport,0,No,3,Intersection-Related,3,T-Intersection,0,None,,,1,On Roadway,3,Dark - Lighted,,,,,4,Snow,0,No,0000000,Not Applicable,2,2:00am-2:59am,31,31,2,2:00am-2:59am,34,34,2,2:00am-2:59am,49,49,,,,,,,1,
2021,9,90221,Connecticut,3,3,0,0,0,3,3,3,HARTFORD (3),46,BERLIN,4,4,9,September,2021,7,Saturday,17,5:00pm-5:59pm,56,56,0,This section IS NOT on the NHS,2,Urban,4,Minor Arterial,1,State Highway Agency,3,State Highway,SR-372,SR-9 ENT RAMP,99,99,41.62004722,41.62004722,-72.732108330,-72.732108330,0,No Special Jurisdiction,12,Motor Vehicle In-Transport,7,Sideswipe - Same Direction,1,Yes,3,Intersection-Related,3,T-Intersection,0,None,,,1,On Roadway,1,Daylight,,,,,1,Clear,0,No,0000000,Not Applicable,99,Unknown,99,Unknown,99,Unknown EMS Scene Arrival Hour,99,Unknown EMS Scene Arrival Minutes,99,Unknown,99,Unknown EMS Hospital Arrival Time,,,,,,,2,
2021,9,90222,Connecticut,1,1,0,1,1,1,1,9,NEW HAVEN (9),385,MILFORD,29,29,12,December,2021,4,Wednesday,19,7:00pm-7:59pm,13,13,1,This section IS ON the NHS,2,Urban,3,Principal Arterial - Other,1,State Highway Agency,2,U.S. Highway,US-1 BOSTON POST RD,UNNAMED DRIVEWAY,414,414,41.24900000,41.24900000,-73.023522220,-73.023522220,0,No Special Jurisdiction,8,Pedestrian,0,The First Harmful Event was Not a Collision with a Motor Vehicle in Transport,0,No,3,Intersection-Related,2,Four-Way Intersection,0,None,,,1,On Roadway,3,Dark - Lighted,,,,,2,Rain,0,No,0000000,Not Applicable,19,7:00pm-7:59pm,13,13,19,7:00pm-7:59pm,17,17,19,7:00pm-7:59pm,42,42,,,,,,,1,
2021,9,90223,Connecticut,2,2,0,0,0,3,3,3,HARTFORD (3),365,MANCHESTER,12,12,11,November,2021,6,Friday,16,4:00pm-4:59pm,22,22,1,This section IS ON the NHS,2,Urban,1,Interstate,1,State Highway Agency,1,Interstate,I-84-E-706,,3,3,41.80163611,41.80163611,-72.552819440,-72.552819440,0,No Special Jurisdiction,12,Motor Vehicle In-Transport,1,Front-to-Rear,1,Yes,20,Entrance/Exit Ramp,1,Not an Intersection,0,None,,,1,On Roadway,3,Dark - Lighted,,,,,1,Clear,0,No,0000000,Not Applicable,16,4:00pm-4:59pm,24,24,16,4:00pm-4:59pm,26,26,16,4:00pm-4:59pm,54,54,,,,,,,1,
2021,9,90224,Connecticut,1,1,0,0,0,1,1,3,HARTFORD (3),680,SOUTHINGTON,24,24,7,July,2021,7,Saturday,15,3:00pm-3:59pm,50,50,0,This section IS NOT on the NHS,2,Urban,5,Major Collector,4,City or Municipal Highway Agency,6,Local Street - Municipality,SOUTH END RD,,21,21,41.55332500,41.55332500,-72.869161110,-72.869161110,0,No Special Jurisdiction,1,Rollover/Overturn,0,The First Harmful Event was Not a Collision with a Motor Vehicle in Transport,0,No,1,Non-Junction,1,Not an Intersection,0,None,,,4,On Roadside,1,Daylight,,,,,1,Clear,0,No,0000000,Not Applicable,15,3:00pm-3:59pm,53,53,16,4:00pm-4:59pm,0,0,88,"Not Applicable (Not Transported) ",88,Not Applicable (Not Transported),,,,,,,1,
2021,9,90225,Connecticut,1,1,0,1,1,2,2,13,TOLLAND (13),7,ANDOVER,30,30,12,December,2021,5,Thursday,17,5:00pm-5:59pm,26,26,1,This section IS ON the NHS,1,Rural,3,Principal Arterial - Other,1,State Highway Agency,2,U.S. Highway,US-6 E,,803,803,41.75914444,41.75914444,-72.402350000,-72.402350000,0,No Special Jurisdiction,8,Pedestrian,0,The First Harmful Event was Not a Collision with a Motor Vehicle in Transport,0,No,1,Non-Junction,1,Not an Intersection,0,None,,,1,On Roadway,2,Dark - Not Lighted,,,,,5,"Fog, Smog, Smoke",0,No,0000000,Not Applicable,17,5:00pm-5:59pm,26,26,17,5:00pm-5:59pm,38,38,19,7:00pm-7:59pm,21,21,,,,,,,1,
2021,9,90226,Connecticut,2,1,1,0,1,1,2,1,FAIRFIELD (1),80,BRIDGEPORT,25,25,11,November,2021,5,Thursday,17,5:00pm-5:59pm,20,20,0,This section IS NOT on the NHS,2,Urban,5,Major Collector,3,Town or Township Highway Agency,6,Local Street - Municipality,BISHOP AV,,5,5,41.18630278,41.18630278,-73.156861110,-73.156861110,0,No Special Jurisdiction,14,Parked Motor Vehicle,0,The First Harmful Event was Not a Collision with a Motor Vehicle in Transport,0,No,1,Non-Junction,1,Not an Intersection,0,None,,,2,On Shoulder,3,Dark - Lighted,,,,,1,Clear,0,No,0000000,Not Applicable,99,Unknown,99,Unknown,99,Unknown EMS Scene Arrival Hour,99,Unknown EMS Scene Arrival Minutes,99,Unknown,99,Unknown EMS Hospital Arrival Time,,,,,,,1,
2021,9,90227,Connecticut,1,1,0,0,0,1,1,9,NEW HAVEN (9),430,NEW HAVEN,4,4,7,July,2021,1,Sunday,18,6:00pm-6:59pm,0,0,1,This section IS ON the NHS,2,Urban,2,Principal Arterial - Other Freeways and Expressways,1,State Highway Agency,3,State Highway,SR-34,,242,242,41.30038889,41.30038889,-72.916794440,-72.916794440,0,No Special Jurisdiction,25,Concrete Traffic Barrier,0,The First Harmful Event was Not a Collision with a Motor Vehicle in Transport,1,Yes,19,Other location within Interchange Area,1,Not an Intersection,0,None,,,4,On Roadside,1,Daylight,,,,,1,Clear,0,No,0000000,Not Applicable,18,6:00pm-6:59pm,3,3,18,6:00pm-6:59pm,5,5,18,6:00pm-6:59pm,13,13,,,,,,,1,
2021,9,90228,Connecticut,2,2,0,0,0,4,4,5,LITCHFIELD (5),629,ROXBURY,19,19,9,September,2021,1,Sunday,15,3:00pm-3:59pm,33,33,0,This section IS NOT on the NHS,1,Rural,7,Local,3,Town or Township Highway Agency,6,Local Street - Municipality,SOUTH ST,,26,26,41.54100000,41.54100000,-73.302597220,-73.302597220,0,No Special Jurisdiction,12,Motor Vehicle In-Transport,8,Sideswipe - Opposite Direction,0,No,1,Non-Junction,1,Not an Intersection,0,None,,,1,On Roadway,1,Daylight,,,,,1,Clear,0,No,0000000,Not Applicable,15,3:00pm-3:59pm,34,34,15,3:00pm-3:59pm,35,35,99,Unknown,99,Unknown EMS Hospital Arrival Time,,,,,,,1,
2021,9,90229,Connecticut,2,2,0,0,0,2,2,9,NEW HAVEN (9),810,WATERBURY,7,7,4,April,2021,4,Wednesday,7,7:00am-7:59am,59,59,0,This section IS NOT on the NHS,2,Urban,4,Minor Arterial,1,State Highway Agency,3,State Highway,SR-847,,45,45,41.56573611,41.56573611,-73.055052780,-73.055052780,0,No Special Jurisdiction,12,Motor Vehicle In-Transport,6,Angle,0,No,8,Driveway Access Related,1,Not an Intersection,0,None,,,1,On Roadway,1,Daylight,,,,,1,Clear,0,No,0000000,Not Applicable,8,8:00am-8:59am,2,2,8,8:00am-8:59am,5,5,8,8:00am-8:59am,16,16,,,,,,,1,
2021,9,90230,Connecticut,2,2,0,0,0,2,2,1,FAIRFIELD (1),80,BRIDGEPORT,22,22,8,August,2021,1,Sunday,0,0:00am-0:59am,16,16,0,This section IS NOT on the NHS,2,Urban,4,Minor Arterial,1,State Highway Agency,3,State Highway,SR-130 STRATFORD AVE,SR-127 EAST MAIN ST,42,42,41.17777500,41.17777500,-73.181305560,-73.181305560,0,No Special Jurisdiction,12,Motor Vehicle In-Transport,6,Angle,0,No,2,Intersection,2,Four-Way Intersection,0,None,,,1,On Roadway,3,Dark - Lighted,,,,,1,Clear,0,No,0000000,Not Applicable,99,Unknown,99,Unknown,99,Unknown EMS Scene Arrival Hour,99,Unknown EMS Scene Arrival Minutes,99,Unknown,99,Unknown EMS Hospital Arrival Time,,,,,,,1,
2021,9,90231,Connecticut,1,1,0,1,1,1,1,3,HARTFORD (3),435,NEWINGTON,23,23,11,November,2021,3,Tuesday,19,7:00pm-7:59pm,22,22,0,This section IS NOT on the NHS,2,Urban,4,Minor Arterial,1,State Highway Agency,3,State Highway,SR-173,,12,12,41.67576111,41.67576111,-72.729163890,-72.729163890,0,No Special Jurisdiction,8,Pedestrian,0,The First Harmful Event was Not a Collision with a Motor Vehicle in Transport,0,No,1,Non-Junction,1,Not an Intersection,0,None,,,1,On Roadway,3,Dark - Lighted,,,,,1,Clear,0,No,0000000,Not Applicable,99,Unknown,99,Unknown,99,Unknown EMS Scene Arrival Hour,99,Unknown EMS Scene Arrival Minutes,99,Unknown,99,Unknown EMS Hospital Arrival Time,,,,,,,1,
2021,9,90232,Connecticut,4,4,0,0,0,8,8,9,NEW HAVEN (9),810,WATERBURY,27,27,9,September,2021,2,Monday,20,8:00pm-8:59pm,36,36,1,This section IS ON the NHS,2,Urban,3,Principal Arterial - Other,1,State Highway Agency,3,State Highway,SR-73,EAST AURORA ST,30,30,41.57112778,41.57112778,-73.060136110,-73.060136110,0,No Special Jurisdiction,12,Motor Vehicle In-Transport,6,Angle,0,No,2,Intersection,2,Four-Way Intersection,0,None,,,1,On Roadway,3,Dark - Lighted,,,,,1,Clear,0,No,0000000,Not Applicable,20,8:00pm-8:59pm,37,37,20,8:00pm-8:59pm,41,41,20,8:00pm-8:59pm,55,55,,,,,,,1,
2021,9,90233,Connecticut,2,2,0,0,0,3,3,9,NEW HAVEN (9),375,MIDDLEBURY,25,25,12,December,2021,7,Saturday,10,10:00am-10:59am,42,42,1,This section IS ON the NHS,1,Rural,1,Interstate,1,State Highway Agency,1,Interstate,I-84,,255,255,41.50129722,41.50129722,-73.152266670,-73.152266670,0,No Special Jurisdiction,12,Motor Vehicle In-Transport,7,Sideswipe - Same Direction,0,No,1,Non-Junction,1,Not an Intersection,0,None,,,1,On Roadway,1,Daylight,,,,,12,Freezing Rain or Drizzle,0,No,0000000,Not Applicable,10,10:00am-10:59am,43,43,10,10:00am-10:59am,43,43,11,11:00am-11:59am,12,12,,,,,,,1,