caseyear,state,st_case,statename,ve_total,ve_forms,pvh_invl,peds,pernotmvit,permvit,persons,county,countyname,city,cityname,day,dayname,month,monthname,year,day_week,day_weekname,hour,hourname,minute,minutename,nhs,nhsname,rur_urb,rur_urbname,func_sys,func_sysname,rd_owner,rd_ownername,route,routename,tway_id,tway_id2,milept,mileptname,latitude,latitudename,longitud,longitudname,sp_jur,sp_jurname,harm_ev,harm_evname,man_coll,man_collname,reljct1,reljct1name,reljct2,reljct2name,typ_int,typ_intname,wrk_zone,wrk_zonename,road_fnc,road_fncname,rel_road,rel_roadname,lgt_cond,lgt_condname,weather1,weather1name,weather2,weather2name,weather,weathername,sch_bus,sch_busname,rail,railname,not_hour,not_hourname,not_min,not_minname,arr_hour,arr_hourname,arr_min,arr_minname,hosp_hr,hosp_hrname,hosp_mn,hosp_mnname,cf1,cf1name,cf2,cf2name,cf3,cf3name,fatals,drunk_dr
2021,9,90273,Connecticut,3,3,0,0,0,3,3,13,TOLLAND (13),756,TOLLAND,10,10,8,August,2021,3,Tuesday,13,1:00pm-1:59pm,44,44,1,This section IS ON the NHS,1,Rural,1,Interstate,1,State Highway Agency,1,Interstate,I-84,,843,843,41.88851111,41.88851111,-72.307250000,-72.307250000,0,No Special Jurisdiction,12,Motor Vehicle In-Transport,1,Front-to-Rear,0,No,1,Non-Junction,1,Not an Intersection,0,None,,,1,On Roadway,1,Daylight,,,,,10,Cloudy,0,No,0000000,Not Applicable,13,1:00pm-1:59pm,45,45,13,1:00pm-1:59pm,53,53,14,2:00pm-2:59pm,40,40,,,,,,,1,
2021,9,90274,Connecticut,1,1,0,0,0,1,1,11,NEW LONDON (11),349,LISBON,25,25,9,September,2021,7,Saturday,23,11:00pm-11:59pm,23,23,1,This section IS ON the NHS,2,Urban,1,Interstate,1,State Highway Agency,1,Interstate,I-395 S,,198,198,41.59030278,41.59030278,-72.017122220,-72.017122220,0,No Special Jurisdiction,35,Embankment,0,The First Harmful Event was Not a Collision with a Motor Vehicle in Transport,0,No,1,Non-Junction,1,Not an Intersection,0,None,,,4,On Roadside,2,Dark - Not Lighted,,,,,1,Clear,0,No,0000000,Not Applicable,23,11:00pm-11:59pm,23,23,23,11:00pm-11:59pm,30,30,23,11:00pm-11:59pm,45,45,,,,,,,1,
2021,9,90275,Connecticut,1,1,0,1,1,1,1,9,NEW HAVEN (9),495,NORTH BRANFORD,15,15,10,October,2021,6,Friday,23,11:00pm-11:59pm,0,0,0,This section IS NOT on the NHS,2,Urban,4,Minor Arterial,1,State Highway Agency,3,State Highway,"SR-139 ",,10,10,41.30723056,41.30723056,-72.770788890,-72.770788890,0,No Special Jurisdiction,8,Pedestrian,0,The First Harmful Event was Not a Collision with a Motor Vehicle in Transport,0,No,1,Non-Junction,1,Not an Intersection,0,None,,,2,On Shoulder,3,Dark - Lighted,,,,,1,Clear,0,No,0000000,Not Applicable,6,6:00am-6:59am,17,17,99,Unknown EMS Scene Arrival Hour,99,Unknown EMS Scene Arrival Minutes,88,"Not Applicable (Not Transported) ",88,Not Applicable (Not Transported),,,,,,,1,
2021,9,90276,Connecticut,2,2,0,0,0,2,2,11,NEW LONDON (11),263,FORT GRISWOLD (HISTORICAL),15,15,9,September,2021,4,Wednesday,14,2:00pm-2:59pm,28,28,1,This section IS ON the NHS,2,Urban,1,Interstate,1,State Highway Agency,1,Interstate,I-395,,221,221,41.59163333,41.59163333,-71.973883330,-71.973883330,0,No Special Jurisdiction,12,Motor Vehicle In-Transport,1,Front-to-Rear,0,No,1,Non-Junction,1,Not an Intersection,0,None,,,1,On Roadway,1,Daylight,,,,,1,Clear,0,No,0000000,Not Applicable,14,2:00pm-2:59pm,29,29,14,2:00pm-2:59pm,38,38,88,"Not Applicable (Not Transported) ",88,Not Applicable (Not Transported),,,,,,,1,
2021,9,90277,Connecticut,2,2,0,1,1,1,1,1,FAIRFIELD (1),460,NEWTOWN,25,25,10,October,2021,2,Monday,3,3:00am-3:59am,30,30,1,This section IS ON the NHS,2,Urban,1,Interstate,1,State Highway Agency,1,Interstate,I-84 E,,184,184,41.43798056,41.43798056,-73.246902780,-73.246902780,0,No Special Jurisdiction,12,Motor Vehicle In-Transport,7,Sideswipe - Same Direction,0,No,1,Non-Junction,1,Not an Intersection,4,"Work Zone, Type Unknown",,,1,On Roadway,2,Dark - Not Lighted,,,,,2,Rain,0,No,0000000,Not Applicable,3,3:00am-3:59am,33,33,3,3:00am-3:59am,40,40,4,4:00am-4:59am,19,19,,,,,,,1,
2021,9,90278,Connecticut,1,1,0,1,1,1,1,3,HARTFORD (3),280,HARTFORD,26,26,2,February,2021,6,Friday,23,11:00pm-11:59pm,52,52,1,This section IS ON the NHS,2,Urban,3,Principal Arterial - Other,1,State Highway Agency,2,U.S. Highway,US-44,,521,521,41.78164167,41.78164167,-72.694694440,-72.694694440,0,No Special Jurisdiction,8,Pedestrian,0,The First Harmful Event was Not a Collision with a Motor Vehicle in Transport,0,No,1,Non-Junction,1,Not an Intersection,0,None,,,1,On Roadway,3,Dark - Lighted,,,,,1,Clear,0,No,0000000,Not Applicable,23,11:00pm-11:59pm,53,53,23,11:00pm-11:59pm,57,57,0,0:00am-0:59am,12,12,,,,,,,1,
2021,9,90279,Connecticut,2,2,0,0,0,2,2,3,HARTFORD (3),280,HARTFORD,15,15,5,May,2021,7,Saturday,17,5:00pm-5:59pm,33,33,0,This section IS NOT on the NHS,2,Urban,5,Major Collector,4,City or Municipal Highway Agency,6,Local Street - Municipality,GARDEN ST NO 1,LIBERTY ST,6,6,41.77566667,41.77566667,-72.686325000,-72.686325000,0,No Special Jurisdiction,12,Motor Vehicle In-Transport,6,Angle,0,No,2,Intersection,3,T-Intersection,0,None,,,1,On Roadway,1,Daylight,,,,,1,Clear,0,No,0000000,Not Applicable,17,5:00pm-5:59pm,33,33,17,5:00pm-5:59pm,33,33,99,Unknown,99,Unknown EMS Hospital Arrival Time,,,,,,,1,
2021,9,90280,Connecticut,1,1,0,1,1,2,2,3,HARTFORD (3),280,HARTFORD,19,19,10,October,2021,3,Tuesday,6,6:00am-6:59am,46,46,0,This section IS NOT on the NHS,2,Urban,4,Minor Arterial,4,City or Municipal Highway Agency,6,Local Street - Municipality,PARK ST,,2,2,41.75630833,41.75630833,-72.711747220,-72.711747220,0,No Special Jurisdiction,8,Pedestrian,0,The First Harmful Event was Not a Collision with a Motor Vehicle in Transport,0,No,1,Non-Junction,1,Not an Intersection,0,None,,,1,On Roadway,3,Dark - Lighted,,,,,1,Clear,0,No,0000000,Not Applicable,6,6:00am-6:59am,46,46,6,6:00am-6:59am,48,48,7,7:00am-7:59am,0,0,,,,,,,1,
2021,9,90281,Connecticut,2,2,0,0,0,2,2,1,FAIRFIELD (1),80,BRIDGEPORT,14,14,8,August,2021,7,Saturday,2,2:00am-2:59am,28,28,1,This section IS ON the NHS,2,Urban,2,Principal Arterial - Other Freeways and Expressways,1,State Highway Agency,3,State Highway,SR-8,,29,29,41.20758333,41.20758333,-73.189966670,-73.189966670,0,No Special Jurisdiction,12,Motor Vehicle In-Transport,1,Front-to-Rear,1,Yes,18,Through Roadway,1,Not an Intersection,0,None,,,1,On Roadway,2,Dark - Not Lighted,,,,,1,Clear,0,No,0000000,Not Applicable,2,2:00am-2:59am,27,27,2,2:00am-2:59am,40,40,2,2:00am-2:59am,55,55,,,,,,,1,
2021,9,90282,Connecticut,1,1,0,0,0,1,1,9,NEW HAVEN (9),110,CHESHIRE,14,14,12,December,2021,3,Tuesday,13,1:00pm-1:59pm,55,55,1,This section IS ON the NHS,2,Urban,3,Principal Arterial - Other,1,State Highway Agency,3,State Highway,SR-10 N,,151,151,41.47060000,41.47060000,-72.906936110,-72.906936110,0,No Special Jurisdiction,33,Curb,0,The First Harmful Event was Not a Collision with a Motor Vehicle in Transport,0,No,1,Non-Junction,1,Not an Intersection,0,None,,,4,On Roadside,1,Daylight,,,,,1,Clear,0,No,0000000,Not Applicable,13,1:00pm-1:59pm,56,56,14,2:00pm-2:59pm,2,2,14,2:00pm-2:59pm,30,30,,,,,,,1,
2021,9,90283,Connecticut,1,1,0,1,1,2,2,3,HARTFORD (3),280,HARTFORD,13,13,8,August,2021,6,Friday,22,10:00pm-10:59pm,2,2,1,This section IS ON the NHS,2,Urban,3,Principal Arterial - Other,1,State Highway Agency,2,U.S. Highway,US-44,,533,533,41.77245000,41.77245000,-72.676063890,-72.676063890,0,No Special Jurisdiction,8,Pedestrian,0,The First Harmful Event was Not a Collision with a Motor Vehicle in Transport,0,No,1,Non-Junction,1,Not an Intersection,0,None,,,1,On Roadway,3,Dark - Lighted,,,,,1,Clear,0,No,0000000,Not Applicable,22,10:00pm-10:59pm,3,3,22,10:00pm-10:59pm,6,6,22,10:00pm-10:59pm,24,24,,,,,,,1,
2021,9,90284,Connecticut,2,2,0,0,0,2,2,11,NEW LONDON (11),339,LEDYARD,12,12,8,August,2021,5,Thursday,2,2:00am-2:59am,22,22,0,This section IS NOT on the NHS,1,Rural,4,Minor Arterial,1,State Highway Agency,3,State Highway,SR-117,,54,54,41.42140833,41.42140833,-72.017113890,-72.017113890,0,No Special Jurisdiction,12,Motor Vehicle In-Transport,2,Front-to-Front,0,No,1,Non-Junction,1,Not an Intersection,0,None,,,1,On Roadway,2,Dark - Not Lighted,,,,,1,Clear,0,No,0000000,Not Applicable,99,Unknown,99,Unknown,99,Unknown EMS Scene Arrival Hour,99,Unknown EMS Scene Arrival Minutes,99,Unknown,99,Unknown EMS Hospital Arrival Time,,,,,,,1,
2021,9,90285,Connecticut,2,2,0,0,0,2,2,11,NEW LONDON (11),339,LEDYARD,13,13,10,October,2021,4,Wednesday,5,5:00am-5:59am,40,40,1,This section IS ON the NHS,2,Urban,3,Principal Arterial - Other,1,State Highway Agency,3,State Highway,SR-12,,59,59,41.44263889,41.44263889,-72.078138890,-72.078138890,0,No Special Jurisdiction,12,Motor Vehicle In-Transport,8,Sideswipe - Opposite Direction,0,No,1,Non-Junction,1,Not an Intersection,0,None,,,1,On Roadway,2,Dark - Not Lighted,,,,,1,Clear,0,No,0000000,Not Applicable,99,Unknown,99,Unknown,99,Unknown EMS Scene Arrival Hour,99,Unknown EMS Scene Arrival Minutes,99,Unknown,99,Unknown EMS Hospital Arrival Time,,,,,,,1,
2021,9,90286,Connecticut,1,1,0,0,0,1,1,5,LITCHFIELD (5),760,WEST TORRINGTON,18,18,6,June,2021,6,Friday,22,10:00pm-10:59pm,36,36,0,This section IS NOT on the NHS,2,Urban,7,Local,3,Town or Township Highway Agency,5,Local Street - Township,FRENCH ST,,1,1,41.79509722,41.79509722,-73.128891670,-73.128891670,0,No Special Jurisdiction,59,"Traffic Sign Support ",0,The First Harmful Event was Not a Collision with a Motor Vehicle in Transport,0,No,1,Non-Junction,1,Not an Intersection,0,None,,,4,On Roadside,3,Dark - Lighted,,,,,1,Clear,0,No,0000000,Not Applicable,22,10:00pm-10:59pm,38,38,22,10:00pm-10:59pm,39,39,23,11:00pm-11:59pm,3,3,,,,,,,1,
2021,9,90287,Connecticut,2,2,0,0,0,2,2,3,HARTFORD (3),258,GRANBY,23,23,6,June,2021,4,Wednesday,19,7:00pm-7:59pm,5,5,0,This section IS NOT on the NHS,2,Urban,4,Minor Arterial,1,State Highway Agency,3,State Highway,SR-189,,119,119,41.94306944,41.94306944,-72.777450000,-72.777450000,0,No Special Jurisdiction,12,Motor Vehicle In-Transport,6,Angle,0,No,8,Driveway Access Related,1,Not an Intersection,0,None,,,1,On Roadway,1,Daylight,,,,,1,Clear,0,No,0000000,Not Applicable,19,7:00pm-7:59pm,16,16,19,7:00pm-7:59pm,25,25,88,"Not Applicable (Not Transported) ",88,Not Applicable (Not Transported),,,,,,,1,
2021,9,90288,Connecticut,1,1,0,0,0,2,2,9,NEW HAVEN (9),669,SOUTHBURY,5,5,4,April,2021,2,Monday,22,10:00pm-10:59pm,34,34,0,This section IS NOT on the NHS,2,Urban,4,Minor Arterial,1,State Highway Agency,3,State Highway,SR-67,,150,150,41.50069167,41.50069167,-73.219594440,-73.219594440,0,No Special Jurisdiction,57,Cable Barrier,0,The First Harmful Event was Not a Collision with a Motor Vehicle in Transport,0,No,1,Non-Junction,1,Not an Intersection,0,None,,,4,On Roadside,2,Dark - Not Lighted,,,,,1,Clear,0,No,0000000,Not Applicable,22,10:00pm-10:59pm,35,35,22,10:00pm-10:59pm,43,43,99,Unknown,99,Unknown EMS Hospital Arrival Time,,,,,,,1,
2021,9,90289,Connecticut,2,2,0,0,0,4,4,9,NEW HAVEN (9),538,ORANGE,18,18,3,March,2021,5,Thursday,15,3:00pm-3:59pm,56,56,1,This section IS ON the NHS,2,Urban,3,Principal Arterial - Other,1,State Highway Agency,3,State Highway,SR-34,MAPLEDALE RD,177,177,41.30341667,41.30341667,-73.029525000,-73.029525000,0,No Special Jurisdiction,12,Motor Vehicle In-Transport,6,Angle,0,No,2,Intersection,3,T-Intersection,0,None,,,1,On Roadway,1,Daylight,,,,,2,Rain,0,No,0000000,Not Applicable,99,Unknown,99,Unknown,99,Unknown EMS Scene Arrival Hour,99,Unknown EMS Scene Arrival Minutes,99,Unknown,99,Unknown EMS Hospital Arrival Time,,,,,,,1,
2021,9,90290,Connecticut,2,2,0,0,0,3,3,9,NEW HAVEN (9),410,SEYMOUR,14,14,6,June,2021,2,Monday,20,8:00pm-8:59pm,9,9,1,This section IS ON the NHS,2,Urban,3,Principal Arterial - Other,1,State Highway Agency,3,State Highway,SR-63,,129,129,41.47019444,41.47019444,-73.034125000,-73.034125000,0,No Special Jurisdiction,12,Motor Vehicle In-Transport,2,Front-to-Front,0,No,1,Non-Junction,1,Not an Intersection,0,None,,,1,On Roadway,3,Dark - Lighted,,,,,1,Clear,0,No,0000000,Not Applicable,20,8:00pm-8:59pm,11,11,20,8:00pm-8:59pm,16,16,99,Unknown,99,Unknown EMS Hospital Arrival Time,,,,,,,1,
2021,9,90291,Connecticut,1,1,0,1,1,2,2,9,NEW HAVEN (9),825,WEST HAVEN,28,28,9,September,2021,3,Tuesday,19,7:00pm-7:59pm,54,54,0,This section IS NOT on the NHS,2,Urban,4,Minor Arterial,1,State Highway Agency,3,State Highway,SR-122,,18,18,41.30613056,41.30613056,-72.967322220,-72.967322220,0,No Special Jurisdiction,8,Pedestrian,0,The First Harmful Event was Not a Collision with a Motor Vehicle in Transport,0,No,1,Non-Junction,1,Not an Intersection,0,None,,,1,On Roadway,3,Dark - Lighted,,,,,1,Clear,0,No,0000000,Not Applicable,19,7:00pm-7:59pm,54,54,19,7:00pm-7:59pm,59,59,20,8:00pm-8:59pm,14,14,,,,,,,1,
2021,9,90292,Connecticut,1,1,0,0,0,1,1,1,FAIRFIELD (1),256,GREENWICH,19,19,1,January,2021,3,Tuesday,9,9:00am-9:59am,34,34,0,This section IS NOT on the NHS,2,Urban,5,Major Collector,3,Town or Township Highway Agency,5,Local Street - Township,EAST ELM ST,Liberty Way Pvt,1,1,41.02697500,41.02697500,-73.624925000,-73.624925000,0,No Special Jurisdiction,33,Curb,0,The First Harmful Event was Not a Collision with a Motor Vehicle in Transport,0,No,3,Intersection-Related,2,Four-Way Intersection,0,None,,,4,On Roadside,1,Daylight,,,,,1,Clear,0,No,0000000,Not Applicable,9,9:00am-9:59am,37,37,9,9:00am-9:59am,39,39,9,9:00am-9:59am,46,46,,,,,,,1,
2021,9,90293,Connecticut,1,1,0,0,0,1,1,1,FAIRFIELD (1),256,GREENWICH,25,25,9,September,2021,7,Saturday,23,11:00pm-11:59pm,35,35,1,This section IS ON the NHS,2,Urban,3,Principal Arterial - Other,1,State Highway Agency,2,U.S. Highway,US-1,WENDLE PL,55,55,41.04765000,41.04765000,-73.568275000,-73.568275000,0,No Special Jurisdiction,33,Curb,0,The First Harmful Event was Not a Collision with a Motor Vehicle in Transport,0,No,3,Intersection-Related,3,T-Intersection,0,None,,,4,On Roadside,3,Dark - Lighted,,,,,1,Clear,0,No,0000000,Not Applicable,23,11:00pm-11:59pm,36,36,23,11:00pm-11:59pm,39,39,0,0:00am-0:59am,7,7,,,,,,,1,
2021,9,90294,Connecticut,2,2,0,0,0,3,3,15,WINDHAM (15),330,KILLINGLY CENTER,10,10,6,June,2021,5,Thursday,16,4:00pm-4:59pm,34,34,0,This section IS NOT on the NHS,1,Rural,4,Minor Arterial,1,State Highway Agency,3,State Highway,SR-101,BREAKNECK HILL RD,59,59,41.84023333,41.84023333,-71.860777780,-71.860777780,0,No Special Jurisdiction,12,Motor Vehicle In-Transport,6,Angle,0,No,2,Intersection,3,T-Intersection,0,None,,,1,On Roadway,1,Daylight,,,,,1,Clear,0,No,0000000,Not Applicable,16,4:00pm-4:59pm,33,33,16,4:00pm-4:59pm,36,36,17,5:00pm-5:59pm,10,10,,,,,,,1,
2021,9,90295,Connecticut,2,2,0,0,0,3,3,1,FAIRFIELD (1),700,STAMFORD,22,22,11,November,2021,2,Monday,21,9:00pm-9:59pm,21,21,0,This section IS NOT on the NHS,2,Urban,4,Minor Arterial,3,Town or Township Highway Agency,5,Local Street - Township,ELM ST,N STATE ST,4,4,41.05242500,41.05242500,-73.531052780,-73.531052780,0,No Special Jurisdiction,12,Motor Vehicle In-Transport,6,Angle,0,No,2,Intersection,2,Four-Way Intersection,0,None,,,1,On Roadway,3,Dark - Lighted,,,,,1,Clear,0,No,0000000,Not Applicable,21,9:00pm-9:59pm,22,22,21,9:00pm-9:59pm,27,27,21,9:00pm-9:59pm,37,37,,,,,,,1,
2021,9,90296,Connecticut,1,1,0,1,1,2,2,9,NEW HAVEN (9),430,NEW HAVEN,21,21,4,April,2021,4,Wednesday,22,10:00pm-10:59pm,34,34,1,This section IS ON the NHS,2,Urban,3,Principal Arterial - Other,1,State Highway Agency,3,State Highway,SR-10,,11,11,41.29340278,41.29340278,-72.944366670,-72.944366670,0,No Special Jurisdiction,8,Pedestrian,0,The First Harmful Event was Not a Collision with a Motor Vehicle in Transport,0,No,1,Non-Junction,1,Not an Intersection,0,None,,,1,On Roadway,3,Dark - Lighted,,,,,10,Cloudy,0,No,0000000,Not Applicable,99,Unknown,99,Unknown,99,Unknown EMS Scene Arrival Hour,99,Unknown EMS Scene Arrival Minutes,99,Unknown,99,Unknown EMS Hospital Arrival Time,,,,,,,1,
2021,9,90298,Connecticut,2,2,0,0,0,2,2,9,NEW HAVEN (9),495,NORTH BRANFORD,5,5,10,October,2021,3,Tuesday,18,6:00pm-6:59pm,22,22,0,This section IS NOT on the NHS,2,Urban,4,Minor Arterial,1,State Highway Agency,3,State Highway,SR-139 BRANFORD RD,,10,10,41.30690278,41.30690278,-72.770652780,-72.770652780,0,No Special Jurisdiction,12,Motor Vehicle In-Transport,8,Sideswipe - Opposite Direction,0,No,1,Non-Junction,1,Not an Intersection,0,None,,,1,On Roadway,5,Dusk,,,,,1,Clear,0,No,0000000,Not Applicable,18,6:00pm-6:59pm,23,23,18,6:00pm-6:59pm,32,32,19,7:00pm-7:59pm,0,0,,,,,,,1,
2021,9,90299,Connecticut,1,1,0,0,0,1,1,1,FAIRFIELD (1),256,GREENWICH,13,13,7,July,2021,3,Tuesday,18,6:00pm-6:59pm,50,50,0,This section IS NOT on the NHS,2,Urban,4,Minor Arterial,3,Town or Township Highway Agency,6,Local Street - Municipality,LAKE AV,,18,18,41.05572500,41.05572500,-73.639297220,-73.639297220,0,No Special Jurisdiction,42,Tree (Standing Only),0,The First Harmful Event was Not a Collision with a Motor Vehicle in Transport,0,No,1,Non-Junction,1,Not an Intersection,0,None,,,4,On Roadside,1,Daylight,,,,,1,Clear,0,No,0000000,Not Applicable,18,6:00pm-6:59pm,52,52,18,6:00pm-6:59pm,56,56,88,"Not Applicable (Not Transported) ",88,Not Applicable (Not Transported),,,,,,,1,
2021,9,90300,Connecticut,1,1,0,1,1,1,1,11,NEW LONDON (11),632,SALEM,17,17,7,July,2021,7,Saturday,23,11:00pm-11:59pm,12,12,0,This section IS NOT on the NHS,1,Rural,5,Major Collector,1,State Highway Agency,3,State Highway,SR-354,,58,58,41.51025278,41.51025278,-72.248488890,-72.248488890,0,No Special Jurisdiction,8,Pedestrian,0,The First Harmful Event was Not a Collision with a Motor Vehicle in Transport,0,No,1,Non-Junction,1,Not an Intersection,0,None,,,1,On Roadway,2,Dark - Not Lighted,,,,,1,Clear,0,No,0000000,Not Applicable,23,11:00pm-11:59pm,14,14,23,11:00pm-11:59pm,18,18,88,"Not Applicable (Not Transported) ",88,Not Applicable (Not Transported),,,,,,,1,
2021,9,90301,Connecticut,1,1,0,1,1,0,0,9,NEW HAVEN (9),825,WEST HAVEN,21,21,7,July,2021,4,Wednesday,99,Unknown Hours,99,Unknown Minutes,0,This section IS NOT on the NHS,2,Urban,4,Minor Arterial,1,State Highway Agency,3,State Highway,"SR-162 ",,92,92,41.27176944,41.27176944,-72.973025000,-72.973025000,0,No Special Jurisdiction,33,Curb,0,The First Harmful Event was Not a Collision with a Motor Vehicle in Transport,0,No,1,Non-Junction,1,Not an Intersection,0,None,,,4,On Roadside,1,Daylight,,,,,1,Clear,0,No,0000000,Not Applicable,9,9:00am-9:59am,42,42,9,9:00am-9:59am,45,45,10,10:00am-10:59am,4,4,,,,,,,1,
2021,9,90302,Connecticut,1,1,0,1,1,1,1,3,HARTFORD (3),365,MANCHESTER,14,14,5,May,2021,6,Friday,99,Unknown Hours,99,Unknown Minutes,1,This section IS ON the NHS,2,Urban,3,Principal Arterial - Other,1,State Highway Agency,3,State Highway,SR-30 DEMING ST,HALE RD,56,56,41.81397778,41.81397778,-72.526947220,-72.526947220,0,No Special Jurisdiction,8,Pedestrian,0,The First Harmful Event was Not a Collision with a Motor Vehicle in Transport,0,No,3,Intersection-Related,2,Four-Way Intersection,0,None,,,1,On Roadway,1,Daylight,,,,,1,Clear,0,No,0000000,Not Applicable,19,7:00pm-7:59pm,9,9,19,7:00pm-7:59pm,11,11,99,Unknown,99,Unknown EMS Hospital Arrival Time,,,,,,,1,
2021,9,90303,Connecticut,1,1,0,1,1,1,1,5,LITCHFIELD (5),450,NEW MILFORD,19,19,9,September,2021,1,Sunday,21,9:00pm-9:59pm,18,18,1,This section IS ON the NHS,2,Urban,3,Principal Arterial - Other,1,State Highway Agency,2,U.S. Highway,US-7-202,,361,361,41.55926111,41.55926111,-73.416350000,-73.416350000,0,No Special Jurisdiction,9,Pedalcyclist,0,The First Harmful Event was Not a Collision with a Motor Vehicle in Transport,0,No,1,Non-Junction,1,Not an Intersection,0,None,,,1,On Roadway,2,Dark - Not Lighted,,,,,1,Clear,0,No,0000000,Not Applicable,21,9:00pm-9:59pm,20,20,21,9:00pm-9:59pm,26,26,88,"Not Applicable (Not Transported) ",88,Not Applicable (Not Transported),,,,,,,1,
2021,9,90304,Connecticut,2,2,0,0,0,3,3,3,HARTFORD (3),842,WINDSOR,2,2,8,August,2021,2,Monday,99,Unknown Hours,99,Unknown Minutes,0,This section IS NOT on the NHS,2,Urban,4,Minor Arterial,1,State Highway Agency,3,State Highway,SR-159,SR-178,27,27,41.83880556,41.83880556,-72.652166670,-72.652166670,0,No Special Jurisdiction,12,Motor Vehicle In-Transport,6,Angle,0,No,2,Intersection,3,T-Intersection,0,None,,,1,On Roadway,1,Daylight,,,,,1,Clear,0,No,0000000,Not Applicable,16,4:00pm-4:59pm,43,43,99,Unknown EMS Scene Arrival Hour,99,Unknown EMS Scene Arrival Minutes,99,Unknown,99,Unknown EMS Hospital Arrival Time,,,,,,,2,
2021,9,90305,Connecticut,2,2,0,0,0,2,2,1,FAIRFIELD (1),650,SHELTON,10,10,9,September,2021,6,Friday,11,11:00am-11:59am,21,21,0,This section IS NOT on the NHS,2,Urban,4,Minor Arterial,3,Town or Township Highway Agency,6,Local Street - Municipality,OLD STRATFORD RD,,6,6,41.27598889,41.27598889,-73.119233330,-73.119233330,0,No Special Jurisdiction,12,Motor Vehicle In-Transport,6,Angle,0,No,4,Driveway Access,1,Not an Intersection,0,None,,,1,On Roadway,1,Daylight,,,,,1,Clear,0,No,0000000,Not Applicable,99,Unknown,99,Unknown,99,Unknown EMS Scene Arrival Hour,99,Unknown EMS Scene Arrival Minutes,99,Unknown,99,Unknown EMS Hospital Arrival Time,,,,,,,1,
2021,9,90306,Connecticut,2,2,0,0,0,2,2,1,FAIRFIELD (1),235,FAIRFIELD,30,30,12,December,2021,5,Thursday,7,7:00am-7:59am,26,26,1,This section IS ON the NHS,2,Urban,1,Interstate,1,State Highway Agency,1,Interstate,I-95,,235,235,41.14170000,41.14170000,-73.281980560,-73.281980560,0,No Special Jurisdiction,12,Motor Vehicle In-Transport,1,Front-to-Rear,0,No,1,Non-Junction,1,Not an Intersection,0,None,,,1,On Roadway,1,Daylight,,,,,1,Clear,0,No,0000000,Not Applicable,7,7:00am-7:59am,26,26,99,Unknown EMS Scene Arrival Hour,99,Unknown EMS Scene Arrival Minutes,99,Unknown,99,Unknown EMS Hospital Arrival Time,,,,,,,1,
2021,9,90307,Connecticut,1,1,0,0,0,1,1,9,NEW HAVEN (9),385,MILFORD,6,6,4,April,2021,3,Tuesday,5,5:00am-5:59am,6,6,1,This section IS ON the NHS,2,Urban,1,Interstate,1,State Highway Agency,1,Interstate,I-95,,413,413,41.24728333,41.24728333,-73.008305560,-73.008305560,0,No Special Jurisdiction,52,Guardrail End,0,The First Harmful Event was Not a Collision with a Motor Vehicle in Transport,1,Yes,19,Other location within Interchange Area,1,Not an Intersection,0,None,,,4,On Roadside,3,Dark - Lighted,,,,,1,Clear,0,No,0000000,Not Applicable,99,Unknown,99,Unknown,99,Unknown EMS Scene Arrival Hour,99,Unknown EMS Scene Arrival Minutes,99,Unknown,99,Unknown EMS Hospital Arrival Time,,,,,,,1,
2021,9,90308,Connecticut,1,1,0,1,1,2,2,3,HARTFORD (3),718,SUFFIELD,23,23,10,October,2021,7,Saturday,22,10:00pm-10:59pm,41,41,0,This section IS NOT on the NHS,2,Urban,4,Minor Arterial,1,State Highway Agency,3,State Highway,"SR-159 ",THRALL AVE,134,134,41.98148889,41.98148889,-72.613427780,-72.613427780,0,No Special Jurisdiction,8,Pedestrian,0,The First Harmful Event was Not a Collision with a Motor Vehicle in Transport,0,No,2,Intersection,3,T-Intersection,0,None,,,1,On Roadway,2,Dark - Not Lighted,,,,,1,Clear,0,No,0000000,Not Applicable,99,Unknown,99,Unknown,99,Unknown EMS Scene Arrival Hour,99,Unknown EMS Scene Arrival Minutes,88,"Not Applicable (Not Transported) ",88,Not Applicable (Not Transported),,,,,,,1,
2021,9,90309,Connecticut,1,1,0,1,1,1,1,1,FAIRFIELD (1),80,BRIDGEPORT,10,10,10,October,2021,1,Sunday,20,8:00pm-8:59pm,55,55,1,This section IS ON the NHS,2,Urban,3,Principal Arterial - Other,1,State Highway Agency,2,U.S. Highway,US-1,,303,303,41.19639444,41.19639444,-73.193541670,-73.193541670,0,No Special Jurisdiction,8,Pedestrian,0,The First Harmful Event was Not a Collision with a Motor Vehicle in Transport,0,No,1,Non-Junction,1,Not an Intersection,0,None,,,1,On Roadway,3,Dark - Lighted,,,,,1,Clear,0,No,0000000,Not Applicable,20,8:00pm-8:59pm,56,56,21,9:00pm-9:59pm,3,3,88,"Not Applicable (Not Transported) ",88,Not Applicable (Not Transported),,,,,,,1,