caseyear,state,st_case,statename,ve_total,ve_forms,pvh_invl,peds,pernotmvit,permvit,persons,county,countyname,city,cityname,day,dayname,month,monthname,year,day_week,day_weekname,hour,hourname,minute,minutename,nhs,nhsname,rur_urb,rur_urbname,func_sys,func_sysname,rd_owner,rd_ownername,route,routename,tway_id,tway_id2,milept,mileptname,latitude,latitudename,longitud,longitudname,sp_jur,sp_jurname,harm_ev,harm_evname,man_coll,man_collname,reljct1,reljct1name,reljct2,reljct2name,typ_int,typ_intname,wrk_zone,wrk_zonename,road_fnc,road_fncname,rel_road,rel_roadname,lgt_cond,lgt_condname,weather1,weather1name,weather2,weather2name,weather,weathername,sch_bus,sch_busname,rail,railname,not_hour,not_hourname,not_min,not_minname,arr_hour,arr_hourname,arr_min,arr_minname,hosp_hr,hosp_hrname,hosp_mn,hosp_mnname,cf1,cf1name,cf2,cf2name,cf3,cf3name,fatals,drunk_dr
2022,9,90085,Connecticut,2,2,0,0,0,4,4,11,NEW LONDON (11),244,FRANKLIN,30,30,5,May,2022,2,Monday,19,7:00pm-7:59pm,49,49,1,This section IS ON the NHS,1,Rural,3,Principal Arterial - Other,1,State Highway Agency,3,State Highway,SR-32,,203,203,41.61138333,41.61138333,-72.145163890,-72.14516389,0,No Special Jurisdiction,12,Motor Vehicle In-Transport,6,Angle,0,No,1,Non-Junction,1,Not an Intersection,0,None,,,1,On Roadway,1,Daylight,,,,,1,Clear,0,No,0000000,Not Applicable,19,7:00pm-7:59pm,49,49,19,7:00pm-7:59pm,54,54,20,8:00pm-8:59pm,8,8,,,,,,,2,
2022,9,90086,Connecticut,2,2,0,0,0,2,2,1,FAIRFIELD (1),80,BRIDGEPORT,30,30,5,May,2022,2,Monday,12,12:00pm-12:59pm,36,36,0,This section IS NOT on the NHS,2,Urban,7,Local,3,Town or Township Highway Agency,5,Local Street - Township,SYLVAN AV,BALSAM AV,7,7,41.21663611,41.21663611,-73.187447220,-73.18744722,0,No Special Jurisdiction,12,Motor Vehicle In-Transport,6,Angle,0,No,2,Intersection,2,Four-Way Intersection,0,None,,,1,On Roadway,1,Daylight,,,,,1,Clear,0,No,0000000,Not Applicable,99,Unknown,99,Unknown,99,Unknown EMS Scene Arrival Hour,99,Unknown EMS Scene Arrival Minutes,88,"Not Applicable (Not Transported) ",88,Not Applicable (Not Transported),,,,,,,1,
2022,9,90087,Connecticut,4,4,0,0,0,4,4,3,HARTFORD (3),435,NEWINGTON,27,27,2,February,2022,1,Sunday,9,9:00am-9:59am,32,32,0,This section IS NOT on the NHS,2,Urban,4,Minor Arterial,1,State Highway Agency,3,State Highway,SR-175,405-N,31,31,41.69897500,41.69897500,-72.718361110,-72.71836111,0,No Special Jurisdiction,12,Motor Vehicle In-Transport,2,Front-to-Front,0,No,3,Intersection-Related,3,T-Intersection,0,None,,,1,On Roadway,1,Daylight,,,,,1,Clear,0,No,0000000,Not Applicable,99,Unknown,99,Unknown,99,Unknown EMS Scene Arrival Hour,99,Unknown EMS Scene Arrival Minutes,99,Unknown,99,Unknown EMS Hospital Arrival Time,,,,,,,2,
2022,9,90088,Connecticut,1,1,0,1,1,2,2,1,FAIRFIELD (1),170,DANBURY,5,5,6,June,2022,1,Sunday,15,3:00pm-3:59pm,56,56,1,This section IS ON the NHS,2,Urban,1,Interstate,1,State Highway Agency,1,Interstate,I-84,,39,39,41.38964444,41.38964444,-73.476355560,-73.47635556,0,No Special Jurisdiction,8,Pedestrian,0,The First Harmful Event was Not a Collision with a Motor Vehicle in Transport,1,Yes,18,Through Roadway,1,Not an Intersection,0,None,,,1,On Roadway,1,Daylight,,,,,1,Clear,0,No,0000000,Not Applicable,99,Unknown,99,Unknown,99,Unknown EMS Scene Arrival Hour,99,Unknown EMS Scene Arrival Minutes,99,Unknown,99,Unknown EMS Hospital Arrival Time,,,,,,,1,
2022,9,90089,Connecticut,1,1,0,0,0,1,1,9,NEW HAVEN (9),430,NEW HAVEN,14,14,6,June,2022,3,Tuesday,18,6:00pm-6:59pm,12,12,1,This section IS ON the NHS,2,Urban,3,Principal Arterial - Other,1,State Highway Agency,2,U.S. Highway,US-1,,498,498,41.29331667,41.29331667,-72.897430560,-72.89743056,0,No Special Jurisdiction,33,Curb,0,The First Harmful Event was Not a Collision with a Motor Vehicle in Transport,0,No,1,Non-Junction,1,Not an Intersection,0,None,,,4,On Roadside,1,Daylight,,,,,1,Clear,0,No,0000000,Not Applicable,18,6:00pm-6:59pm,16,16,18,6:00pm-6:59pm,23,23,18,6:00pm-6:59pm,35,35,,,,,,,1,
2022,9,90090,Connecticut,1,1,0,0,0,1,1,13,TOLLAND (13),756,TOLLAND,2,2,6,June,2022,5,Thursday,5,5:00am-5:59am,11,11,1,This section IS ON the NHS,2,Urban,1,Interstate,1,State Highway Agency,1,Interstate,I-84,,815,815,41.86712778,41.86712778,-72.354447220,-72.35444722,0,No Special Jurisdiction,42,Tree (Standing Only),0,The First Harmful Event was Not a Collision with a Motor Vehicle in Transport,0,No,1,Non-Junction,1,Not an Intersection,0,None,,,4,On Roadside,4,Dawn,,,,,1,Clear,0,No,0000000,Not Applicable,5,5:00am-5:59am,7,7,5,5:00am-5:59am,20,20,5,5:00am-5:59am,40,40,,,,,,,1,
2022,9,90091,Connecticut,2,2,0,0,0,2,2,3,HARTFORD (3),225,EAST HARTFORD,12,12,6,June,2022,1,Sunday,4,4:00am-4:59am,57,57,1,This section IS ON the NHS,2,Urban,2,Principal Arterial - Other Freeways and Expressways,1,State Highway Agency,3,State Highway,SR-15,,820,820,41.75387222,41.75387222,-72.652772220,-72.65277222,0,No Special Jurisdiction,12,Motor Vehicle In-Transport,2,Front-to-Front,0,No,1,Non-Junction,1,Not an Intersection,0,None,,,1,On Roadway,4,Dawn,,,,,1,Clear,0,No,0000000,Not Applicable,4,4:00am-4:59am,57,57,5,5:00am-5:59am,6,6,5,5:00am-5:59am,47,47,,,,,,,1,
2022,9,90092,Connecticut,2,2,0,0,0,2,2,1,FAIRFIELD (1),765,TRUMBULL,15,15,6,June,2022,4,Wednesday,11,11:00am-11:59am,35,35,1,This section IS ON the NHS,2,Urban,2,Principal Arterial - Other Freeways and Expressways,1,State Highway Agency,3,State Highway,SR-25,,97,97,41.28716389,41.28716389,-73.232650000,-73.23265000,0,No Special Jurisdiction,12,Motor Vehicle In-Transport,2,Front-to-Front,0,No,1,Non-Junction,1,Not an Intersection,0,None,,,1,On Roadway,1,Daylight,,,,,1,Clear,0,No,0000000,Not Applicable,11,11:00am-11:59am,35,35,11,11:00am-11:59am,43,43,12,12:00pm-12:59pm,19,19,,,,,,,1,
2022,9,90093,Connecticut,2,2,0,0,0,3,3,13,TOLLAND (13),691,STAFFORD,10,10,6,June,2022,6,Friday,16,4:00pm-4:59pm,24,24,0,This section IS NOT on the NHS,1,Rural,5,Major Collector,1,State Highway Agency,3,State Highway,SR-190,,225,225,41.96288611,41.96288611,-72.249533330,-72.24953333,0,No Special Jurisdiction,12,Motor Vehicle In-Transport,2,Front-to-Front,0,No,1,Non-Junction,1,Not an Intersection,0,None,,,1,On Roadway,1,Daylight,,,,,1,Clear,0,No,0000000,Not Applicable,16,4:00pm-4:59pm,20,20,16,4:00pm-4:59pm,21,21,17,5:00pm-5:59pm,9,9,,,,,,,2,
2022,9,90094,Connecticut,2,2,0,0,0,2,2,3,HARTFORD (3),280,HARTFORD,11,11,6,June,2022,7,Saturday,2,2:00am-2:59am,59,59,1,This section IS ON the NHS,2,Urban,1,Interstate,1,State Highway Agency,1,Interstate,I-91 RAMP,,1,1,41.74672778,41.74672778,-72.660719440,-72.66071944,0,No Special Jurisdiction,12,Motor Vehicle In-Transport,1,Front-to-Rear,1,Yes,20,Entrance/Exit Ramp,1,Not an Intersection,0,None,,,1,On Roadway,3,Dark - Lighted,,,,,1,Clear,0,No,0000000,Not Applicable,2,2:00am-2:59am,59,59,3,3:00am-3:59am,6,6,88,"Not Applicable (Not Transported) ",88,Not Applicable (Not Transported),,,,,,,1,
2022,9,90095,Connecticut,1,1,0,1,1,2,2,9,NEW HAVEN (9),790,WALLINGFORD,19,19,6,June,2022,1,Sunday,16,4:00pm-4:59pm,26,26,0,This section IS NOT on the NHS,2,Urban,7,Local,3,Town or Township Highway Agency,5,Local Street - Township,S MAIN ST,CEDAR ST,7,7,41.44583056,41.44583056,-72.825388890,-72.82538889,0,No Special Jurisdiction,15,Non-Motorist on Personal Conveyance,0,The First Harmful Event was Not a Collision with a Motor Vehicle in Transport,0,No,2,Intersection,2,Four-Way Intersection,0,None,,,1,On Roadway,1,Daylight,,,,,1,Clear,0,No,0000000,Not Applicable,16,4:00pm-4:59pm,26,26,16,4:00pm-4:59pm,35,35,17,5:00pm-5:59pm,15,15,,,,,,,1,
2022,9,90096,Connecticut,2,2,0,0,0,4,4,15,WINDHAM (15),268,HAMPTON,26,26,6,June,2022,1,Sunday,12,12:00pm-12:59pm,46,46,1,This section IS ON the NHS,1,Rural,3,Principal Arterial - Other,1,State Highway Agency,2,U.S. Highway,US-6 HARTFORD TPKE,SR-97 PUDDING HILL RD,1013,1013,41.76743333,41.76743333,-72.057533330,-72.05753333,0,No Special Jurisdiction,12,Motor Vehicle In-Transport,6,Angle,0,No,2,Intersection,2,Four-Way Intersection,0,None,,,1,On Roadway,1,Daylight,,,,,1,Clear,0,No,0000000,Not Applicable,12,12:00pm-12:59pm,46,46,12,12:00pm-12:59pm,53,53,99,Unknown,99,Unknown EMS Hospital Arrival Time,,,,,,,1,
2022,9,90098,Connecticut,2,2,0,0,0,3,3,9,NEW HAVEN (9),825,WEST HAVEN,7,7,6,June,2022,3,Tuesday,12,12:00pm-12:59pm,2,2,1,This section IS ON the NHS,2,Urban,3,Principal Arterial - Other,1,State Highway Agency,2,U.S. Highway,US-1,,460,460,41.29430000,41.29430000,-72.959402780,-72.95940278,0,No Special Jurisdiction,12,Motor Vehicle In-Transport,8,Sideswipe - Opposite Direction,0,No,1,Non-Junction,1,Not an Intersection,0,None,,,1,On Roadway,1,Daylight,,,,,1,Clear,0,No,0000000,Not Applicable,12,12:00pm-12:59pm,3,3,12,12:00pm-12:59pm,7,7,12,12:00pm-12:59pm,27,27,,,,,,,1,
2022,9,90099,Connecticut,1,1,0,0,0,1,1,15,WINDHAM (15),330,KILLINGLY CENTER,28,28,6,June,2022,3,Tuesday,10,10:00am-10:59am,30,30,1,This section IS ON the NHS,2,Urban,1,Interstate,1,State Highway Agency,1,Interstate,I-395,,394,394,41.81888611,41.81888611,-71.869736110,-71.86973611,0,No Special Jurisdiction,24,Guardrail Face,0,The First Harmful Event was Not a Collision with a Motor Vehicle in Transport,0,No,1,Non-Junction,1,Not an Intersection,0,None,,,3,On Median,1,Daylight,,,,,1,Clear,0,No,0000000,Not Applicable,10,10:00am-10:59am,38,38,10,10:00am-10:59am,40,40,88,"Not Applicable (Not Transported) ",88,Not Applicable (Not Transported),,,,,,,1,
2022,9,90100,Connecticut,2,2,0,0,0,3,3,5,LITCHFIELD (5),261,GOSHEN,29,29,6,June,2022,4,Wednesday,5,5:00am-5:59am,40,40,0,This section IS NOT on the NHS,1,Rural,4,Minor Arterial,1,State Highway Agency,3,State Highway,SR-63 NORTH ST,,420,420,41.84109444,41.84109444,-73.233780560,-73.23378056,0,No Special Jurisdiction,12,Motor Vehicle In-Transport,6,Angle,0,No,8,Driveway Access Related,1,Not an Intersection,0,None,,,1,On Roadway,1,Daylight,,,,,1,Clear,0,No,0000000,Not Applicable,5,5:00am-5:59am,42,42,5,5:00am-5:59am,44,44,88,"Not Applicable (Not Transported) ",88,Not Applicable (Not Transported),,,,,,,1,
2022,9,90101,Connecticut,1,1,0,0,0,1,1,1,FAIRFIELD (1),460,NEWTOWN,24,24,6,June,2022,6,Friday,22,10:00pm-10:59pm,52,52,0,This section IS NOT on the NHS,2,Urban,7,Local,3,Town or Township Highway Agency,5,Local Street - Township,RIVERSIDE RD,,15,15,41.42436111,41.42436111,-73.258686110,-73.25868611,0,No Special Jurisdiction,39,Wall,0,The First Harmful Event was Not a Collision with a Motor Vehicle in Transport,0,No,1,Non-Junction,1,Not an Intersection,0,None,,,4,On Roadside,3,Dark - Lighted,,,,,1,Clear,0,No,0000000,Not Applicable,99,Unknown,99,Unknown,99,Unknown EMS Scene Arrival Hour,99,Unknown EMS Scene Arrival Minutes,88,"Not Applicable (Not Transported) ",88,Not Applicable (Not Transported),,,,,,,1,
2022,9,90102,Connecticut,1,1,0,0,0,1,1,3,HARTFORD (3),718,SUFFIELD,19,19,3,March,2022,7,Saturday,14,2:00pm-2:59pm,49,49,0,This section IS NOT on the NHS,1,Rural,6,Minor Collector,1,State Highway Agency,3,State Highway,SR-585,,11,11,42.03455278,42.03455278,-72.750563890,-72.75056389,0,No Special Jurisdiction,42,Tree (Standing Only),0,The First Harmful Event was Not a Collision with a Motor Vehicle in Transport,0,No,1,Non-Junction,1,Not an Intersection,0,None,,,4,On Roadside,1,Daylight,,,,,1,Clear,0,No,0000000,Not Applicable,14,2:00pm-2:59pm,49,49,14,2:00pm-2:59pm,56,56,88,"Not Applicable (Not Transported) ",88,Not Applicable (Not Transported),,,,,,,1,
2022,9,90103,Connecticut,1,1,0,0,0,1,1,5,LITCHFIELD (5),491,NORFOLK,3,3,7,July,2022,1,Sunday,16,4:00pm-4:59pm,10,10,1,This section IS ON the NHS,1,Rural,3,Principal Arterial - Other,1,State Highway Agency,2,U.S. Highway,US-44,,184,184,41.99374444,41.99374444,-73.201666670,-73.20166667,0,No Special Jurisdiction,1,Rollover/Overturn,0,The First Harmful Event was Not a Collision with a Motor Vehicle in Transport,0,No,1,Non-Junction,1,Not an Intersection,0,None,,,4,On Roadside,1,Daylight,,,,,1,Clear,0,No,0000000,Not Applicable,16,4:00pm-4:59pm,9,9,16,4:00pm-4:59pm,21,21,16,4:00pm-4:59pm,54,54,,,,,,,1,
2022,9,90104,Connecticut,1,1,0,0,0,1,1,11,NEW LONDON (11),219,FLANDERS,14,14,6,June,2022,3,Tuesday,22,10:00pm-10:59pm,47,47,0,This section IS NOT on the NHS,2,Urban,4,Minor Arterial,1,State Highway Agency,2,U.S. Highway,US-1 BOSTON POST RD,CHURCH LN,922,922,41.36587222,41.36587222,-72.214438890,-72.21443889,0,No Special Jurisdiction,33,Curb,0,The First Harmful Event was Not a Collision with a Motor Vehicle in Transport,0,No,3,Intersection-Related,4,Y-Intersection,0,None,,,4,On Roadside,2,Dark - Not Lighted,,,,,1,Clear,0,No,0000000,Not Applicable,22,10:00pm-10:59pm,47,47,22,10:00pm-10:59pm,47,47,23,11:00pm-11:59pm,13,13,,,,,,,1,
2022,9,90105,Connecticut,1,1,0,1,1,1,1,3,HARTFORD (3),280,HARTFORD,11,11,6,June,2022,7,Saturday,23,11:00pm-11:59pm,34,34,1,This section IS ON the NHS,2,Urban,3,Principal Arterial - Other,1,State Highway Agency,2,U.S. Highway,US-44,GARDEN ST NO 1,526,526,41.77787500,41.77787500,-72.685500000,-72.68550000,0,No Special Jurisdiction,8,Pedestrian,0,The First Harmful Event was Not a Collision with a Motor Vehicle in Transport,0,No,3,Intersection-Related,2,Four-Way Intersection,0,None,,,1,On Roadway,3,Dark - Lighted,,,,,1,Clear,0,No,0000000,Not Applicable,23,11:00pm-11:59pm,34,34,23,11:00pm-11:59pm,38,38,23,11:00pm-11:59pm,50,50,,,,,,,1,
2022,9,90106,Connecticut,2,2,0,0,0,3,3,1,FAIRFIELD (1),650,SHELTON,3,3,7,July,2022,1,Sunday,15,3:00pm-3:59pm,19,19,1,This section IS ON the NHS,2,Urban,2,Principal Arterial - Other Freeways and Expressways,1,State Highway Agency,3,State Highway,SR-8,,88,88,41.26989722,41.26989722,-73.121894440,-73.12189444,0,No Special Jurisdiction,12,Motor Vehicle In-Transport,1,Front-to-Rear,0,No,1,Non-Junction,1,Not an Intersection,0,None,,,1,On Roadway,1,Daylight,,,,,1,Clear,0,No,0000000,Not Applicable,15,3:00pm-3:59pm,19,19,15,3:00pm-3:59pm,22,22,15,3:00pm-3:59pm,59,59,,,,,,,1,
2022,9,90107,Connecticut,1,1,0,0,0,1,1,9,NEW HAVEN (9),385,MILFORD,2,2,7,July,2022,7,Saturday,10,10:00am-10:59am,20,20,0,This section IS NOT on the NHS,2,Urban,4,Minor Arterial,3,Town or Township Highway Agency,5,Local Street - Township,MEADOWS END RD,LUCILLE DR,5,5,41.20522778,41.20522778,-73.083319440,-73.08331944,0,No Special Jurisdiction,30,Utility Pole/Light Support,0,The First Harmful Event was Not a Collision with a Motor Vehicle in Transport,0,No,3,Intersection-Related,3,T-Intersection,0,None,,,4,On Roadside,1,Daylight,,,,,1,Clear,0,No,0000000,Not Applicable,10,10:00am-10:59am,20,20,10,10:00am-10:59am,29,29,99,Unknown,99,Unknown EMS Hospital Arrival Time,,,,,,,1,
2022,9,90108,Connecticut,2,2,0,0,0,3,3,9,NEW HAVEN (9),810,WATERBURY,11,11,7,July,2022,2,Monday,23,11:00pm-11:59pm,52,52,1,This section IS ON the NHS,2,Urban,2,Principal Arterial - Other Freeways and Expressways,1,State Highway Agency,3,State Highway,SR-8,,310,310,41.56175278,41.56175278,-73.057625000,-73.05762500,0,No Special Jurisdiction,12,Motor Vehicle In-Transport,2,Front-to-Front,0,No,1,Non-Junction,1,Not an Intersection,0,None,,,1,On Roadway,3,Dark - Lighted,,,,,1,Clear,0,No,0000000,Not Applicable,23,11:00pm-11:59pm,54,54,0,0:00am-0:59am,6,6,0,0:00am-0:59am,27,27,,,,,,,1,
2022,9,90109,Connecticut,2,2,0,0,0,2,2,15,WINDHAM (15),508,NORTH WINDHAM,4,4,7,July,2022,2,Monday,19,7:00pm-7:59pm,57,57,0,This section IS NOT on the NHS,2,Urban,3,Principal Arterial - Other,1,State Highway Agency,2,U.S. Highway,US-6 BOSTON POST RD,,945,945,41.74729167,41.74729167,-72.164566670,-72.16456667,0,No Special Jurisdiction,12,Motor Vehicle In-Transport,6,Angle,0,No,8,Driveway Access Related,1,Not an Intersection,0,None,,,1,On Roadway,1,Daylight,,,,,1,Clear,0,No,0000000,Not Applicable,19,7:00pm-7:59pm,49,49,19,7:00pm-7:59pm,56,56,20,8:00pm-8:59pm,29,29,,,,,,,1,
2022,9,90110,Connecticut,1,1,0,0,0,1,1,1,FAIRFIELD (1),605,WEST REDDING,27,27,6,June,2022,2,Monday,2,2:00am-2:59am,8,8,0,This section IS NOT on the NHS,1,Rural,5,Major Collector,1,State Highway Agency,3,State Highway,SR-53,,155,155,41.31102778,41.31102778,-73.416466670,-73.41646667,0,No Special Jurisdiction,39,Wall,0,The First Harmful Event was Not a Collision with a Motor Vehicle in Transport,0,No,1,Non-Junction,1,Not an Intersection,0,None,,,4,On Roadside,2,Dark - Not Lighted,,,,,1,Clear,0,No,0000000,Not Applicable,2,2:00am-2:59am,10,10,99,Unknown EMS Scene Arrival Hour,99,Unknown EMS Scene Arrival Minutes,88,"Not Applicable (Not Transported) ",88,Not Applicable (Not Transported),,,,,,,1,
2022,9,90111,Connecticut,3,2,1,0,0,3,3,3,HARTFORD (3),90,BRISTOL,1,1,7,July,2022,6,Friday,9,9:00am-9:59am,5,5,1,This section IS ON the NHS,2,Urban,3,Principal Arterial - Other,1,State Highway Agency,2,U.S. Highway,US-6,,501,501,41.69947778,41.69947778,-72.894011110,-72.89401111,0,No Special Jurisdiction,12,Motor Vehicle In-Transport,6,Angle,0,No,4,Driveway Access,1,Not an Intersection,0,None,,,1,On Roadway,1,Daylight,,,,,1,Clear,0,No,0000000,Not Applicable,9,9:00am-9:59am,7,7,9,9:00am-9:59am,11,11,9,9:00am-9:59am,54,54,,,,,,,1,
2022,9,90112,Connecticut,1,1,0,0,0,1,1,11,NEW LONDON (11),520,NORWICH,29,29,5,May,2022,1,Sunday,19,7:00pm-7:59pm,29,29,0,This section IS NOT on the NHS,2,Urban,4,Minor Arterial,1,State Highway Agency,3,State Highway,SR-12 NORTH MAIN ST,,141,141,41.54205000,41.54205000,-72.052383330,-72.05238333,0,No Special Jurisdiction,33,Curb,0,The First Harmful Event was Not a Collision with a Motor Vehicle in Transport,0,No,1,Non-Junction,1,Not an Intersection,0,None,,,4,On Roadside,1,Daylight,,,,,1,Clear,0,No,0000000,Not Applicable,19,7:00pm-7:59pm,29,29,19,7:00pm-7:59pm,32,32,88,"Not Applicable (Not Transported) ",88,Not Applicable (Not Transported),,,,,,,1,
2022,9,90113,Connecticut,3,3,0,0,0,4,4,9,NEW HAVEN (9),385,MILFORD,30,30,6,June,2022,5,Thursday,6,6:00am-6:59am,48,48,1,This section IS ON the NHS,2,Urban,1,Interstate,1,State Highway Agency,1,Interstate,I-95,,366,366,41.22182778,41.22182778,-73.078850000,-73.07885000,0,No Special Jurisdiction,12,Motor Vehicle In-Transport,7,Sideswipe - Same Direction,0,No,1,Non-Junction,1,Not an Intersection,0,None,,,1,On Roadway,1,Daylight,,,,,1,Clear,0,No,0000000,Not Applicable,6,6:00am-6:59am,49,49,6,6:00am-6:59am,56,56,88,"Not Applicable (Not Transported) ",88,Not Applicable (Not Transported),,,,,,,2,
2022,9,90114,Connecticut,2,2,0,0,0,4,4,11,NEW LONDON (11),520,NORWICH,9,9,6,June,2022,5,Thursday,22,10:00pm-10:59pm,24,24,0,This section IS NOT on the NHS,2,Urban,5,Major Collector,3,Town or Township Highway Agency,5,Local Street - Township,HUNTERS RD,MOHEGAN PARK RD NO 2,1,1,41.56024444,41.56024444,-72.067422220,-72.06742222,0,No Special Jurisdiction,12,Motor Vehicle In-Transport,6,Angle,0,No,2,Intersection,3,T-Intersection,0,None,,,1,On Roadway,3,Dark - Lighted,,,,,1,Clear,0,No,0000000,Not Applicable,99,Unknown,99,Unknown,99,Unknown EMS Scene Arrival Hour,99,Unknown EMS Scene Arrival Minutes,99,Unknown,99,Unknown EMS Hospital Arrival Time,,,,,,,1,
2022,9,90115,Connecticut,1,1,0,0,0,1,1,9,NEW HAVEN (9),810,WATERBURY,11,11,6,June,2022,7,Saturday,23,11:00pm-11:59pm,12,12,0,This section IS NOT on the NHS,2,Urban,7,Local,3,Town or Township Highway Agency,5,Local Street - Township,GREENWOOD AV NO 2,,2,2,41.57380278,41.57380278,-73.037797220,-73.03779722,0,No Special Jurisdiction,33,Curb,0,The First Harmful Event was Not a Collision with a Motor Vehicle in Transport,0,No,1,Non-Junction,1,Not an Intersection,0,None,,,4,On Roadside,2,Dark - Not Lighted,,,,,1,Clear,0,No,0000000,Not Applicable,23,11:00pm-11:59pm,15,15,23,11:00pm-11:59pm,18,18,88,"Not Applicable (Not Transported) ",88,Not Applicable (Not Transported),,,,,,,1,
2022,9,90116,Connecticut,1,1,0,1,1,1,1,3,HARTFORD (3),823,WEST HARTFORD,3,3,6,June,2022,6,Friday,10,10:00am-10:59am,8,8,1,This section IS ON the NHS,2,Urban,3,Principal Arterial - Other,3,Town or Township Highway Agency,5,Local Street - Township,NORTH MAIN ST,FARMINGTON AV,0,None,41.76213889,41.76213889,-72.741888890,-72.74188889,0,No Special Jurisdiction,33,Curb,0,The First Harmful Event was Not a Collision with a Motor Vehicle in Transport,0,No,3,Intersection-Related,2,Four-Way Intersection,0,None,,,3,On Median,1,Daylight,,,,,1,Clear,0,No,0000000,Not Applicable,10,10:00am-10:59am,8,8,10,10:00am-10:59am,9,9,10,10:00am-10:59am,49,49,,,,,,,1,
2022,9,90117,Connecticut,1,1,0,0,0,1,1,13,TOLLAND (13),691,STAFFORD,11,11,7,July,2022,2,Monday,19,7:00pm-7:59pm,58,58,0,This section IS NOT on the NHS,2,Urban,5,Major Collector,1,State Highway Agency,3,State Highway,SR-19,,12,12,41.97128889,41.97128889,-72.290438890,-72.29043889,0,No Special Jurisdiction,42,Tree (Standing Only),0,The First Harmful Event was Not a Collision with a Motor Vehicle in Transport,0,No,1,Non-Junction,1,Not an Intersection,0,None,,,4,On Roadside,1,Daylight,,,,,1,Clear,0,No,0000000,Not Applicable,19,7:00pm-7:59pm,59,59,20,8:00pm-8:59pm,4,4,20,8:00pm-8:59pm,40,40,,,,,,,1,
2022,9,90118,Connecticut,2,2,0,0,0,3,3,7,MIDDLESEX (7),332,KILLINGWORTH,26,26,7,July,2022,3,Tuesday,18,6:00pm-6:59pm,53,53,0,This section IS NOT on the NHS,1,Rural,4,Minor Arterial,1,State Highway Agency,3,State Highway,SR-81,,61,61,41.35928611,41.35928611,-72.565738890,-72.56573889,0,No Special Jurisdiction,12,Motor Vehicle In-Transport,6,Angle,0,No,1,Non-Junction,1,Not an Intersection,0,None,,,1,On Roadway,1,Daylight,,,,,1,Clear,0,No,0000000,Not Applicable,18,6:00pm-6:59pm,52,52,18,6:00pm-6:59pm,58,58,19,7:00pm-7:59pm,32,32,,,,,,,1,
2022,9,90119,Connecticut,2,2,0,0,0,2,2,15,WINDHAM (15),843,WINDHAM,27,27,7,July,2022,4,Wednesday,8,8:00am-8:59am,23,23,1,This section IS ON the NHS,2,Urban,3,Principal Arterial - Other,1,State Highway Agency,2,U.S. Highway,US-6,Crystal Ridge,936,936,41.73935278,41.73935278,-72.179077780,-72.17907778,0,No Special Jurisdiction,12,Motor Vehicle In-Transport,6,Angle,0,No,2,Intersection,2,Four-Way Intersection,0,None,,,1,On Roadway,1,Daylight,,,,,1,Clear,0,No,0000000,Not Applicable,8,8:00am-8:59am,24,24,8,8:00am-8:59am,33,33,8,8:00am-8:59am,58,58,,,,,,,1,
2022,9,90120,Connecticut,1,1,0,0,0,1,1,9,NEW HAVEN (9),502,NORTH HAVEN,28,28,7,July,2022,5,Thursday,5,5:00am-5:59am,17,17,1,This section IS ON the NHS,2,Urban,2,Principal Arterial - Other Freeways and Expressways,1,State Highway Agency,3,State Highway,SR-15,,562,562,41.42976389,41.42976389,-72.852594440,-72.85259444,0,No Special Jurisdiction,42,Tree (Standing Only),0,The First Harmful Event was Not a Collision with a Motor Vehicle in Transport,0,No,1,Non-Junction,1,Not an Intersection,0,None,,,4,On Roadside,2,Dark - Not Lighted,,,,,1,Clear,0,No,0000000,Not Applicable,5,5:00am-5:59am,27,27,5,5:00am-5:59am,38,38,88,"Not Applicable (Not Transported) ",88,Not Applicable (Not Transported),,,,,,,1,
2022,9,90121,Connecticut,1,1,0,0,0,1,1,3,HARTFORD (3),229,ENFIELD,18,18,7,July,2022,2,Monday,7,7:00am-7:59am,23,23,0,This section IS NOT on the NHS,2,Urban,7,Local,3,Town or Township Highway Agency,5,Local Street - Township,POST RD,,2,2,41.97116111,41.97116111,-72.585411110,-72.58541111,0,No Special Jurisdiction,42,Tree (Standing Only),0,The First Harmful Event was Not a Collision with a Motor Vehicle in Transport,0,No,1,Non-Junction,1,Not an Intersection,0,None,,,4,On Roadside,1,Daylight,,,,,1,Clear,0,No,0000000,Not Applicable,7,7:00am-7:59am,26,26,7,7:00am-7:59am,29,29,8,8:00am-8:59am,6,6,,,,,,,1,
2022,9,90122,Connecticut,2,2,0,0,0,3,3,9,NEW HAVEN (9),430,NEW HAVEN,31,31,7,July,2022,1,Sunday,5,5:00am-5:59am,41,41,1,This section IS ON the NHS,2,Urban,3,Principal Arterial - Other,1,State Highway Agency,3,State Highway,SR-10 ELLA T GRASSO BLVD,,11,11,41.29363333,41.29363333,-72.944619440,-72.94461944,0,No Special Jurisdiction,12,Motor Vehicle In-Transport,99,Reported as Unknown,0,No,1,Non-Junction,1,Not an Intersection,0,None,,,1,On Roadway,1,Daylight,,,,,1,Clear,0,No,0000000,Not Applicable,5,5:00am-5:59am,41,41,5,5:00am-5:59am,44,44,5,5:00am-5:59am,59,59,,,,,,,1,
2022,9,90123,Connecticut,2,2,0,0,0,3,3,1,FAIRFIELD (1),235,FAIRFIELD,2,2,8,August,2022,3,Tuesday,19,7:00pm-7:59pm,18,18,1,This section IS ON the NHS,2,Urban,3,Principal Arterial - Other,1,State Highway Agency,2,U.S. Highway,US-1,JENNINGS RD,278,278,41.17244722,41.17244722,-73.229263890,-73.22926389,0,No Special Jurisdiction,1,Rollover/Overturn,0,The First Harmful Event was Not a Collision with a Motor Vehicle in Transport,0,No,2,Intersection,4,Y-Intersection,0,None,,,1,On Roadway,1,Daylight,,,,,1,Clear,0,No,0000000,Not Applicable,19,7:00pm-7:59pm,18,18,19,7:00pm-7:59pm,22,22,19,7:00pm-7:59pm,47,47,,,,,,,1,