caseyear,state,st_case,statename,ve_total,ve_forms,pvh_invl,peds,pernotmvit,permvit,persons,county,countyname,city,cityname,day,dayname,month,monthname,year,day_week,day_weekname,hour,hourname,minute,minutename,nhs,nhsname,rur_urb,rur_urbname,func_sys,func_sysname,rd_owner,rd_ownername,route,routename,tway_id,tway_id2,milept,mileptname,latitude,latitudename,longitud,longitudname,sp_jur,sp_jurname,harm_ev,harm_evname,man_coll,man_collname,reljct1,reljct1name,reljct2,reljct2name,typ_int,typ_intname,wrk_zone,wrk_zonename,road_fnc,road_fncname,rel_road,rel_roadname,lgt_cond,lgt_condname,weather1,weather1name,weather2,weather2name,weather,weathername,sch_bus,sch_busname,rail,railname,not_hour,not_hourname,not_min,not_minname,arr_hour,arr_hourname,arr_min,arr_minname,hosp_hr,hosp_hrname,hosp_mn,hosp_mnname,cf1,cf1name,cf2,cf2name,cf3,cf3name,fatals,drunk_dr
2022,9,90162,Connecticut,2,2,0,0,0,3,3,15,WINDHAM (15),330,KILLINGLY CENTER,21,21,9,September,2022,4,Wednesday,14,2:00pm-2:59pm,8,8,0,This section IS NOT on the NHS,1,Rural,5,Major Collector,1,State Highway Agency,3,State Highway,SR-607,,9,9,41.80624722,41.80624722,-71.862586110,-71.86258611,0,No Special Jurisdiction,12,Motor Vehicle In-Transport,2,Front-to-Front,0,No,1,Non-Junction,1,Not an Intersection,0,None,,,1,On Roadway,1,Daylight,,,,,1,Clear,0,No,0000000,Not Applicable,14,2:00pm-2:59pm,8,8,14,2:00pm-2:59pm,10,10,14,2:00pm-2:59pm,45,45,,,,,,,1,
2022,9,90163,Connecticut,2,2,0,0,0,2,2,5,LITCHFIELD (5),760,WEST TORRINGTON,21,21,9,September,2022,4,Wednesday,6,6:00am-6:59am,17,17,0,This section IS NOT on the NHS,2,Urban,4,Minor Arterial,1,State Highway Agency,3,State Highway,SR-183,GREENWOODS RD,47,47,41.86668333,41.86668333,-73.069258330,-73.06925833,0,No Special Jurisdiction,1,Rollover/Overturn,0,The First Harmful Event was Not a Collision with a Motor Vehicle in Transport,0,No,2,Intersection,4,Y-Intersection,0,None,,,1,On Roadway,4,Dawn,,,,,1,Clear,1,Yes,0000000,Not Applicable,6,6:00am-6:59am,19,19,6,6:00am-6:59am,24,24,99,Unknown,99,Unknown EMS Hospital Arrival Time,,,,,,,1,
2022,9,90164,Connecticut,1,1,0,0,0,1,1,5,LITCHFIELD (5),817,WATERTOWN,20,20,9,September,2022,3,Tuesday,11,11:00am-11:59am,6,6,0,This section IS NOT on the NHS,2,Urban,4,Minor Arterial,1,State Highway Agency,3,State Highway,SR-63,,268,268,41.63791667,41.63791667,-73.142927780,-73.14292778,0,No Special Jurisdiction,42,Tree (Standing Only),0,The First Harmful Event was Not a Collision with a Motor Vehicle in Transport,0,No,1,Non-Junction,1,Not an Intersection,0,None,,,4,On Roadside,1,Daylight,,,,,1,Clear,0,No,0000000,Not Applicable,11,11:00am-11:59am,6,6,11,11:00am-11:59am,10,10,88,"Not Applicable (Not Transported) ",88,Not Applicable (Not Transported),,,,,,,1,
2022,9,90166,Connecticut,2,2,0,0,0,3,3,3,HARTFORD (3),225,EAST HARTFORD,19,19,9,September,2022,2,Monday,7,7:00am-7:59am,24,24,0,This section IS NOT on the NHS,2,Urban,4,Minor Arterial,1,State Highway Agency,2,U.S. Highway,US-44,ZEBULON ST,565,565,41.77812222,41.77812222,-72.621291670,-72.62129167,0,No Special Jurisdiction,12,Motor Vehicle In-Transport,6,Angle,0,No,2,Intersection,3,T-Intersection,0,None,,,1,On Roadway,1,Daylight,,,,,1,Clear,0,No,0000000,Not Applicable,7,7:00am-7:59am,24,24,7,7:00am-7:59am,25,25,7,7:00am-7:59am,45,45,,,,,,,1,
2022,9,90167,Connecticut,1,1,0,1,1,1,1,1,FAIRFIELD (1),700,STAMFORD,28,28,9,September,2022,4,Wednesday,19,7:00pm-7:59pm,20,20,1,This section IS ON the NHS,2,Urban,3,Principal Arterial - Other,1,State Highway Agency,3,State Highway,SR-106-COURTLAND AVE,,1,1,41.06010000,41.06010000,-73.513988890,-73.51398889,0,No Special Jurisdiction,8,Pedestrian,0,The First Harmful Event was Not a Collision with a Motor Vehicle in Transport,0,No,1,Non-Junction,1,Not an Intersection,0,None,,,1,On Roadway,3,Dark - Lighted,,,,,1,Clear,0,No,0000000,Not Applicable,19,7:00pm-7:59pm,21,21,19,7:00pm-7:59pm,28,28,20,8:00pm-8:59pm,1,1,,,,,,,1,
2022,9,90168,Connecticut,2,2,0,0,0,2,2,9,NEW HAVEN (9),70,BRANFORD,4,4,10,October,2022,3,Tuesday,10,10:00am-10:59am,22,22,0,This section IS NOT on the NHS,2,Urban,4,Minor Arterial,1,State Highway Agency,2,U.S. Highway,US-1-EAST MAIN ST,,572,572,41.29773611,41.29773611,-72.776950000,-72.77695000,0,No Special Jurisdiction,12,Motor Vehicle In-Transport,8,Sideswipe - Opposite Direction,0,No,1,Non-Junction,1,Not an Intersection,0,None,,,1,On Roadway,1,Daylight,,,,,2,Rain,0,No,0000000,Not Applicable,10,10:00am-10:59am,23,23,10,10:00am-10:59am,26,26,10,10:00am-10:59am,46,46,,,,,,,1,
2022,9,90169,Connecticut,1,1,0,1,1,1,1,9,NEW HAVEN (9),267,HAMDEN,18,18,5,May,2022,4,Wednesday,22,10:00pm-10:59pm,17,17,0,This section IS NOT on the NHS,2,Urban,6,Minor Collector,3,Town or Township Highway Agency,5,Local Street - Township,PARADISE AV NO 5,,5,5,41.37325278,41.37325278,-72.939461110,-72.93946111,0,No Special Jurisdiction,8,Pedestrian,0,The First Harmful Event was Not a Collision with a Motor Vehicle in Transport,0,No,1,Non-Junction,1,Not an Intersection,0,None,,,1,On Roadway,3,Dark - Lighted,,,,,1,Clear,0,No,0000000,Not Applicable,99,Unknown,99,Unknown,99,Unknown EMS Scene Arrival Hour,99,Unknown EMS Scene Arrival Minutes,88,"Not Applicable (Not Transported) ",88,Not Applicable (Not Transported),,,,,,,1,
2022,9,90170,Connecticut,2,2,0,0,0,3,3,11,NEW LONDON (11),539,OLD LYME,15,15,10,October,2022,7,Saturday,7,7:00am-7:59am,24,24,1,This section IS ON the NHS,2,Urban,1,Interstate,1,State Highway Agency,1,Interstate,I-95,,815,815,41.31738056,41.31738056,-72.296227780,-72.29622778,0,No Special Jurisdiction,12,Motor Vehicle In-Transport,1,Front-to-Rear,0,No,1,Non-Junction,1,Not an Intersection,0,None,,,1,On Roadway,1,Daylight,,,,,1,Clear,0,No,0000000,Not Applicable,7,7:00am-7:59am,23,23,7,7:00am-7:59am,44,44,8,8:00am-8:59am,38,38,,,,,,,1,
2022,9,90171,Connecticut,2,2,0,0,0,2,2,11,NEW LONDON (11),349,LISBON,19,19,9,September,2022,2,Monday,18,6:00pm-6:59pm,33,33,0,This section IS NOT on the NHS,2,Urban,4,Minor Arterial,1,State Highway Agency,3,State Highway,SR-12-RIVER RD,,198,198,41.59150278,41.59150278,-71.990913890,-71.99091389,0,No Special Jurisdiction,12,Motor Vehicle In-Transport,7,Sideswipe - Same Direction,0,No,8,Driveway Access Related,1,Not an Intersection,0,None,,,1,On Roadway,5,Dusk,,,,,2,Rain,0,No,0000000,Not Applicable,18,6:00pm-6:59pm,37,37,18,6:00pm-6:59pm,50,50,19,7:00pm-7:59pm,4,4,,,,,,,1,
2022,9,90172,Connecticut,1,1,0,0,0,1,1,5,LITCHFIELD (5),760,WEST TORRINGTON,20,20,10,October,2022,5,Thursday,14,2:00pm-2:59pm,18,18,1,This section IS ON the NHS,2,Urban,2,Principal Arterial - Other Freeways and Expressways,1,State Highway Agency,3,State Highway,SR-8,,505,505,41.81335833,41.81335833,-73.113816670,-73.11381667,0,No Special Jurisdiction,35,Embankment,0,The First Harmful Event was Not a Collision with a Motor Vehicle in Transport,1,Yes,19,Other location within Interchange Area,1,Not an Intersection,0,None,,,3,On Median,1,Daylight,,,,,1,Clear,0,No,0000000,Not Applicable,99,Unknown,99,Unknown,99,Unknown EMS Scene Arrival Hour,99,Unknown EMS Scene Arrival Minutes,88,"Not Applicable (Not Transported) ",88,Not Applicable (Not Transported),,,,,,,1,
2022,9,90173,Connecticut,1,1,0,0,0,2,2,9,NEW HAVEN (9),810,WATERBURY,17,17,3,March,2022,5,Thursday,21,9:00pm-9:59pm,55,55,0,This section IS NOT on the NHS,2,Urban,4,Minor Arterial,1,State Highway Agency,3,State Highway,SR-847,,56,56,41.58176667,41.58176667,-73.048647220,-73.04864722,0,No Special Jurisdiction,1,Rollover/Overturn,0,The First Harmful Event was Not a Collision with a Motor Vehicle in Transport,0,No,1,Non-Junction,1,Not an Intersection,0,None,,,4,On Roadside,3,Dark - Lighted,,,,,2,Rain,0,No,0000000,Not Applicable,21,9:00pm-9:59pm,57,57,22,10:00pm-10:59pm,4,4,99,Unknown,99,Unknown EMS Hospital Arrival Time,,,,,,,1,
2022,9,90174,Connecticut,1,1,0,0,0,1,1,15,WINDHAM (15),330,KILLINGLY CENTER,25,25,10,October,2022,3,Tuesday,16,4:00pm-4:59pm,36,36,1,This section IS ON the NHS,2,Urban,1,Interstate,1,State Highway Agency,1,Interstate,I-395,,406,406,41.83553333,41.83553333,-71.875213890,-71.87521389,0,No Special Jurisdiction,1,Rollover/Overturn,0,The First Harmful Event was Not a Collision with a Motor Vehicle in Transport,0,No,1,Non-Junction,1,Not an Intersection,0,None,,,4,On Roadside,1,Daylight,,,,,1,Clear,0,No,0000000,Not Applicable,16,4:00pm-4:59pm,11,11,16,4:00pm-4:59pm,50,50,88,"Not Applicable (Not Transported) ",88,Not Applicable (Not Transported),,,,,,,1,
2022,9,90175,Connecticut,1,1,0,0,0,2,2,5,LITCHFIELD (5),326,KENT,21,21,10,October,2022,6,Friday,14,2:00pm-2:59pm,49,49,0,This section IS NOT on the NHS,1,Rural,7,Local,3,Town or Township Highway Agency,5,Local Street - Township,SCHAGHTICOKE RD,,10,10,41.68870556,41.68870556,-73.506027780,-73.50602778,0,No Special Jurisdiction,1,Rollover/Overturn,0,The First Harmful Event was Not a Collision with a Motor Vehicle in Transport,0,No,1,Non-Junction,1,Not an Intersection,0,None,,,4,On Roadside,1,Daylight,,,,,1,Clear,0,No,0000000,Not Applicable,14,2:00pm-2:59pm,49,49,99,Unknown EMS Scene Arrival Hour,99,Unknown EMS Scene Arrival Minutes,99,Unknown,99,Unknown EMS Hospital Arrival Time,,,,,,,1,
2022,9,90176,Connecticut,3,3,0,0,0,3,3,1,FAIRFIELD (1),700,STAMFORD,19,19,9,September,2022,2,Monday,2,2:00am-2:59am,31,31,1,This section IS ON the NHS,2,Urban,1,Interstate,1,State Highway Agency,1,Interstate,I-95,,87,87,41.05468889,41.05468889,-73.523522220,-73.52352222,0,No Special Jurisdiction,12,Motor Vehicle In-Transport,1,Front-to-Rear,0,No,1,Non-Junction,1,Not an Intersection,0,None,,,1,On Roadway,3,Dark - Lighted,,,,,1,Clear,0,No,0000000,Not Applicable,99,Unknown,99,Unknown,99,Unknown EMS Scene Arrival Hour,99,Unknown EMS Scene Arrival Minutes,88,"Not Applicable (Not Transported) ",88,Not Applicable (Not Transported),,,,,,,1,
2022,9,90177,Connecticut,1,1,0,1,1,1,1,9,NEW HAVEN (9),430,NEW HAVEN,29,29,10,October,2022,7,Saturday,21,9:00pm-9:59pm,56,56,1,This section IS ON the NHS,2,Urban,3,Principal Arterial - Other,1,State Highway Agency,3,State Highway,SR-10,,5,5,41.28655278,41.28655278,-72.936486110,-72.93648611,0,No Special Jurisdiction,8,Pedestrian,0,The First Harmful Event was Not a Collision with a Motor Vehicle in Transport,0,No,1,Non-Junction,1,Not an Intersection,0,None,,,1,On Roadway,3,Dark - Lighted,,,,,1,Clear,0,No,0000000,Not Applicable,21,9:00pm-9:59pm,56,56,22,10:00pm-10:59pm,0,0,88,"Not Applicable (Not Transported) ",88,Not Applicable (Not Transported),,,,,,,1,
2022,9,90178,Connecticut,5,5,0,0,0,12,12,9,NEW HAVEN (9),430,NEW HAVEN,30,30,10,October,2022,1,Sunday,2,2:00am-2:59am,18,18,1,This section IS ON the NHS,2,Urban,3,Principal Arterial - Other,3,Town or Township Highway Agency,5,Local Street - Township,SARGENT DR,,8,8,41.29373056,41.29373056,-72.920022220,-72.92002222,0,No Special Jurisdiction,12,Motor Vehicle In-Transport,7,Sideswipe - Same Direction,0,No,1,Non-Junction,1,Not an Intersection,0,None,,,1,On Roadway,3,Dark - Lighted,,,,,1,Clear,0,No,0000000,Not Applicable,2,2:00am-2:59am,0,0,2,2:00am-2:59am,5,5,99,Unknown,99,Unknown EMS Hospital Arrival Time,,,,,,,1,
2022,9,90179,Connecticut,3,1,2,4,5,1,2,11,NEW LONDON (11),770,UNCASVILLE,16,16,9,September,2022,6,Friday,23,11:00pm-11:59pm,24,24,1,This section IS ON the NHS,2,Urban,1,Interstate,1,State Highway Agency,1,Interstate,I-395,,96,96,41.48885000,41.48885000,-72.114425000,-72.11442500,0,No Special Jurisdiction,14,Parked Motor Vehicle,0,The First Harmful Event was Not a Collision with a Motor Vehicle in Transport,0,No,1,Non-Junction,1,Not an Intersection,0,None,,,2,On Shoulder,2,Dark - Not Lighted,,,,,1,Clear,0,No,0000000,Not Applicable,23,11:00pm-11:59pm,23,23,23,11:00pm-11:59pm,30,30,23,11:00pm-11:59pm,59,59,,,,,,,2,
2022,9,90180,Connecticut,3,3,0,0,0,3,3,9,NEW HAVEN (9),495,NORTH BRANFORD,15,15,10,October,2022,7,Saturday,8,8:00am-8:59am,46,46,0,This section IS NOT on the NHS,2,Urban,4,Minor Arterial,1,State Highway Agency,3,State Highway,SR-22,,72,72,41.38208056,41.38208056,-72.794302780,-72.79430278,0,No Special Jurisdiction,12,Motor Vehicle In-Transport,8,Sideswipe - Opposite Direction,0,No,1,Non-Junction,1,Not an Intersection,0,None,,,1,On Roadway,1,Daylight,,,,,1,Clear,0,No,0000000,Not Applicable,99,Unknown,99,Unknown,99,Unknown EMS Scene Arrival Hour,99,Unknown EMS Scene Arrival Minutes,99,Unknown,99,Unknown EMS Hospital Arrival Time,,,,,,,1,
2022,9,90181,Connecticut,1,1,0,0,0,2,2,7,MIDDLESEX (7),822,WESTBROOK,27,27,10,October,2022,5,Thursday,0,0:00am-0:59am,48,48,0,This section IS NOT on the NHS,2,Urban,7,Local,3,Town or Township Highway Agency,5,Local Street - Township,OLD CLINTON RD,,15,15,41.28721944,41.28721944,-72.460244440,-72.46024444,0,No Special Jurisdiction,17,Boulder,0,The First Harmful Event was Not a Collision with a Motor Vehicle in Transport,0,No,1,Non-Junction,1,Not an Intersection,0,None,,,4,On Roadside,3,Dark - Lighted,,,,,1,Clear,0,No,0000000,Not Applicable,0,0:00am-0:59am,53,53,1,1:00am-1:59am,7,7,2,2:00am-2:59am,0,0,,,,,,,1,
2022,9,90182,Connecticut,1,1,0,1,1,1,1,3,HARTFORD (3),280,HARTFORD,1,1,1,January,2022,7,Saturday,0,0:00am-0:59am,11,11,1,This section IS ON the NHS,2,Urban,3,Principal Arterial - Other,3,Town or Township Highway Agency,5,Local Street - Township,MAIN ST NO 1,,7,7,41.78376389,41.78376389,-72.675230560,-72.67523056,0,No Special Jurisdiction,8,Pedestrian,0,The First Harmful Event was Not a Collision with a Motor Vehicle in Transport,0,No,1,Non-Junction,1,Not an Intersection,0,None,,,1,On Roadway,3,Dark - Lighted,,,,,5,"Fog, Smog, Smoke",0,No,0000000,Not Applicable,0,0:00am-0:59am,11,11,0,0:00am-0:59am,17,17,0,0:00am-0:59am,32,32,,,,,,,1,
2022,9,90183,Connecticut,1,1,0,0,0,3,3,9,NEW HAVEN (9),70,BRANFORD,28,28,4,April,2022,5,Thursday,6,6:00am-6:59am,35,35,0,This section IS NOT on the NHS,2,Urban,7,Local,3,Town or Township Highway Agency,5,Local Street - Township,HOSLEY AV,,22,22,41.28834167,41.28834167,-72.845213890,-72.84521389,0,No Special Jurisdiction,42,Tree (Standing Only),0,The First Harmful Event was Not a Collision with a Motor Vehicle in Transport,0,No,1,Non-Junction,1,Not an Intersection,0,None,,,4,On Roadside,2,Dark - Not Lighted,,,,,1,Clear,0,No,0000000,Not Applicable,6,6:00am-6:59am,44,44,6,6:00am-6:59am,50,50,88,"Not Applicable (Not Transported) ",88,Not Applicable (Not Transported),,,,,,,3,
2022,9,90184,Connecticut,2,2,0,0,0,2,2,3,HARTFORD (3),60,BLOOMFIELD,17,17,5,May,2022,3,Tuesday,8,8:00am-8:59am,24,24,0,This section IS NOT on the NHS,2,Urban,4,Minor Arterial,1,State Highway Agency,3,State Highway,SR-187 BLUE HILLS AVE,,54,54,41.85833056,41.85833056,-72.709533330,-72.70953333,0,No Special Jurisdiction,12,Motor Vehicle In-Transport,1,Front-to-Rear,0,No,1,Non-Junction,1,Not an Intersection,0,None,,,1,On Roadway,1,Daylight,,,,,1,Clear,1,Yes,0000000,Not Applicable,8,8:00am-8:59am,34,34,8,8:00am-8:59am,39,39,99,Unknown,99,Unknown EMS Hospital Arrival Time,,,,,,,1,
2022,9,90185,Connecticut,1,1,0,1,1,1,1,3,HARTFORD (3),90,BRISTOL,14,14,7,July,2022,5,Thursday,0,0:00am-0:59am,7,7,1,This section IS ON the NHS,2,Urban,3,Principal Arterial - Other,1,State Highway Agency,3,State Highway,SR-229 MIDDLE ST,,27,27,41.64859722,41.64859722,-72.904000000,-72.90400000,0,No Special Jurisdiction,8,Pedestrian,0,The First Harmful Event was Not a Collision with a Motor Vehicle in Transport,0,No,1,Non-Junction,1,Not an Intersection,0,None,,,1,On Roadway,3,Dark - Lighted,,,,,1,Clear,0,No,0000000,Not Applicable,0,0:00am-0:59am,9,9,0,0:00am-0:59am,16,16,0,0:00am-0:59am,42,42,,,,,,,1,
2022,9,90186,Connecticut,1,1,0,0,0,1,1,3,HARTFORD (3),660,SIMSBURY,4,4,7,July,2022,2,Monday,15,3:00pm-3:59pm,34,34,0,This section IS NOT on the NHS,2,Urban,6,Minor Collector,3,Town or Township Highway Agency,5,Local Street - Township,WEST MOUNTAIN RD,,9,9,41.82981111,41.82981111,-72.867080560,-72.86708056,0,No Special Jurisdiction,42,Tree (Standing Only),0,The First Harmful Event was Not a Collision with a Motor Vehicle in Transport,0,No,1,Non-Junction,1,Not an Intersection,0,None,,,4,On Roadside,1,Daylight,,,,,1,Clear,0,No,0000000,Not Applicable,15,3:00pm-3:59pm,34,34,15,3:00pm-3:59pm,38,38,88,"Not Applicable (Not Transported) ",88,Not Applicable (Not Transported),,,,,,,1,
2022,9,90187,Connecticut,2,2,0,0,0,2,2,9,NEW HAVEN (9),810,WATERBURY,12,12,1,January,2022,4,Wednesday,6,6:00am-6:59am,42,42,0,This section IS NOT on the NHS,2,Urban,4,Minor Arterial,3,Town or Township Highway Agency,5,Local Street - Township,CHASE AV,,3,3,41.58260833,41.58260833,-73.036972220,-73.03697222,0,No Special Jurisdiction,12,Motor Vehicle In-Transport,6,Angle,0,No,8,Driveway Access Related,1,Not an Intersection,0,None,,,1,On Roadway,1,Daylight,,,,,1,Clear,0,No,0000000,Not Applicable,6,6:00am-6:59am,42,42,6,6:00am-6:59am,57,57,99,Unknown,99,Unknown EMS Hospital Arrival Time,,,,,,,1,
2022,9,90188,Connecticut,2,2,0,0,0,2,2,3,HARTFORD (3),823,WEST HARTFORD,18,18,3,March,2022,6,Friday,17,5:00pm-5:59pm,59,59,0,This section IS NOT on the NHS,2,Urban,4,Minor Arterial,3,Town or Township Highway Agency,5,Local Street - Township,TROUT BROOK DR,LAWLER RD NO 2,33,33,41.78278611,41.78278611,-72.738105560,-72.73810556,0,No Special Jurisdiction,33,Curb,0,The First Harmful Event was Not a Collision with a Motor Vehicle in Transport,0,No,3,Intersection-Related,2,Four-Way Intersection,0,None,,,4,On Roadside,1,Daylight,,,,,1,Clear,0,No,0000000,Not Applicable,18,6:00pm-6:59pm,0,0,18,6:00pm-6:59pm,2,2,18,6:00pm-6:59pm,12,12,,,,,,,1,
2022,9,90189,Connecticut,3,3,0,0,0,3,3,9,NEW HAVEN (9),790,WALLINGFORD,17,17,5,May,2022,3,Tuesday,4,4:00am-4:59am,40,40,0,This section IS NOT on the NHS,2,Urban,4,Minor Arterial,1,State Highway Agency,2,U.S. Highway,US-5,SOUTH ELM ST,101,101,41.43801944,41.43801944,-72.833100000,-72.83310000,0,No Special Jurisdiction,12,Motor Vehicle In-Transport,6,Angle,0,No,2,Intersection,3,T-Intersection,0,None,,,1,On Roadway,3,Dark - Lighted,,,,,1,Clear,0,No,0000000,Not Applicable,4,4:00am-4:59am,41,41,4,4:00am-4:59am,48,48,88,"Not Applicable (Not Transported) ",88,Not Applicable (Not Transported),,,,,,,1,
2022,9,90190,Connecticut,3,3,0,0,0,3,3,1,FAIRFIELD (1),700,STAMFORD,31,31,10,October,2022,2,Monday,22,10:00pm-10:59pm,20,20,1,This section IS ON the NHS,2,Urban,2,Principal Arterial - Other Freeways and Expressways,1,State Highway Agency,3,State Highway,SR-15,,93,93,41.10156667,41.10156667,-73.569183330,-73.56918333,0,No Special Jurisdiction,26,Other Traffic Barrier,0,The First Harmful Event was Not a Collision with a Motor Vehicle in Transport,0,No,1,Non-Junction,1,Not an Intersection,0,None,,,3,On Median,2,Dark - Not Lighted,,,,,1,Clear,0,No,0000000,Not Applicable,99,Unknown,99,Unknown,99,Unknown EMS Scene Arrival Hour,99,Unknown EMS Scene Arrival Minutes,99,Unknown,99,Unknown EMS Hospital Arrival Time,,,,,,,1,
2022,9,90191,Connecticut,1,1,0,0,0,1,1,5,LITCHFIELD (5),760,WEST TORRINGTON,2,2,11,November,2022,4,Wednesday,6,6:00am-6:59am,18,18,1,This section IS ON the NHS,2,Urban,2,Principal Arterial - Other Freeways and Expressways,1,State Highway Agency,3,State Highway,SR-8,,546,546,41.86764167,41.86764167,-73.081122220,-73.08112222,0,No Special Jurisdiction,1,Rollover/Overturn,0,The First Harmful Event was Not a Collision with a Motor Vehicle in Transport,0,No,1,Non-Junction,1,Not an Intersection,0,None,,,3,On Median,2,Dark - Not Lighted,,,,,1,Clear,0,No,0000000,Not Applicable,6,6:00am-6:59am,18,18,6,6:00am-6:59am,27,27,88,"Not Applicable (Not Transported) ",88,Not Applicable (Not Transported),,,,,,,1,
2022,9,90192,Connecticut,1,1,0,0,0,1,1,3,HARTFORD (3),555,PLAINVILLE,18,18,9,September,2022,1,Sunday,14,2:00pm-2:59pm,46,46,1,This section IS ON the NHS,2,Urban,2,Principal Arterial - Other Freeways and Expressways,1,State Highway Agency,3,State Highway,SR-72,,40,40,41.67249167,41.67249167,-72.845222220,-72.84522222,0,No Special Jurisdiction,24,Guardrail Face,0,The First Harmful Event was Not a Collision with a Motor Vehicle in Transport,0,No,1,Non-Junction,1,Not an Intersection,0,None,,,3,On Median,1,Daylight,,,,,1,Clear,0,No,0000000,Not Applicable,99,Unknown,99,Unknown,99,Unknown EMS Scene Arrival Hour,99,Unknown EMS Scene Arrival Minutes,88,"Not Applicable (Not Transported) ",88,Not Applicable (Not Transported),,,,,,,1,
2022,9,90193,Connecticut,1,1,0,1,1,1,1,9,NEW HAVEN (9),430,NEW HAVEN,4,4,11,November,2022,6,Friday,18,6:00pm-6:59pm,9,9,1,This section IS ON the NHS,2,Urban,3,Principal Arterial - Other,1,State Highway Agency,3,State Highway,SR-63,,6,6,41.32884722,41.32884722,-72.965994440,-72.96599444,0,No Special Jurisdiction,8,Pedestrian,0,The First Harmful Event was Not a Collision with a Motor Vehicle in Transport,0,No,1,Non-Junction,1,Not an Intersection,0,None,,,1,On Roadway,6,Dark - Unknown Lighting,,,,,1,Clear,0,No,0000000,Not Applicable,18,6:00pm-6:59pm,10,10,18,6:00pm-6:59pm,20,20,18,6:00pm-6:59pm,25,25,,,,,,,1,
2022,9,90194,Connecticut,1,1,0,0,0,1,1,9,NEW HAVEN (9),265,GUILFORD,2,2,11,November,2022,4,Wednesday,16,4:00pm-4:59pm,1,1,0,This section IS NOT on the NHS,2,Urban,5,Major Collector,1,State Highway Agency,3,State Highway,SR-146,SAM HILL RD,104,104,41.26947500,41.26947500,-72.695677780,-72.69567778,0,No Special Jurisdiction,1,Rollover/Overturn,0,The First Harmful Event was Not a Collision with a Motor Vehicle in Transport,0,No,2,Intersection,4,Y-Intersection,0,None,,,1,On Roadway,1,Daylight,,,,,1,Clear,0,No,0000000,Not Applicable,15,3:00pm-3:59pm,59,59,16,4:00pm-4:59pm,6,6,99,Unknown,99,Unknown EMS Hospital Arrival Time,,,,,,,1,
2022,9,90196,Connecticut,1,1,0,1,1,1,1,3,HARTFORD (3),90,BRISTOL,29,29,10,October,2022,7,Saturday,18,6:00pm-6:59pm,25,25,1,This section IS ON the NHS,2,Urban,3,Principal Arterial - Other,1,State Highway Agency,3,State Highway,SR-72,,81,81,41.66741111,41.66741111,-72.919297220,-72.91929722,0,No Special Jurisdiction,8,Pedestrian,0,The First Harmful Event was Not a Collision with a Motor Vehicle in Transport,0,No,1,Non-Junction,1,Not an Intersection,0,None,,,1,On Roadway,3,Dark - Lighted,,,,,1,Clear,0,No,0000000,Not Applicable,18,6:00pm-6:59pm,29,29,18,6:00pm-6:59pm,30,30,18,6:00pm-6:59pm,48,48,,,,,,,1,
2022,9,90197,Connecticut,2,2,0,0,0,4,4,9,NEW HAVEN (9),267,HAMDEN,1,1,1,January,2022,7,Saturday,10,10:00am-10:59am,30,30,1,This section IS ON the NHS,2,Urban,3,Principal Arterial - Other,1,State Highway Agency,3,State Highway,SR-10,,71,71,41.36360833,41.36360833,-72.923333330,-72.92333333,0,No Special Jurisdiction,12,Motor Vehicle In-Transport,6,Angle,0,No,8,Driveway Access Related,1,Not an Intersection,0,None,,,1,On Roadway,1,Daylight,,,,,1,Clear,0,No,0000000,Not Applicable,99,Unknown,99,Unknown,99,Unknown EMS Scene Arrival Hour,99,Unknown EMS Scene Arrival Minutes,99,Unknown,99,Unknown EMS Hospital Arrival Time,,,,,,,1,
2022,9,90198,Connecticut,2,2,0,0,0,4,4,9,NEW HAVEN (9),810,WATERBURY,27,27,3,March,2022,1,Sunday,15,3:00pm-3:59pm,52,52,1,This section IS ON the NHS,2,Urban,3,Principal Arterial - Other,1,State Highway Agency,3,State Highway,SR-73,MEDIA AV,24,24,41.57558333,41.57558333,-73.069466670,-73.06946667,0,No Special Jurisdiction,12,Motor Vehicle In-Transport,6,Angle,0,No,2,Intersection,3,T-Intersection,0,None,,,1,On Roadway,1,Daylight,,,,,4,Snow,0,No,0000000,Not Applicable,15,3:00pm-3:59pm,52,52,15,3:00pm-3:59pm,57,57,99,Unknown,99,Unknown EMS Hospital Arrival Time,,,,,,,1,
2022,9,90199,Connecticut,2,2,0,0,0,2,2,3,HARTFORD (3),225,EAST HARTFORD,5,5,5,May,2022,5,Thursday,23,11:00pm-11:59pm,50,50,1,This section IS ON the NHS,2,Urban,2,Principal Arterial - Other Freeways and Expressways,1,State Highway Agency,3,State Highway,SR-2,,16,16,41.75387222,41.75387222,-72.648377780,-72.64837778,0,No Special Jurisdiction,12,Motor Vehicle In-Transport,7,Sideswipe - Same Direction,0,No,1,Non-Junction,1,Not an Intersection,1,Construction,,,1,On Roadway,2,Dark - Not Lighted,,,,,1,Clear,0,No,0000000,Not Applicable,23,11:00pm-11:59pm,50,50,23,11:00pm-11:59pm,59,59,88,"Not Applicable (Not Transported) ",88,Not Applicable (Not Transported),,,,,,,1,