caseyear,state,st_case,statename,ve_total,ve_forms,pvh_invl,peds,pernotmvit,permvit,persons,county,countyname,city,cityname,day,dayname,month,monthname,year,day_week,day_weekname,hour,hourname,minute,minutename,nhs,nhsname,rur_urb,rur_urbname,func_sys,func_sysname,rd_owner,rd_ownername,route,routename,tway_id,tway_id2,milept,mileptname,latitude,latitudename,longitud,longitudname,sp_jur,sp_jurname,harm_ev,harm_evname,man_coll,man_collname,reljct1,reljct1name,reljct2,reljct2name,typ_int,typ_intname,wrk_zone,wrk_zonename,road_fnc,road_fncname,rel_road,rel_roadname,lgt_cond,lgt_condname,weather1,weather1name,weather2,weather2name,weather,weathername,sch_bus,sch_busname,rail,railname,not_hour,not_hourname,not_min,not_minname,arr_hour,arr_hourname,arr_min,arr_minname,hosp_hr,hosp_hrname,hosp_mn,hosp_mnname,cf1,cf1name,cf2,cf2name,cf3,cf3name,fatals,drunk_dr
2022,9,90237,Connecticut,1,1,0,1,1,1,1,15,WINDHAM (15),330,KILLINGLY CENTER,27,27,12,December,2022,3,Tuesday,19,7:00pm-7:59pm,52,52,0,This section IS NOT on the NHS,2,Urban,4,Minor Arterial,1,State Highway Agency,3,State Highway,SR-101,VALLEY RD,52,52,41.83998611,41.83998611,-71.874388890,-71.87438889,0,No Special Jurisdiction,8,Pedestrian,0,The First Harmful Event was Not a Collision with a Motor Vehicle in Transport,0,No,2,Intersection,2,Four-Way Intersection,0,None,,,1,On Roadway,6,Dark - Unknown Lighting,,,,,10,Cloudy,0,No,0000000,Not Applicable,19,7:00pm-7:59pm,52,52,20,8:00pm-8:59pm,0,0,99,Unknown,99,Unknown EMS Hospital Arrival Time,,,,,,,1,
2022,9,90238,Connecticut,1,1,0,1,1,1,1,1,FAIRFIELD (1),80,BRIDGEPORT,23,23,12,December,2022,6,Friday,18,6:00pm-6:59pm,26,26,1,This section IS ON the NHS,2,Urban,3,Principal Arterial - Other,1,State Highway Agency,2,U.S. Highway,US-1,,303,303,41.19580556,41.19580556,-73.194038890,-73.19403889,0,No Special Jurisdiction,8,Pedestrian,0,The First Harmful Event was Not a Collision with a Motor Vehicle in Transport,0,No,1,Non-Junction,1,Not an Intersection,0,None,,,1,On Roadway,3,Dark - Lighted,,,,,1,Clear,0,No,0000000,Not Applicable,99,Unknown,99,Unknown,99,Unknown EMS Scene Arrival Hour,99,Unknown EMS Scene Arrival Minutes,99,Unknown,99,Unknown EMS Hospital Arrival Time,,,,,,,1,
2022,9,90239,Connecticut,2,2,0,0,0,2,2,9,NEW HAVEN (9),375,MIDDLEBURY,1,1,9,September,2022,5,Thursday,15,3:00pm-3:59pm,59,59,0,This section IS NOT on the NHS,2,Urban,6,Minor Collector,3,Town or Township Highway Agency,5,Local Street - Township,LONG MEADOW RD NO 1,,23,23,41.51139444,41.51139444,-73.138336110,-73.13833611,0,No Special Jurisdiction,12,Motor Vehicle In-Transport,6,Angle,0,No,8,Driveway Access Related,1,Not an Intersection,0,None,,,1,On Roadway,1,Daylight,,,,,1,Clear,0,No,0000000,Not Applicable,16,4:00pm-4:59pm,1,1,16,4:00pm-4:59pm,10,10,99,Unknown,99,Unknown EMS Hospital Arrival Time,,,,,,,1,
2022,9,90240,Connecticut,1,1,0,1,1,1,1,3,HARTFORD (3),838,WETHERSFIELD,2,2,11,November,2022,4,Wednesday,20,8:00pm-8:59pm,21,21,1,This section IS ON the NHS,2,Urban,3,Principal Arterial - Other,1,State Highway Agency,3,State Highway,SR-15 BERLIN TPKE,PAWTUCKET AV,775,775,41.70566944,41.70566944,-72.701858330,-72.70185833,0,No Special Jurisdiction,8,Pedestrian,0,The First Harmful Event was Not a Collision with a Motor Vehicle in Transport,0,No,3,Intersection-Related,3,T-Intersection,0,None,,,1,On Roadway,2,Dark - Not Lighted,,,,,1,Clear,0,No,0000000,Not Applicable,99,Unknown,99,Unknown,99,Unknown EMS Scene Arrival Hour,99,Unknown EMS Scene Arrival Minutes,99,Unknown,99,Unknown EMS Hospital Arrival Time,,,,,,,1,
2022,9,90241,Connecticut,1,1,0,0,0,2,2,11,NEW LONDON (11),710,STONINGTON,4,4,12,December,2022,1,Sunday,1,1:00am-1:59am,14,14,1,This section IS ON the NHS,2,Urban,1,Interstate,1,State Highway Agency,1,Interstate,I-95,,1037,1037,41.37563056,41.37563056,-71.914261110,-71.91426111,0,No Special Jurisdiction,42,Tree (Standing Only),0,The First Harmful Event was Not a Collision with a Motor Vehicle in Transport,0,No,1,Non-Junction,1,Not an Intersection,0,None,,,3,On Median,2,Dark - Not Lighted,,,,,1,Clear,0,No,0000000,Not Applicable,1,1:00am-1:59am,16,16,1,1:00am-1:59am,27,27,1,1:00am-1:59am,50,50,,,,,,,1,
2022,9,90242,Connecticut,1,1,0,0,0,1,1,9,NEW HAVEN (9),854,WOODBRIDGE,31,31,12,December,2022,7,Saturday,22,10:00pm-10:59pm,3,3,1,This section IS ON the NHS,2,Urban,3,Principal Arterial - Other,1,State Highway Agency,3,State Highway,SR-69,,18,18,41.35912778,41.35912778,-72.983505560,-72.98350556,0,No Special Jurisdiction,53,Mail Box,0,The First Harmful Event was Not a Collision with a Motor Vehicle in Transport,0,No,1,Non-Junction,1,Not an Intersection,0,None,,,4,On Roadside,3,Dark - Lighted,,,,,2,Rain,0,No,0000000,Not Applicable,99,Unknown,99,Unknown,99,Unknown EMS Scene Arrival Hour,99,Unknown EMS Scene Arrival Minutes,88,"Not Applicable (Not Transported) ",88,Not Applicable (Not Transported),,,,,,,1,
2022,9,90244,Connecticut,2,2,0,0,0,2,2,3,HARTFORD (3),46,BERLIN,6,6,10,October,2022,5,Thursday,9,9:00am-9:59am,49,49,1,This section IS ON the NHS,2,Urban,2,Principal Arterial - Other Freeways and Expressways,1,State Highway Agency,3,State Highway,SR-372,SR-571,63,63,41.64686111,41.64686111,-72.788852780,-72.78885278,0,No Special Jurisdiction,12,Motor Vehicle In-Transport,6,Angle,0,No,2,Intersection,2,Four-Way Intersection,0,None,,,1,On Roadway,1,Daylight,,,,,1,Clear,0,No,0000000,Not Applicable,99,Unknown,99,Unknown,99,Unknown EMS Scene Arrival Hour,99,Unknown EMS Scene Arrival Minutes,99,Unknown,99,Unknown EMS Hospital Arrival Time,,,,,,,1,
2022,9,90245,Connecticut,1,1,0,0,0,1,1,1,FAIRFIELD (1),170,DANBURY,24,24,12,December,2022,7,Saturday,3,3:00am-3:59am,11,11,1,This section IS ON the NHS,2,Urban,1,Interstate,1,State Highway Agency,1,Interstate,I-84,,53,53,41.40465000,41.40465000,-73.461908330,-73.46190833,0,No Special Jurisdiction,59,"Traffic Sign Support ",0,The First Harmful Event was Not a Collision with a Motor Vehicle in Transport,1,Yes,5,Entrance/Exit Ramp Related,1,Not an Intersection,0,None,,,4,On Roadside,3,Dark - Lighted,,,,,1,Clear,0,No,0000000,Not Applicable,3,3:00am-3:59am,28,28,3,3:00am-3:59am,29,29,88,"Not Applicable (Not Transported) ",88,Not Applicable (Not Transported),,,,,,,1,
2022,9,90246,Connecticut,1,1,0,0,0,1,1,3,HARTFORD (3),365,MANCHESTER,31,31,10,October,2022,2,Monday,20,8:00pm-8:59pm,57,57,0,This section IS NOT on the NHS,2,Urban,7,Local,3,Town or Township Highway Agency,5,Local Street - Township,GREEN RD,,3,3,41.79125278,41.79125278,-72.516991670,-72.51699167,0,No Special Jurisdiction,33,Curb,0,The First Harmful Event was Not a Collision with a Motor Vehicle in Transport,0,No,1,Non-Junction,1,Not an Intersection,0,None,,,4,On Roadside,3,Dark - Lighted,,,,,1,Clear,0,No,0000000,Not Applicable,99,Unknown,99,Unknown,99,Unknown EMS Scene Arrival Hour,99,Unknown EMS Scene Arrival Minutes,99,Unknown,99,Unknown EMS Hospital Arrival Time,,,,,,,1,
2022,9,90247,Connecticut,1,1,0,0,0,3,3,5,LITCHFIELD (5),817,WATERTOWN,1,1,12,December,2022,5,Thursday,23,11:00pm-11:59pm,45,45,0,This section IS NOT on the NHS,2,Urban,4,Minor Arterial,3,Town or Township Highway Agency,5,Local Street - Township,FALLS AV NO 1,,0,None,41.58769722,41.58769722,-73.077538890,-73.07753889,0,No Special Jurisdiction,5,Fell/Jumped from Vehicle,0,The First Harmful Event was Not a Collision with a Motor Vehicle in Transport,0,No,1,Non-Junction,1,Not an Intersection,0,None,,,1,On Roadway,6,Dark - Unknown Lighting,,,,,1,Clear,0,No,0000000,Not Applicable,88,Not Applicable (Not Notified),88,Not Applicable (Not Notified),88,Not Applicable,88,Not Applicable,88,"Not Applicable (Not Transported) ",88,Not Applicable (Not Transported),,,,,,,1,
2022,9,90248,Connecticut,1,1,0,0,0,2,2,3,HARTFORD (3),555,PLAINVILLE,10,10,6,June,2022,6,Friday,22,10:00pm-10:59pm,42,42,1,This section IS ON the NHS,2,Urban,1,Interstate,1,State Highway Agency,1,Interstate,I-84,,503,503,41.66955833,41.66955833,-72.824525000,-72.82452500,0,No Special Jurisdiction,24,Guardrail Face,0,The First Harmful Event was Not a Collision with a Motor Vehicle in Transport,0,No,1,Non-Junction,1,Not an Intersection,0,None,,,3,On Median,3,Dark - Lighted,,,,,1,Clear,0,No,0000000,Not Applicable,22,10:00pm-10:59pm,42,42,22,10:00pm-10:59pm,56,56,23,11:00pm-11:59pm,6,6,,,,,,,2,
2022,9,90249,Connecticut,2,2,0,0,0,2,2,5,LITCHFIELD (5),450,NEW MILFORD,18,18,6,June,2022,7,Saturday,14,2:00pm-2:59pm,49,49,1,This section IS ON the NHS,2,Urban,3,Principal Arterial - Other,1,State Highway Agency,2,U.S. Highway,US-7,,323,323,41.50368889,41.50368889,-73.418388890,-73.41838889,0,No Special Jurisdiction,12,Motor Vehicle In-Transport,7,Sideswipe - Same Direction,0,No,1,Non-Junction,1,Not an Intersection,0,None,,,1,On Roadway,1,Daylight,,,,,1,Clear,0,No,0000000,Not Applicable,14,2:00pm-2:59pm,51,51,15,3:00pm-3:59pm,1,1,15,3:00pm-3:59pm,31,31,,,,,,,1,
2022,9,90250,Connecticut,3,2,1,0,0,2,2,9,NEW HAVEN (9),810,WATERBURY,18,18,10,October,2022,3,Tuesday,5,5:00am-5:59am,18,18,1,This section IS ON the NHS,2,Urban,3,Principal Arterial - Other,1,State Highway Agency,3,State Highway,SR-73 WATERTOWN AVE,,28,28,41.57341389,41.57341389,-73.064080560,-73.06408056,0,No Special Jurisdiction,12,Motor Vehicle In-Transport,8,Sideswipe - Opposite Direction,0,No,1,Non-Junction,1,Not an Intersection,0,None,,,1,On Roadway,3,Dark - Lighted,,,,,1,Clear,0,No,0000000,Not Applicable,5,5:00am-5:59am,20,20,5,5:00am-5:59am,27,27,99,Unknown,99,Unknown EMS Hospital Arrival Time,,,,,,,1,
2022,9,90251,Connecticut,3,3,0,0,0,3,3,9,NEW HAVEN (9),502,NORTH HAVEN,18,18,12,December,2022,1,Sunday,20,8:00pm-8:59pm,42,42,1,This section IS ON the NHS,2,Urban,1,Interstate,1,State Highway Agency,1,Interstate,I-91,,49,49,41.34922500,41.34922500,-72.867725000,-72.86772500,0,No Special Jurisdiction,12,Motor Vehicle In-Transport,1,Front-to-Rear,1,Yes,18,Through Roadway,1,Not an Intersection,0,None,,,1,On Roadway,3,Dark - Lighted,,,,,1,Clear,0,No,0000000,Not Applicable,99,Unknown,99,Unknown,99,Unknown EMS Scene Arrival Hour,99,Unknown EMS Scene Arrival Minutes,88,"Not Applicable (Not Transported) ",88,Not Applicable (Not Transported),,,,,,,1,
2022,9,90252,Connecticut,1,1,0,0,0,1,1,7,MIDDLESEX (7),160,CROMWELL,23,23,6,June,2022,5,Thursday,15,3:00pm-3:59pm,42,42,1,This section IS ON the NHS,2,Urban,2,Principal Arterial - Other Freeways and Expressways,1,State Highway Agency,3,State Highway,SR-9,,269,269,41.59458056,41.59458056,-72.667641670,-72.66764167,0,No Special Jurisdiction,31,"Post, Pole or Other Supports",0,The First Harmful Event was Not a Collision with a Motor Vehicle in Transport,0,No,1,Non-Junction,1,Not an Intersection,0,None,,,3,On Median,1,Daylight,,,,,1,Clear,0,No,0000000,Not Applicable,15,3:00pm-3:59pm,42,42,15,3:00pm-3:59pm,50,50,16,4:00pm-4:59pm,0,0,,,,,,,1,
2022,9,90253,Connecticut,1,1,0,1,1,1,1,9,NEW HAVEN (9),267,HAMDEN,2,2,8,August,2022,3,Tuesday,20,8:00pm-8:59pm,30,30,0,This section IS NOT on the NHS,2,Urban,4,Minor Arterial,1,State Highway Agency,3,State Highway,SR-10 DIXWELL AVE,GEORGE ST,53,53,41.34041111,41.34041111,-72.935072220,-72.93507222,0,No Special Jurisdiction,8,Pedestrian,0,The First Harmful Event was Not a Collision with a Motor Vehicle in Transport,0,No,3,Intersection-Related,3,T-Intersection,0,None,,,1,On Roadway,6,Dark - Unknown Lighting,,,,,1,Clear,0,No,0000000,Not Applicable,99,Unknown,99,Unknown,99,Unknown EMS Scene Arrival Hour,99,Unknown EMS Scene Arrival Minutes,99,Unknown,99,Unknown EMS Hospital Arrival Time,,,,,,,1,
2022,9,90254,Connecticut,2,2,0,0,0,2,2,13,TOLLAND (13),785,VERNON,10,10,7,July,2022,1,Sunday,13,1:00pm-1:59pm,38,38,1,This section IS ON the NHS,2,Urban,3,Principal Arterial - Other,1,State Highway Agency,3,State Highway,SR-83 TALCOTTVILLE RD,,121,121,41.83132500,41.83132500,-72.494263890,-72.49426389,0,No Special Jurisdiction,12,Motor Vehicle In-Transport,6,Angle,0,No,8,Driveway Access Related,1,Not an Intersection,0,None,,,1,On Roadway,1,Daylight,,,,,1,Clear,0,No,0000000,Not Applicable,99,Unknown,99,Unknown,99,Unknown EMS Scene Arrival Hour,99,Unknown EMS Scene Arrival Minutes,99,Unknown,99,Unknown EMS Hospital Arrival Time,,,,,,,1,
2022,9,90255,Connecticut,1,1,0,2,2,1,1,1,FAIRFIELD (1),700,STAMFORD,3,3,12,December,2022,7,Saturday,2,2:00am-2:59am,5,5,1,This section IS ON the NHS,2,Urban,3,Principal Arterial - Other,1,State Highway Agency,3,State Highway,SR-137 WASHINGTON BLVD,MAIN ST NO 1,1,1,41.05298333,41.05298333,-73.542591670,-73.54259167,0,No Special Jurisdiction,8,Pedestrian,0,The First Harmful Event was Not a Collision with a Motor Vehicle in Transport,0,No,2,Intersection,2,Four-Way Intersection,0,None,,,1,On Roadway,3,Dark - Lighted,,,,,1,Clear,0,No,0000000,Not Applicable,2,2:00am-2:59am,6,6,2,2:00am-2:59am,13,13,2,2:00am-2:59am,20,20,,,,,,,2,
2022,9,90256,Connecticut,1,1,0,0,0,1,1,1,FAIRFIELD (1),700,STAMFORD,20,20,12,December,2022,3,Tuesday,13,1:00pm-1:59pm,50,50,0,This section IS NOT on the NHS,2,Urban,7,Local,3,Town or Township Highway Agency,8,Other,CUMMINGS PARK RD,,99999,Unknown,41.04327500,41.04327500,-73.522638890,-73.52263889,0,No Special Jurisdiction,57,Cable Barrier,0,The First Harmful Event was Not a Collision with a Motor Vehicle in Transport,0,No,1,Non-Junction,1,Not an Intersection,0,None,,,4,On Roadside,1,Daylight,,,,,1,Clear,0,No,0000000,Not Applicable,13,1:00pm-1:59pm,51,51,13,1:00pm-1:59pm,59,59,14,2:00pm-2:59pm,18,18,,,,,,,1,
2022,9,90257,Connecticut,1,1,0,0,0,2,2,9,NEW HAVEN (9),810,WATERBURY,13,13,8,August,2022,7,Saturday,4,4:00am-4:59am,54,54,0,This section IS NOT on the NHS,2,Urban,4,Minor Arterial,3,Town or Township Highway Agency,5,Local Street - Township,EAST MAIN ST,,8,8,41.55239444,41.55239444,-73.025741670,-73.02574167,0,No Special Jurisdiction,33,Curb,0,The First Harmful Event was Not a Collision with a Motor Vehicle in Transport,0,No,1,Non-Junction,1,Not an Intersection,0,None,,,4,On Roadside,2,Dark - Not Lighted,,,,,1,Clear,0,No,0000000,Not Applicable,8,8:00am-8:59am,12,12,8,8:00am-8:59am,12,12,9,9:00am-9:59am,9,9,,,,,,,1,
2022,9,90258,Connecticut,1,1,0,0,0,1,1,3,HARTFORD (3),365,MANCHESTER,15,15,5,May,2022,1,Sunday,2,2:00am-2:59am,12,12,0,This section IS NOT on the NHS,2,Urban,4,Minor Arterial,1,State Highway Agency,2,U.S. Highway,US-6 CENTER ST,,713,713,41.77415278,41.77415278,-72.546797220,-72.54679722,0,No Special Jurisdiction,30,Utility Pole/Light Support,0,The First Harmful Event was Not a Collision with a Motor Vehicle in Transport,0,No,1,Non-Junction,1,Not an Intersection,0,None,,,4,On Roadside,3,Dark - Lighted,,,,,2,Rain,0,No,0000000,Not Applicable,99,Unknown,99,Unknown,99,Unknown EMS Scene Arrival Hour,99,Unknown EMS Scene Arrival Minutes,88,"Not Applicable (Not Transported) ",88,Not Applicable (Not Transported),,,,,,,1,
2022,9,90259,Connecticut,1,1,0,0,0,2,2,3,HARTFORD (3),680,SOUTHINGTON,18,18,6,June,2022,7,Saturday,11,11:00am-11:59am,35,35,1,This section IS ON the NHS,2,Urban,1,Interstate,1,State Highway Agency,1,Interstate,I-84,,434,434,41.59942222,41.59942222,-72.902488890,-72.90248889,0,No Special Jurisdiction,42,Tree (Standing Only),0,The First Harmful Event was Not a Collision with a Motor Vehicle in Transport,0,No,1,Non-Junction,1,Not an Intersection,0,None,,,4,On Roadside,1,Daylight,,,,,1,Clear,0,No,0000000,Not Applicable,11,11:00am-11:59am,35,35,11,11:00am-11:59am,52,52,99,Unknown,99,Unknown EMS Hospital Arrival Time,,,,,,,1,
2022,9,90260,Connecticut,2,2,0,0,0,2,2,3,HARTFORD (3),365,MANCHESTER,10,10,7,July,2022,1,Sunday,23,11:00pm-11:59pm,43,43,1,This section IS ON the NHS,2,Urban,1,Interstate,1,State Highway Agency,1,Interstate,I-291,,48,48,41.79885000,41.79885000,-72.579558330,-72.57955833,0,No Special Jurisdiction,12,Motor Vehicle In-Transport,2,Front-to-Front,0,No,1,Non-Junction,1,Not an Intersection,0,None,,,1,On Roadway,3,Dark - Lighted,,,,,1,Clear,0,No,0000000,Not Applicable,23,11:00pm-11:59pm,43,43,0,0:00am-0:59am,11,11,99,Unknown,99,Unknown EMS Hospital Arrival Time,,,,,,,1,
2022,9,90261,Connecticut,1,1,0,0,0,1,1,3,HARTFORD (3),90,BRISTOL,20,20,8,August,2022,7,Saturday,23,11:00pm-11:59pm,44,44,0,This section IS NOT on the NHS,2,Urban,4,Minor Arterial,3,Town or Township Highway Agency,5,Local Street - Township,REDSTONE HILL RD,,10,10,41.65789444,41.65789444,-72.903358330,-72.90335833,0,No Special Jurisdiction,33,Curb,0,The First Harmful Event was Not a Collision with a Motor Vehicle in Transport,0,No,1,Non-Junction,1,Not an Intersection,0,None,,,4,On Roadside,3,Dark - Lighted,,,,,1,Clear,0,No,0000000,Not Applicable,23,11:00pm-11:59pm,45,45,23,11:00pm-11:59pm,55,55,88,"Not Applicable (Not Transported) ",88,Not Applicable (Not Transported),,,,,,,1,
2022,9,90262,Connecticut,2,2,0,0,0,2,2,3,HARTFORD (3),680,SOUTHINGTON,27,27,9,September,2022,3,Tuesday,18,6:00pm-6:59pm,23,23,1,This section IS ON the NHS,2,Urban,3,Principal Arterial - Other,1,State Highway Agency,3,State Highway,SR-10,QUEEN TERRACE PVT,264,264,41.62455556,41.62455556,-72.873136110,-72.87313611,0,No Special Jurisdiction,12,Motor Vehicle In-Transport,6,Angle,0,No,2,Intersection,3,T-Intersection,0,None,,,1,On Roadway,1,Daylight,,,,,1,Clear,0,No,0000000,Not Applicable,18,6:00pm-6:59pm,25,25,18,6:00pm-6:59pm,29,29,19,7:00pm-7:59pm,12,12,,,,,,,1,
2022,9,90263,Connecticut,1,1,0,0,0,2,2,9,NEW HAVEN (9),810,WATERBURY,4,4,11,November,2022,6,Friday,20,8:00pm-8:59pm,19,19,0,This section IS NOT on the NHS,2,Urban,5,Major Collector,3,Town or Township Highway Agency,5,Local Street - Township,SYLVAN AV,,7,7,41.54028611,41.54028611,-73.028733330,-73.02873333,0,No Special Jurisdiction,39,Wall,0,The First Harmful Event was Not a Collision with a Motor Vehicle in Transport,0,No,1,Non-Junction,1,Not an Intersection,0,None,,,4,On Roadside,3,Dark - Lighted,,,,,1,Clear,0,No,0000000,Not Applicable,20,8:00pm-8:59pm,19,19,20,8:00pm-8:59pm,25,25,20,8:00pm-8:59pm,55,55,,,,,,,1,
2022,9,90264,Connecticut,1,1,0,1,1,3,3,9,NEW HAVEN (9),810,WATERBURY,1,1,11,November,2022,3,Tuesday,19,7:00pm-7:59pm,9,9,0,This section IS NOT on the NHS,2,Urban,4,Minor Arterial,3,Town or Township Highway Agency,5,Local Street - Township,CHASE AV,,7,7,41.57949722,41.57949722,-73.030341670,-73.03034167,0,No Special Jurisdiction,8,Pedestrian,0,The First Harmful Event was Not a Collision with a Motor Vehicle in Transport,0,No,1,Non-Junction,1,Not an Intersection,0,None,,,1,On Roadway,3,Dark - Lighted,,,,,1,Clear,0,No,0000000,Not Applicable,19,7:00pm-7:59pm,10,10,19,7:00pm-7:59pm,13,13,19,7:00pm-7:59pm,20,20,,,,,,,1,
2022,9,90265,Connecticut,1,1,0,1,1,4,4,3,HARTFORD (3),680,SOUTHINGTON,29,29,8,August,2022,2,Monday,19,7:00pm-7:59pm,59,59,1,This section IS ON the NHS,2,Urban,3,Principal Arterial - Other,1,State Highway Agency,3,State Highway,SR-10 QUEEN ST,LANING ST,268,268,41.62973611,41.62973611,-72.873755560,-72.87375556,0,No Special Jurisdiction,8,Pedestrian,0,The First Harmful Event was Not a Collision with a Motor Vehicle in Transport,0,No,3,Intersection-Related,3,T-Intersection,0,None,,,1,On Roadway,3,Dark - Lighted,,,,,1,Clear,0,No,0000000,Not Applicable,19,7:00pm-7:59pm,59,59,20,8:00pm-8:59pm,8,8,20,8:00pm-8:59pm,58,58,,,,,,,1,
2022,9,90266,Connecticut,2,2,0,0,0,2,2,7,MIDDLESEX (7),380,MIDDLETOWN,3,3,11,November,2022,5,Thursday,16,4:00pm-4:59pm,31,31,1,This section IS ON the NHS,2,Urban,3,Principal Arterial - Other,1,State Highway Agency,3,State Highway,SR-66 WASHINGTON ST,,44,44,41.54989167,41.54989167,-72.691216670,-72.69121667,0,No Special Jurisdiction,12,Motor Vehicle In-Transport,6,Angle,0,No,8,Driveway Access Related,1,Not an Intersection,0,None,,,1,On Roadway,1,Daylight,,,,,1,Clear,0,No,0000000,Not Applicable,99,Unknown,99,Unknown,99,Unknown EMS Scene Arrival Hour,99,Unknown EMS Scene Arrival Minutes,99,Unknown,99,Unknown EMS Hospital Arrival Time,,,,,,,1,
2022,9,90267,Connecticut,1,1,0,1,1,1,1,3,HARTFORD (3),365,MANCHESTER,2,2,2,February,2022,4,Wednesday,17,5:00pm-5:59pm,37,37,0,This section IS NOT on the NHS,2,Urban,4,Minor Arterial,3,Town or Township Highway Agency,5,Local Street - Township,NEW STATE RD,HILLIARD ST,3,3,41.78451111,41.78451111,-72.555441670,-72.55544167,0,No Special Jurisdiction,8,Pedestrian,0,The First Harmful Event was Not a Collision with a Motor Vehicle in Transport,0,No,2,Intersection,3,T-Intersection,0,None,,,1,On Roadway,3,Dark - Lighted,,,,,1,Clear,0,No,0000000,Not Applicable,99,Unknown,99,Unknown,99,Unknown EMS Scene Arrival Hour,99,Unknown EMS Scene Arrival Minutes,99,Unknown,99,Unknown EMS Hospital Arrival Time,,,,,,,1,
2022,9,90268,Connecticut,2,2,0,0,0,3,3,1,FAIRFIELD (1),80,BRIDGEPORT,15,15,6,June,2022,4,Wednesday,17,5:00pm-5:59pm,47,47,0,This section IS NOT on the NHS,2,Urban,7,Local,3,Town or Township Highway Agency,5,Local Street - Township,KOSSUTH ST,PUTNAM ST,3,3,41.19456111,41.19456111,-73.182000000,-73.18200000,0,No Special Jurisdiction,12,Motor Vehicle In-Transport,6,Angle,0,No,2,Intersection,2,Four-Way Intersection,0,None,,,1,On Roadway,1,Daylight,,,,,1,Clear,0,No,0000000,Not Applicable,99,Unknown,99,Unknown,99,Unknown EMS Scene Arrival Hour,99,Unknown EMS Scene Arrival Minutes,99,Unknown,99,Unknown EMS Hospital Arrival Time,,,,,,,1,
2022,9,90269,Connecticut,1,1,0,0,0,1,1,1,FAIRFIELD (1),170,DANBURY,30,30,6,June,2022,5,Thursday,1,1:00am-1:59am,54,54,0,This section IS NOT on the NHS,2,Urban,5,Major Collector,3,Town or Township Highway Agency,5,Local Street - Township,BARNUM RD,,5,5,41.43797222,41.43797222,-73.479294440,-73.47929444,0,No Special Jurisdiction,42,Tree (Standing Only),0,The First Harmful Event was Not a Collision with a Motor Vehicle in Transport,0,No,1,Non-Junction,1,Not an Intersection,0,None,,,4,On Roadside,2,Dark - Not Lighted,,,,,1,Clear,0,No,0000000,Not Applicable,99,Unknown,99,Unknown,99,Unknown EMS Scene Arrival Hour,99,Unknown EMS Scene Arrival Minutes,99,Unknown,99,Unknown EMS Hospital Arrival Time,,,,,,,1,
2022,9,90270,Connecticut,1,1,0,0,0,1,1,3,HARTFORD (3),420,NEW BRITAIN,26,26,6,June,2022,1,Sunday,20,8:00pm-8:59pm,9,9,0,This section IS NOT on the NHS,2,Urban,5,Major Collector,3,Town or Township Highway Agency,5,Local Street - Township,WHITING ST,,2,2,41.66121389,41.66121389,-72.780472220,-72.78047222,0,No Special Jurisdiction,33,Curb,0,The First Harmful Event was Not a Collision with a Motor Vehicle in Transport,0,No,1,Non-Junction,1,Not an Intersection,0,None,,,4,On Roadside,1,Daylight,,,,,1,Clear,0,No,0000000,Not Applicable,20,8:00pm-8:59pm,9,9,20,8:00pm-8:59pm,12,12,20,8:00pm-8:59pm,25,25,,,,,,,1,
2022,9,90272,Connecticut,1,1,0,1,1,1,1,3,HARTFORD (3),420,NEW BRITAIN,20,20,8,August,2022,7,Saturday,1,1:00am-1:59am,8,8,1,This section IS ON the NHS,2,Urban,3,Principal Arterial - Other,1,State Highway Agency,3,State Highway,SR-71 SOUTH MAIN ST,,131,131,41.65915278,41.65915278,-72.778144440,-72.77814444,0,No Special Jurisdiction,8,Pedestrian,0,The First Harmful Event was Not a Collision with a Motor Vehicle in Transport,0,No,1,Non-Junction,1,Not an Intersection,0,None,,,1,On Roadway,3,Dark - Lighted,,,,,1,Clear,0,No,0000000,Not Applicable,1,1:00am-1:59am,15,15,1,1:00am-1:59am,18,18,99,Unknown,99,Unknown EMS Hospital Arrival Time,,,,,,,1,
2022,9,90273,Connecticut,1,1,0,0,0,3,3,9,NEW HAVEN (9),49,BETHANY,24,24,12,December,2022,7,Saturday,3,3:00am-3:59am,0,0,1,This section IS ON the NHS,2,Urban,3,Principal Arterial - Other,1,State Highway Agency,3,State Highway,SR-69 CARRINGTON RD,,72,72,41.43541389,41.43541389,-72.974463890,-72.97446389,0,No Special Jurisdiction,1,Rollover/Overturn,0,The First Harmful Event was Not a Collision with a Motor Vehicle in Transport,0,No,1,Non-Junction,1,Not an Intersection,0,None,,,4,On Roadside,2,Dark - Not Lighted,,,,,1,Clear,0,No,0000000,Not Applicable,3,3:00am-3:59am,0,0,99,Unknown EMS Scene Arrival Hour,99,Unknown EMS Scene Arrival Minutes,99,Unknown,99,Unknown EMS Hospital Arrival Time,,,,,,,1,
2022,9,90274,Connecticut,1,1,0,1,1,1,1,9,NEW HAVEN (9),430,NEW HAVEN,22,22,5,May,2022,1,Sunday,20,8:00pm-8:59pm,20,20,0,This section IS NOT on the NHS,2,Urban,4,Minor Arterial,1,State Highway Agency,3,State Highway,SR-337,,20,20,41.26188333,41.26188333,-72.894194440,-72.89419444,0,No Special Jurisdiction,9,Pedalcyclist,0,The First Harmful Event was Not a Collision with a Motor Vehicle in Transport,0,No,1,Non-Junction,1,Not an Intersection,0,None,,,1,On Roadway,1,Daylight,,,,,1,Clear,0,No,0000000,Not Applicable,20,8:00pm-8:59pm,23,23,20,8:00pm-8:59pm,27,27,21,9:00pm-9:59pm,26,26,,,,,,,1,