caseyear,state,st_case,statename,ve_total,ve_forms,pvh_invl,peds,pernotmvit,permvit,persons,county,countyname,city,cityname,day,dayname,month,monthname,year,day_week,day_weekname,hour,hourname,minute,minutename,nhs,nhsname,rur_urb,rur_urbname,func_sys,func_sysname,rd_owner,rd_ownername,route,routename,tway_id,tway_id2,milept,mileptname,latitude,latitudename,longitud,longitudname,sp_jur,sp_jurname,harm_ev,harm_evname,man_coll,man_collname,reljct1,reljct1name,reljct2,reljct2name,typ_int,typ_intname,wrk_zone,wrk_zonename,road_fnc,road_fncname,rel_road,rel_roadname,lgt_cond,lgt_condname,weather1,weather1name,weather2,weather2name,weather,weathername,sch_bus,sch_busname,rail,railname,not_hour,not_hourname,not_min,not_minname,arr_hour,arr_hourname,arr_min,arr_minname,hosp_hr,hosp_hrname,hosp_mn,hosp_mnname,cf1,cf1name,cf2,cf2name,cf3,cf3name,fatals,drunk_dr
2022,9,90352,Connecticut,2,2,0,0,0,2,2,9,NEW HAVEN (9),852,WOLCOTT,18,18,7,July,2022,2,Monday,5,5:00am-5:59am,47,47,0,This section IS NOT on the NHS,2,Urban,5,Major Collector,3,Town or Township Highway Agency,6,Local Street - Municipality,WOODTICK RD,,30,30,41.59977778,41.59977778,-72.961800000,-72.96180000,0,No Special Jurisdiction,12,Motor Vehicle In-Transport,2,Front-to-Front,0,No,1,Non-Junction,1,Not an Intersection,0,None,,,1,On Roadway,4,Dawn,,,,,1,Clear,0,No,0000000,Not Applicable,5,5:00am-5:59am,48,48,5,5:00am-5:59am,53,53,6,6:00am-6:59am,15,15,,,,,,,1,
2022,9,90353,Connecticut,1,1,0,1,1,1,1,1,FAIRFIELD (1),170,DANBURY,22,22,2,February,2022,3,Tuesday,99,Unknown Hours,99,Unknown Minutes,0,This section IS NOT on the NHS,2,Urban,4,Minor Arterial,3,Town or Township Highway Agency,5,Local Street - Township,LIBERTY ST,TOWN HILL ST,2,2,41.39416111,41.39416111,-73.446111110,-73.44611111,0,No Special Jurisdiction,8,Pedestrian,0,The First Harmful Event was Not a Collision with a Motor Vehicle in Transport,0,No,2,Intersection,2,Four-Way Intersection,0,None,,,1,On Roadway,8,Not Reported,,,,,98,Not Reported,0,No,0000000,Not Applicable,99,Unknown,99,Unknown,99,Unknown EMS Scene Arrival Hour,99,Unknown EMS Scene Arrival Minutes,99,Unknown,99,Unknown EMS Hospital Arrival Time,,,,,,,1,
2023,9,90001,Connecticut,2,2,0,0,0,2,2,9,NEW HAVEN (9),790,WALLINGFORD,5,5,1,January,2023,5,Thursday,8,8:00am-8:59am,10,10,1,This Section IS ON the NHS,2,Urban,1,Interstate,1,State Highway Agency,1,Interstate,I-91,,158,158,41.47624722,41.47624722,-72.771705560,-72.77170556,0,No Special Jurisdiction,12,Motor Vehicle In-Transport,2,Front-to-Front,1,Yes,18,Through Roadway,1,Not an Intersection,0,None,,,1,On Roadway,1,Daylight,,,,,10,Cloudy,0,No,0000000,Not Applicable,8,8:00am-8:59am,10,10,8,8:00am-8:59am,18,18,99,Unknown,99,Unknown EMS Hospital Arrival Time,,,,,,,1,
2023,9,90002,Connecticut,1,1,0,0,0,1,1,3,HARTFORD (3),90,BRISTOL,2,2,1,January,2023,2,Monday,1,1:00am-1:59am,4,4,1,This Section IS ON the NHS,2,Urban,3,Other Principal Arterial,1,State Highway Agency,2,U.S. Highway,US-6 FARMINGTON AVE,,486,486,41.69147500,41.69147500,-72.920113890,-72.92011389,0,No Special Jurisdiction,30,Utility Pole/Light Support,0,The First Harmful Event was Not a Collision with a Motor Vehicle in Transport,0,No,1,Non-Junction,1,Not an Intersection,0,None,,,4,On Roadside,3,Dark - Lighted,,,,,1,Clear,0,No,0000000,Not Applicable,1,1:00am-1:59am,6,6,1,1:00am-1:59am,13,13,1,1:00am-1:59am,42,42,,,,,,,1,
2023,9,90003,Connecticut,1,1,0,0,0,1,1,7,MIDDLESEX (7),380,MIDDLETOWN,3,3,1,January,2023,3,Tuesday,15,3:00pm-3:59pm,11,11,1,This Section IS ON the NHS,2,Urban,2,Other Freeways and Expressways,1,State Highway Agency,3,State Highway,SR-9  CHESTER BOWLES HWY,,229,229,41.55322500,41.55322500,-72.633438890,-72.63343889,0,No Special Jurisdiction,31,"Post, Pole or Other Supports",0,The First Harmful Event was Not a Collision with a Motor Vehicle in Transport,0,No,1,Non-Junction,1,Not an Intersection,0,None,,,4,On Roadside,1,Daylight,,,,,5,"Fog, Smog, Smoke",0,No,0000000,Not Applicable,15,3:00pm-3:59pm,11,11,15,3:00pm-3:59pm,15,15,88,"Not Applicable (Not Transported) ",88,Not Applicable (Not Transported),,,,,,,1,
2023,9,90004,Connecticut,1,1,0,1,1,1,1,15,WINDHAM (15),330,KILLINGLY CENTER,17,17,1,January,2023,3,Tuesday,2,2:00am-2:59am,22,22,0,This Section IS NOT on the NHS,1,Rural,4,Minor Arterial,1,State Highway Agency,3,State Highway,SR-101 HARTFORD PIKE,,89,89,41.84868333,41.84868333,-71.805988890,-71.80598889,0,No Special Jurisdiction,8,Pedestrian,0,The First Harmful Event was Not a Collision with a Motor Vehicle in Transport,0,No,1,Non-Junction,1,Not an Intersection,0,None,,,1,On Roadway,2,Dark - Not Lighted,,,,,1,Clear,0,No,0000000,Not Applicable,99,Unknown,99,Unknown,99,Unknown EMS Scene Arrival Hour,99,Unknown EMS Scene Arrival Minutes,88,"Not Applicable (Not Transported) ",88,Not Applicable (Not Transported),,,,,,,1,
2023,9,90005,Connecticut,3,3,0,0,0,3,3,7,MIDDLESEX (7),205,DURHAM,12,12,1,January,2023,5,Thursday,16,4:00pm-4:59pm,47,47,1,This Section IS ON the NHS,2,Urban,3,Other Principal Arterial,1,State Highway Agency,3,State Highway,SR-17 NEW HAVEN RD,,139,139,41.45470833,41.45470833,-72.694861110,-72.69486111,0,No Special Jurisdiction,12,Motor Vehicle In-Transport,2,Front-to-Front,0,No,1,Non-Junction,1,Not an Intersection,0,None,,,1,On Roadway,5,Dusk,,,,,2,Rain,0,No,0000000,Not Applicable,16,4:00pm-4:59pm,52,52,16,4:00pm-4:59pm,59,59,17,5:00pm-5:59pm,18,18,,,,,,,1,
2023,9,90006,Connecticut,2,2,0,1,1,1,1,1,FAIRFIELD (1),650,SHELTON,18,18,1,January,2023,4,Wednesday,0,0:00am-0:59am,13,13,1,This Section IS ON the NHS,2,Urban,2,Other Freeways and Expressways,1,State Highway Agency,3,State Highway,SR-8,,114,114,41.30363333,41.30363333,-73.099791670,-73.09979167,0,No Special Jurisdiction,12,Motor Vehicle In-Transport,7,Sideswipe - Same Direction,1,Yes,18,Through Roadway,1,Not an Intersection,0,None,,,1,On Roadway,3,Dark - Lighted,,,,,1,Clear,0,No,0000000,Not Applicable,0,0:00am-0:59am,13,13,0,0:00am-0:59am,27,27,88,"Not Applicable (Not Transported) ",88,Not Applicable (Not Transported),,,,,,,1,
2023,9,90007,Connecticut,1,1,0,0,0,1,1,5,LITCHFIELD (5),350,LITCHFIELD,16,16,1,January,2023,2,Monday,20,8:00pm-8:59pm,47,47,0,This Section IS NOT on the NHS,1,Rural,7,Local,3,Town or Township Highway Agency,0,Not Signed,REDER RD,,3,3,41.72634167,41.72634167,-73.111983330,-73.11198333,0,No Special Jurisdiction,53,Mail Box,0,The First Harmful Event was Not a Collision with a Motor Vehicle in Transport,0,No,1,Non-Junction,1,Not an Intersection,0,None,,,4,On Roadside,2,Dark - Not Lighted,,,,,1,Clear,0,No,0000000,Not Applicable,20,8:00pm-8:59pm,48,48,21,9:00pm-9:59pm,0,0,88,"Not Applicable (Not Transported) ",88,Not Applicable (Not Transported),,,,,,,1,
2023,9,90008,Connecticut,6,3,3,0,0,5,5,1,FAIRFIELD (1),80,BRIDGEPORT,20,20,1,January,2023,6,Friday,18,6:00pm-6:59pm,26,26,0,This Section IS NOT on the NHS,2,Urban,7,Local,3,Town or Township Highway Agency,5,Township,TS-LINEN AVE,,3,3,41.18544444,41.18544444,-73.200286110,-73.20028611,0,No Special Jurisdiction,12,Motor Vehicle In-Transport,1,Front-to-Rear,0,No,1,Non-Junction,1,Not an Intersection,0,None,,,1,On Roadway,3,Dark - Lighted,,,,,1,Clear,0,No,0000000,Not Applicable,18,6:00pm-6:59pm,26,26,99,Unknown EMS Scene Arrival Hour,99,Unknown EMS Scene Arrival Minutes,99,Unknown,99,Unknown EMS Hospital Arrival Time,,,,,,,1,
2023,9,90009,Connecticut,1,1,0,1,1,2,2,9,NEW HAVEN (9),430,NEW HAVEN,23,23,1,January,2023,2,Monday,18,6:00pm-6:59pm,12,12,1,This Section IS ON the NHS,2,Urban,3,Other Principal Arterial,3,Town or Township Highway Agency,6,Municipal,MU-WHALLEY AV,,5,5,41.31609167,41.31609167,-72.940838890,-72.94083889,0,No Special Jurisdiction,8,Pedestrian,0,The First Harmful Event was Not a Collision with a Motor Vehicle in Transport,1,Yes,18,Through Roadway,1,Not an Intersection,0,None,,,1,On Roadway,3,Dark - Lighted,,,,,2,Rain,0,No,0000000,Not Applicable,18,6:00pm-6:59pm,12,12,99,Unknown EMS Scene Arrival Hour,99,Unknown EMS Scene Arrival Minutes,99,Unknown,99,Unknown EMS Hospital Arrival Time,,,,,,,1,
2023,9,90010,Connecticut,1,1,0,0,0,1,1,7,MIDDLESEX (7),822,WESTBROOK,7,7,1,January,2023,7,Saturday,4,4:00am-4:59am,9,9,1,This Section IS ON the NHS,2,Urban,1,Interstate,1,State Highway Agency,1,Interstate,I-95-N,,730,730,41.29178889,41.29178889,-72.446791670,-72.44679167,0,No Special Jurisdiction,59,"Traffic Sign Support ",0,The First Harmful Event was Not a Collision with a Motor Vehicle in Transport,1,Yes,19,Other location within Interchange Area,1,Not an Intersection,0,None,,,8,Gore,3,Dark - Lighted,,,,,1,Clear,0,No,0000000,Not Applicable,4,4:00am-4:59am,14,14,4,4:00am-4:59am,24,24,5,5:00am-5:59am,50,50,,,,,,,1,
2023,9,90011,Connecticut,1,1,0,0,0,2,2,1,FAIRFIELD (1),185,NOROTON,16,16,1,January,2023,2,Monday,5,5:00am-5:59am,1,1,1,This Section IS ON the NHS,2,Urban,1,Interstate,1,State Highway Agency,1,Interstate,I-95,,122,122,41.07563611,41.07563611,-73.465763890,-73.46576389,0,No Special Jurisdiction,52,Guardrail End,0,The First Harmful Event was Not a Collision with a Motor Vehicle in Transport,0,No,1,Non-Junction,1,Not an Intersection,0,None,,,8,Gore,3,Dark - Lighted,,,,,1,Clear,0,No,0000000,Not Applicable,5,5:00am-5:59am,1,1,5,5:00am-5:59am,9,9,5,5:00am-5:59am,30,30,,,,,,,1,
2023,9,90012,Connecticut,1,1,0,1,1,1,1,3,HARTFORD (3),225,EAST HARTFORD,18,18,1,January,2023,4,Wednesday,21,9:00pm-9:59pm,30,30,1,This Section IS ON the NHS,2,Urban,3,Other Principal Arterial,1,State Highway Agency,2,U.S. Highway,US-5,PITKIN ST,354,354,41.76378611,41.76378611,-72.646452780,-72.64645278,0,No Special Jurisdiction,8,Pedestrian,0,The First Harmful Event was Not a Collision with a Motor Vehicle in Transport,0,No,3,Intersection-Related,3,T-Intersection,0,None,,,1,On Roadway,3,Dark - Lighted,,,,,1,Clear,0,No,0000000,Not Applicable,21,9:00pm-9:59pm,30,30,99,Unknown EMS Scene Arrival Hour,99,Unknown EMS Scene Arrival Minutes,99,Unknown,99,Unknown EMS Hospital Arrival Time,,,,,,,1,
2023,9,90013,Connecticut,1,1,0,0,0,1,1,1,FAIRFIELD (1),650,SHELTON,29,29,1,January,2023,1,Sunday,16,4:00pm-4:59pm,54,54,1,This Section IS ON the NHS,2,Urban,2,Other Freeways and Expressways,1,State Highway Agency,3,State Highway,SR-8,,108,108,41.29615278,41.29615278,-73.105269440,-73.10526944,0,No Special Jurisdiction,42,Tree (Standing Only),0,The First Harmful Event was Not a Collision with a Motor Vehicle in Transport,0,No,1,Non-Junction,1,Not an Intersection,0,None,,,3,On Median,3,Dark - Lighted,,,,,1,Clear,0,No,0000000,Not Applicable,16,4:00pm-4:59pm,54,54,17,5:00pm-5:59pm,13,13,88,"Not Applicable (Not Transported) ",88,Not Applicable (Not Transported),,,,,,,1,
2023,9,90014,Connecticut,1,1,0,1,1,1,1,1,FAIRFIELD (1),80,BRIDGEPORT,17,17,1,January,2023,3,Tuesday,10,10:00am-10:59am,44,44,0,This Section IS NOT on the NHS,2,Urban,4,Minor Arterial,1,State Highway Agency,3,State Highway,SR-127,,4,4,41.18367500,41.18367500,-73.180961110,-73.18096111,0,No Special Jurisdiction,8,Pedestrian,0,The First Harmful Event was Not a Collision with a Motor Vehicle in Transport,0,No,1,Non-Junction,1,Not an Intersection,0,None,,,1,On Roadway,1,Daylight,,,,,1,Clear,0,No,0000000,Not Applicable,10,10:00am-10:59am,44,44,99,Unknown EMS Scene Arrival Hour,99,Unknown EMS Scene Arrival Minutes,99,Unknown,99,Unknown EMS Hospital Arrival Time,,,,,,,1,
2023,9,90015,Connecticut,2,2,0,0,0,3,3,11,NEW LONDON (11),355,OLD LYME (LYME),8,8,2,February,2023,4,Wednesday,15,3:00pm-3:59pm,42,42,0,This Section IS NOT on the NHS,1,Rural,4,Minor Arterial,1,State Highway Agency,3,State Highway,SR-156,,51,51,41.36760000,41.36760000,-72.345802780,-72.34580278,0,No Special Jurisdiction,12,Motor Vehicle In-Transport,8,Sideswipe - Opposite Direction,0,No,1,Non-Junction,1,Not an Intersection,0,None,,,1,On Roadway,1,Daylight,,,,,1,Clear,0,No,0000000,Not Applicable,15,3:00pm-3:59pm,39,39,15,3:00pm-3:59pm,45,45,88,"Not Applicable (Not Transported) ",88,Not Applicable (Not Transported),,,,,,,1,
2023,9,90016,Connecticut,2,2,0,0,0,2,2,3,HARTFORD (3),842,WINDSOR,9,9,2,February,2023,5,Thursday,6,6:00am-6:59am,58,58,1,This Section IS ON the NHS,2,Urban,1,Interstate,1,State Highway Agency,1,Interstate,I-91,,459,459,41.87000000,41.87000000,-72.662591670,-72.66259167,0,No Special Jurisdiction,72,"Cargo/Equipment Loss, Shift, or Damage [harmful]",0,The First Harmful Event was Not a Collision with a Motor Vehicle in Transport,1,Yes,18,Through Roadway,1,Not an Intersection,0,None,,,1,On Roadway,1,Daylight,,,,,1,Clear,0,No,0000000,Not Applicable,6,6:00am-6:59am,58,58,7,7:00am-7:59am,4,4,88,"Not Applicable (Not Transported) ",88,Not Applicable (Not Transported),,,,,,,1,
2023,9,90018,Connecticut,1,1,0,0,0,1,1,5,LITCHFIELD (5),817,WATERTOWN,23,23,1,January,2023,2,Monday,12,12:00pm-12:59pm,59,59,1,This Section IS ON the NHS,1,Rural,2,Other Freeways and Expressways,1,State Highway Agency,3,State Highway,SR-8,,374,374,41.64452778,41.64452778,-73.082527780,-73.08252778,0,No Special Jurisdiction,35,Embankment,0,The First Harmful Event was Not a Collision with a Motor Vehicle in Transport,0,No,1,Non-Junction,1,Not an Intersection,0,None,,,4,On Roadside,1,Daylight,,,,,4,Snow,0,No,0000000,Not Applicable,99,Unknown,99,Unknown,99,Unknown EMS Scene Arrival Hour,99,Unknown EMS Scene Arrival Minutes,99,Unknown,99,Unknown EMS Hospital Arrival Time,,,,,,,1,
2023,9,90019,Connecticut,2,2,0,0,0,4,4,5,LITCHFIELD (5),844,WINCHESTER CENTER,31,31,1,January,2023,3,Tuesday,19,7:00pm-7:59pm,32,32,1,This Section IS ON the NHS,1,Rural,3,Other Principal Arterial,1,State Highway Agency,2,U.S. Highway,US-44 NORFOLK RD,,266,266,41.93174722,41.93174722,-73.085502780,-73.08550278,0,No Special Jurisdiction,12,Motor Vehicle In-Transport,2,Front-to-Front,0,No,1,Non-Junction,1,Not an Intersection,0,None,,,1,On Roadway,2,Dark - Not Lighted,,,,,1,Clear,0,No,0000000,Not Applicable,19,7:00pm-7:59pm,32,32,99,Unknown EMS Scene Arrival Hour,99,Unknown EMS Scene Arrival Minutes,99,Unknown,99,Unknown EMS Hospital Arrival Time,,,,,,,2,
2023,9,90020,Connecticut,1,1,0,0,0,1,1,9,NEW HAVEN (9),370,MERIDEN,3,3,2,February,2023,6,Friday,18,6:00pm-6:59pm,50,50,0,This Section IS NOT on the NHS,2,Urban,7,Local,3,Town or Township Highway Agency,5,Township,TS-BRADLEY AV NO 2,,2,2,41.53375000,41.53375000,-72.820358330,-72.82035833,0,No Special Jurisdiction,33,Curb,0,The First Harmful Event was Not a Collision with a Motor Vehicle in Transport,0,No,1,Non-Junction,1,Not an Intersection,0,None,,,3,On Median,3,Dark - Lighted,,,,,11,Blowing Snow,0,No,0000000,Not Applicable,18,6:00pm-6:59pm,50,50,99,Unknown EMS Scene Arrival Hour,99,Unknown EMS Scene Arrival Minutes,99,Unknown,99,Unknown EMS Hospital Arrival Time,,,,,,,1,
2023,9,90021,Connecticut,1,1,0,0,0,3,3,11,NEW LONDON (11),811,JORDAN,18,18,2,February,2023,7,Saturday,4,4:00am-4:59am,25,25,0,This Section IS NOT on the NHS,2,Urban,4,Minor Arterial,3,Town or Township Highway Agency,5,Township,TS-CROSS RD,,5,5,41.37778611,41.37778611,-72.160583330,-72.16058333,0,No Special Jurisdiction,33,Curb,0,The First Harmful Event was Not a Collision with a Motor Vehicle in Transport,0,No,1,Non-Junction,1,Not an Intersection,0,None,,,4,On Roadside,3,Dark - Lighted,,,,,1,Clear,0,No,0000000,Not Applicable,5,5:00am-5:59am,31,31,5,5:00am-5:59am,41,41,6,6:00am-6:59am,2,2,,,,,,,2,
2023,9,90022,Connecticut,1,1,0,1,1,2,2,9,NEW HAVEN (9),541,OXFORD,3,3,2,February,2023,6,Friday,18,6:00pm-6:59pm,8,8,1,This Section IS ON the NHS,2,Urban,3,Other Principal Arterial,1,State Highway Agency,3,State Highway,SR-34,,89,89,41.36976111,41.36976111,-73.148291670,-73.14829167,0,No Special Jurisdiction,8,Pedestrian,0,The First Harmful Event was Not a Collision with a Motor Vehicle in Transport,0,No,1,Non-Junction,1,Not an Intersection,0,None,,,1,On Roadway,2,Dark - Not Lighted,,,,,1,Clear,0,No,0000000,Not Applicable,18,6:00pm-6:59pm,9,9,18,6:00pm-6:59pm,19,19,18,6:00pm-6:59pm,58,58,,,,,,,1,
2023,9,90023,Connecticut,1,1,0,0,0,2,2,1,FAIRFIELD (1),700,STAMFORD,1,1,1,January,2023,1,Sunday,6,6:00am-6:59am,14,14,0,This Section IS NOT on the NHS,2,Urban,5,Major Collector,3,Town or Township Highway Agency,5,Township,TS-GREENWICH AV,,4,4,41.04476111,41.04476111,-73.546058330,-73.54605833,0,No Special Jurisdiction,42,Tree (Standing Only),0,The First Harmful Event was Not a Collision with a Motor Vehicle in Transport,0,No,1,Non-Junction,1,Not an Intersection,0,None,,,4,On Roadside,3,Dark - Lighted,,,,,5,"Fog, Smog, Smoke",0,No,0000000,Not Applicable,6,6:00am-6:59am,9,9,6,6:00am-6:59am,14,14,99,Unknown,99,Unknown EMS Hospital Arrival Time,,,,,,,1,
2023,9,90024,Connecticut,3,3,0,0,0,4,4,5,LITCHFIELD (5),857,WOODBURY,4,4,3,March,2023,7,Saturday,20,8:00pm-8:59pm,48,48,0,This Section IS NOT on the NHS,2,Urban,4,Minor Arterial,1,State Highway Agency,2,U.S. Highway,US-6 MAIN ST S,,261,261,41.52971667,41.52971667,-73.204375000,-73.20437500,0,No Special Jurisdiction,12,Motor Vehicle In-Transport,8,Sideswipe - Opposite Direction,0,No,1,Non-Junction,1,Not an Intersection,0,None,,,1,On Roadway,3,Dark - Lighted,,,,,1,Clear,0,No,0000000,Not Applicable,99,Unknown,99,Unknown,99,Unknown EMS Scene Arrival Hour,99,Unknown EMS Scene Arrival Minutes,99,Unknown,99,Unknown EMS Hospital Arrival Time,,,,,,,1,
2023,9,90025,Connecticut,1,1,0,1,1,1,1,1,FAIRFIELD (1),835,WESTPORT,4,4,3,March,2023,7,Saturday,23,11:00pm-11:59pm,29,29,0,This Section IS NOT on the NHS,2,Urban,4,Minor Arterial,1,State Highway Agency,3,State Highway,SR-136,,86,86,41.12152222,41.12152222,-73.370377780,-73.37037778,0,No Special Jurisdiction,8,Pedestrian,0,The First Harmful Event was Not a Collision with a Motor Vehicle in Transport,0,No,1,Non-Junction,1,Not an Intersection,0,None,,,1,On Roadway,6,Dark - Unknown Lighting,,,,,1,Clear,0,No,0000000,Not Applicable,99,Unknown,99,Unknown,23,11:00pm-11:59pm,38,38,0,0:00am-0:59am,5,5,,,,,,,1,
2023,9,90026,Connecticut,2,2,0,0,0,4,4,5,LITCHFIELD (5),100,CANAAN,13,13,3,March,2023,2,Monday,16,4:00pm-4:59pm,36,36,1,This Section IS ON the NHS,1,Rural,3,Other Principal Arterial,1,State Highway Agency,2,U.S. Highway,US-7 SOUTH CANAAN RD,,732,732,41.98061111,41.98061111,-73.332172220,-73.33217222,0,No Special Jurisdiction,12,Motor Vehicle In-Transport,2,Front-to-Front,0,No,1,Non-Junction,1,Not an Intersection,0,None,,,1,On Roadway,1,Daylight,,,,,2,Rain,0,No,0000000,Not Applicable,16,4:00pm-4:59pm,34,34,16,4:00pm-4:59pm,40,40,17,5:00pm-5:59pm,18,18,,,,,,,1,
2023,9,90027,Connecticut,1,1,0,1,1,1,1,1,FAIRFIELD (1),715,STRATFORD,15,15,2,February,2023,4,Wednesday,17,5:00pm-5:59pm,55,55,1,This Section IS ON the NHS,2,Urban,3,Other Principal Arterial,1,State Highway Agency,3,State Highway,SR-113,,69,69,41.20497778,41.20497778,-73.131805560,-73.13180556,0,No Special Jurisdiction,8,Pedestrian,0,The First Harmful Event was Not a Collision with a Motor Vehicle in Transport,0,No,1,Non-Junction,1,Not an Intersection,0,None,,,1,On Roadway,3,Dark - Lighted,,,,,1,Clear,0,No,0000000,Not Applicable,17,5:00pm-5:59pm,55,55,99,Unknown EMS Scene Arrival Hour,99,Unknown EMS Scene Arrival Minutes,88,"Not Applicable (Not Transported) ",88,Not Applicable (Not Transported),,,,,,,1,
2023,9,90028,Connecticut,2,2,0,0,0,5,5,1,FAIRFIELD (1),80,BRIDGEPORT,6,6,3,March,2023,2,Monday,15,3:00pm-3:59pm,28,28,1,This Section IS ON the NHS,2,Urban,3,Other Principal Arterial,1,State Highway Agency,2,U.S. Highway,US-1,PEMBROKE ST,317,317,41.19553611,41.19553611,-73.176455560,-73.17645556,0,No Special Jurisdiction,12,Motor Vehicle In-Transport,1,Front-to-Rear,0,No,3,Intersection-Related,2,Four-Way Intersection,0,None,,,1,On Roadway,1,Daylight,,,,,1,Clear,0,No,0000000,Not Applicable,99,Unknown,99,Unknown,99,Unknown EMS Scene Arrival Hour,99,Unknown EMS Scene Arrival Minutes,99,Unknown,99,Unknown EMS Hospital Arrival Time,,,,,,,2,
2023,9,90029,Connecticut,2,2,0,0,0,2,2,9,NEW HAVEN (9),370,MERIDEN,12,12,3,March,2023,1,Sunday,3,3:00am-3:59am,28,28,0,This Section IS NOT on the NHS,2,Urban,4,Minor Arterial,1,State Highway Agency,3,State Highway,SR-70 MAIN ST,,99,99,41.51903611,41.51903611,-72.830275000,-72.83027500,0,No Special Jurisdiction,12,Motor Vehicle In-Transport,6,Angle,0,No,8,Driveway Access Related,1,Not an Intersection,0,None,,,1,On Roadway,3,Dark - Lighted,,,,,1,Clear,0,No,0000000,Not Applicable,3,3:00am-3:59am,28,28,99,Unknown EMS Scene Arrival Hour,99,Unknown EMS Scene Arrival Minutes,99,Unknown,99,Unknown EMS Hospital Arrival Time,,,,,,,1,
2023,9,90030,Connecticut,1,1,0,0,0,1,1,1,FAIRFIELD (1),715,STRATFORD,17,17,3,March,2023,6,Friday,4,4:00am-4:59am,30,30,1,This Section IS ON the NHS,2,Urban,1,Interstate,1,State Highway Agency,3,State Highway,SR-15 RAMP 15-S-95,,1,1,41.24633889,41.24633889,-73.099280560,-73.09928056,0,No Special Jurisdiction,33,Curb,0,The First Harmful Event was Not a Collision with a Motor Vehicle in Transport,1,Yes,5,Entrance/Exit Ramp Related,1,Not an Intersection,0,None,,,4,On Roadside,2,Dark - Not Lighted,,,,,1,Clear,0,No,0000000,Not Applicable,4,4:00am-4:59am,25,25,4,4:00am-4:59am,36,36,88,"Not Applicable (Not Transported) ",88,Not Applicable (Not Transported),,,,,,,1,
2023,9,90031,Connecticut,1,1,0,1,1,2,2,9,NEW HAVEN (9),370,MERIDEN,1,1,2,February,2023,4,Wednesday,23,11:00pm-11:59pm,34,34,0,This Section IS NOT on the NHS,2,Urban,4,Minor Arterial,3,Town or Township Highway Agency,6,Municipal,MU-LEWIS AV,I-691 WB RAMP,7,7,41.54882778,41.54882778,-72.804336110,-72.80433611,0,No Special Jurisdiction,8,Pedestrian,0,The First Harmful Event was Not a Collision with a Motor Vehicle in Transport,1,Yes,3,Intersection-Related,2,Four-Way Intersection,0,None,,,1,On Roadway,2,Dark - Not Lighted,,,,,1,Clear,0,No,0000000,Not Applicable,23,11:00pm-11:59pm,34,34,99,Unknown EMS Scene Arrival Hour,99,Unknown EMS Scene Arrival Minutes,99,Unknown,99,Unknown EMS Hospital Arrival Time,,,,,,,1,
2023,9,90032,Connecticut,3,3,0,0,0,4,4,9,NEW HAVEN (9),370,MERIDEN,3,3,4,April,2023,2,Monday,19,7:00pm-7:59pm,11,11,1,This Section IS ON the NHS,2,Urban,3,Other Principal Arterial,1,State Highway Agency,2,U.S. Highway,US-5 BROAD ST,OLIVE ST,169,169,41.53106944,41.53106944,-72.794708330,-72.79470833,0,No Special Jurisdiction,12,Motor Vehicle In-Transport,6,Angle,0,No,2,Intersection,3,T-Intersection,0,None,,,1,On Roadway,3,Dark - Lighted,,,,,1,Clear,0,No,0000000,Not Applicable,19,7:00pm-7:59pm,11,11,99,Unknown EMS Scene Arrival Hour,99,Unknown EMS Scene Arrival Minutes,88,"Not Applicable (Not Transported) ",88,Not Applicable (Not Transported),,,,,,,1,
2023,9,90034,Connecticut,1,1,0,0,0,1,1,9,NEW HAVEN (9),430,NEW HAVEN,31,31,3,March,2023,6,Friday,18,6:00pm-6:59pm,52,52,1,This Section IS ON the NHS,2,Urban,1,Interstate,1,State Highway Agency,1,Interstate,I-95,,487,487,41.29425278,41.29425278,-72.901744440,-72.90174444,0,No Special Jurisdiction,23,Bridge Rail (Includes parapet),0,The First Harmful Event was Not a Collision with a Motor Vehicle in Transport,0,No,1,Non-Junction,1,Not an Intersection,0,None,,,4,On Roadside,5,Dusk,,,,,1,Clear,0,No,0000000,Not Applicable,18,6:00pm-6:59pm,56,56,19,7:00pm-7:59pm,0,0,19,7:00pm-7:59pm,23,23,,,,,,,1,
2023,9,90035,Connecticut,2,1,1,0,1,1,2,9,NEW HAVEN (9),430,NEW HAVEN,2,2,4,April,2023,1,Sunday,20,8:00pm-8:59pm,34,34,1,This Section IS ON the NHS,2,Urban,1,Interstate,1,State Highway Agency,1,Interstate,I-95,,488,488,41.29300556,41.29300556,-72.901116670,-72.90111667,0,No Special Jurisdiction,14,Parked Motor Vehicle,0,The First Harmful Event was Not a Collision with a Motor Vehicle in Transport,0,No,1,Non-Junction,1,Not an Intersection,0,None,,,2,On Shoulder,3,Dark - Lighted,,,,,1,Clear,0,No,0000000,Not Applicable,20,8:00pm-8:59pm,34,34,99,Unknown EMS Scene Arrival Hour,99,Unknown EMS Scene Arrival Minutes,99,Unknown,99,Unknown EMS Hospital Arrival Time,,,,,,,1,