caseyear,state,st_case,statename,ve_total,ve_forms,pvh_invl,peds,pernotmvit,permvit,persons,county,countyname,city,cityname,day,dayname,month,monthname,year,day_week,day_weekname,hour,hourname,minute,minutename,nhs,nhsname,rur_urb,rur_urbname,func_sys,func_sysname,rd_owner,rd_ownername,route,routename,tway_id,tway_id2,milept,mileptname,latitude,latitudename,longitud,longitudname,sp_jur,sp_jurname,harm_ev,harm_evname,man_coll,man_collname,reljct1,reljct1name,reljct2,reljct2name,typ_int,typ_intname,wrk_zone,wrk_zonename,road_fnc,road_fncname,rel_road,rel_roadname,lgt_cond,lgt_condname,weather1,weather1name,weather2,weather2name,weather,weathername,sch_bus,sch_busname,rail,railname,not_hour,not_hourname,not_min,not_minname,arr_hour,arr_hourname,arr_min,arr_minname,hosp_hr,hosp_hrname,hosp_mn,hosp_mnname,cf1,cf1name,cf2,cf2name,cf3,cf3name,fatals,drunk_dr
2023,9,90153,Connecticut,1,1,0,0,0,1,1,3,HARTFORD (3),282,HARTLAND,29,29,8,August,2023,3,Tuesday,18,6:00pm-6:59pm,16,16,0,This Section IS NOT on the NHS,1,Rural,5,Major Collector,1,State Highway Agency,3,State Highway,SR-20,,67,67,42.00659167,42.00659167,-72.970855560,-72.97085556,0,No Special Jurisdiction,35,Embankment,0,The First Harmful Event was Not a Collision with a Motor Vehicle in Transport,0,No,1,Non-Junction,1,Not an Intersection,0,None,,,4,On Roadside,1,Daylight,,,,,1,Clear,0,No,0000000,Not Applicable,18,6:00pm-6:59pm,16,16,18,6:00pm-6:59pm,20,20,88,"Not Applicable (Not Transported) ",88,Not Applicable (Not Transported),,,,,,,1,
2023,9,90154,Connecticut,1,1,0,0,0,2,2,1,FAIRFIELD (1),256,GREENWICH,14,14,2,February,2023,3,Tuesday,14,2:00pm-2:59pm,42,42,0,This Section IS NOT on the NHS,2,Urban,7,Local,3,Town or Township Highway Agency,5,Township,TS-STANWICH RD,,26,26,41.07371944,41.07371944,-73.603866670,-73.60386667,0,No Special Jurisdiction,30,Utility Pole/Light Support,0,The First Harmful Event was Not a Collision with a Motor Vehicle in Transport,0,No,1,Non-Junction,1,Not an Intersection,0,None,,,4,On Roadside,1,Daylight,,,,,1,Clear,0,No,0000000,Not Applicable,14,2:00pm-2:59pm,44,44,14,2:00pm-2:59pm,50,50,15,3:00pm-3:59pm,27,27,,,,,,,1,
2023,9,90155,Connecticut,1,1,0,0,0,1,1,9,NEW HAVEN (9),267,HAMDEN,26,26,3,March,2023,1,Sunday,22,10:00pm-10:59pm,6,6,0,This Section IS NOT on the NHS,2,Urban,4,Minor Arterial,3,Town or Township Highway Agency,6,Municipal,MU-SHEPARD AV,MIX AV,3,3,41.38060278,41.38060278,-72.917427780,-72.91742778,0,No Special Jurisdiction,24,Guardrail Face,0,The First Harmful Event was Not a Collision with a Motor Vehicle in Transport,0,No,3,Intersection-Related,3,T-Intersection,0,None,,,4,On Roadside,3,Dark - Lighted,,,,,1,Clear,0,No,0000000,Not Applicable,22,10:00pm-10:59pm,6,6,99,Unknown EMS Scene Arrival Hour,99,Unknown EMS Scene Arrival Minutes,99,Unknown,99,Unknown EMS Hospital Arrival Time,,,,,,,1,
2023,9,90156,Connecticut,1,1,0,1,1,2,2,11,NEW LONDON (11),263,FORT GRISWOLD (HISTORICAL),22,22,9,September,2023,6,Friday,19,7:00pm-7:59pm,53,53,0,This Section IS NOT on the NHS,2,Urban,4,Minor Arterial,1,State Highway Agency,3,State Highway,SR-12,,212,212,41.60965278,41.60965278,-71.980330560,-71.98033056,0,No Special Jurisdiction,8,Pedestrian,0,The First Harmful Event was Not a Collision with a Motor Vehicle in Transport,0,No,1,Non-Junction,1,Not an Intersection,0,None,,,1,On Roadway,3,Dark - Lighted,,,,,1,Clear,0,No,0000000,Not Applicable,19,7:00pm-7:59pm,53,53,99,Unknown EMS Scene Arrival Hour,99,Unknown EMS Scene Arrival Minutes,99,Unknown,99,Unknown EMS Hospital Arrival Time,,,,,,,1,
2023,9,90157,Connecticut,1,1,0,0,0,1,1,13,TOLLAND (13),846,WILLINGTON HILL,4,4,1,January,2023,4,Wednesday,11,11:00am-11:59am,36,36,0,This Section IS NOT on the NHS,1,Rural,5,Major Collector,1,State Highway Agency,3,State Highway,SR-74,,185,185,41.87406944,41.87406944,-72.244827780,-72.24482778,0,No Special Jurisdiction,17,Boulder,0,The First Harmful Event was Not a Collision with a Motor Vehicle in Transport,0,No,1,Non-Junction,1,Not an Intersection,0,None,,,4,On Roadside,1,Daylight,,,,,10,Cloudy,0,No,0000000,Not Applicable,11,11:00am-11:59am,36,36,11,11:00am-11:59am,40,40,12,12:00pm-12:59pm,31,31,,,,,,,1,
2023,9,90158,Connecticut,2,2,0,0,0,2,2,3,HARTFORD (3),686,SOUTH WINDSOR,7,7,5,May,2023,1,Sunday,18,6:00pm-6:59pm,55,55,1,This Section IS ON the NHS,2,Urban,3,Other Principal Arterial,1,State Highway Agency,2,U.S. Highway,US-5,,391,391,41.81067222,41.81067222,-72.612541670,-72.61254167,0,No Special Jurisdiction,12,Motor Vehicle In-Transport,1,Front-to-Rear,0,No,1,Non-Junction,1,Not an Intersection,0,None,,,1,On Roadway,1,Daylight,,,,,1,Clear,0,No,0000000,Not Applicable,18,6:00pm-6:59pm,55,55,99,Unknown EMS Scene Arrival Hour,99,Unknown EMS Scene Arrival Minutes,99,Unknown,99,Unknown EMS Hospital Arrival Time,,,,,,,1,
2023,9,90159,Connecticut,2,2,0,0,0,2,2,9,NEW HAVEN (9),267,HAMDEN,1,1,6,June,2023,5,Thursday,3,3:00am-3:59am,28,28,0,This Section IS NOT on the NHS,2,Urban,7,Local,3,Town or Township Highway Agency,5,Township,TS-MORSE ST,WINCHESTER AV,5,5,41.33683056,41.33683056,-72.924775000,-72.92477500,0,No Special Jurisdiction,12,Motor Vehicle In-Transport,6,Angle,0,No,2,Intersection,2,Four-Way Intersection,0,None,,,1,On Roadway,3,Dark - Lighted,,,,,1,Clear,0,No,0000000,Not Applicable,3,3:00am-3:59am,28,28,99,Unknown EMS Scene Arrival Hour,99,Unknown EMS Scene Arrival Minutes,99,Unknown,99,Unknown EMS Hospital Arrival Time,,,,,,,1,
2023,9,90160,Connecticut,1,1,0,1,1,1,1,3,HARTFORD (3),60,BLOOMFIELD,11,11,8,August,2023,6,Friday,20,8:00pm-8:59pm,15,15,0,This Section IS NOT on the NHS,2,Urban,4,Minor Arterial,1,State Highway Agency,3,State Highway,SR-187 BLUE HILLS AVE,TS-HARDING AVE,18,18,41.80874722,41.80874722,-72.695494440,-72.69549444,0,No Special Jurisdiction,8,Pedestrian,0,The First Harmful Event was Not a Collision with a Motor Vehicle in Transport,0,No,2,Intersection,3,T-Intersection,0,None,,,1,On Roadway,1,Daylight,,,,,1,Clear,0,No,0000000,Not Applicable,20,8:00pm-8:59pm,15,15,20,8:00pm-8:59pm,21,21,20,8:00pm-8:59pm,38,38,,,,,,,1,
2023,9,90161,Connecticut,1,1,0,0,0,1,1,3,HARTFORD (3),60,BLOOMFIELD,4,4,8,August,2023,6,Friday,20,8:00pm-8:59pm,59,59,0,This Section IS NOT on the NHS,2,Urban,5,Major Collector,3,Town or Township Highway Agency,6,Municipal,MU-WINTONBURY AV,,13,13,41.83470833,41.83470833,-72.713752780,-72.71375278,0,No Special Jurisdiction,42,Tree (Standing Only),0,The First Harmful Event was Not a Collision with a Motor Vehicle in Transport,0,No,1,Non-Junction,1,Not an Intersection,0,None,,,4,On Roadside,2,Dark - Not Lighted,,,,,1,Clear,0,No,0000000,Not Applicable,20,8:00pm-8:59pm,59,59,99,Unknown EMS Scene Arrival Hour,99,Unknown EMS Scene Arrival Minutes,88,"Not Applicable (Not Transported) ",88,Not Applicable (Not Transported),,,,,,,1,
2023,9,90162,Connecticut,2,2,0,0,0,2,2,3,HARTFORD (3),214,EAST GRANBY,14,14,9,September,2023,5,Thursday,9,9:00am-9:59am,26,26,0,This Section IS NOT on the NHS,2,Urban,6,Minor Collector,3,Town or Township Highway Agency,6,Municipal,MU-FLOYDVILLE RD,,9,9,41.92863333,41.92863333,-72.780516670,-72.78051667,0,No Special Jurisdiction,12,Motor Vehicle In-Transport,6,Angle,0,No,8,Driveway Access Related,1,Not an Intersection,0,None,,,1,On Roadway,1,Daylight,,,,,1,Clear,0,No,0000000,Not Applicable,9,9:00am-9:59am,26,26,9,9:00am-9:59am,26,26,88,"Not Applicable (Not Transported) ",88,Not Applicable (Not Transported),,,,,,,1,
2023,9,90163,Connecticut,2,2,0,0,0,2,2,9,NEW HAVEN (9),49,BETHANY,16,16,3,March,2023,5,Thursday,9,9:00am-9:59am,56,56,0,This Section IS NOT on the NHS,2,Urban,4,Minor Arterial,1,State Highway Agency,3,State Highway,SR-69 LITCHFIELD TPKE,HATFIELD HILL RD,56,56,41.41257500,41.41257500,-72.973747220,-72.97374722,0,No Special Jurisdiction,12,Motor Vehicle In-Transport,6,Angle,0,No,2,Intersection,2,Four-Way Intersection,0,None,,,1,On Roadway,1,Daylight,,,,,10,Cloudy,0,No,0000000,Not Applicable,9,9:00am-9:59am,56,56,10,10:00am-10:59am,2,2,99,Unknown,99,Unknown EMS Hospital Arrival Time,,,,,,,2,
2023,9,90164,Connecticut,2,2,0,0,0,2,2,1,FAIRFIELD (1),700,STAMFORD,14,14,4,April,2023,6,Friday,19,7:00pm-7:59pm,27,27,0,This Section IS NOT on the NHS,2,Urban,4,Minor Arterial,1,State Highway Agency,3,State Highway,SR-137,,58,58,41.12893611,41.12893611,-73.543419440,-73.54341944,0,No Special Jurisdiction,12,Motor Vehicle In-Transport,2,Front-to-Front,0,No,1,Non-Junction,1,Not an Intersection,0,None,,,1,On Roadway,1,Daylight,,,,,1,Clear,0,No,0000000,Not Applicable,19,7:00pm-7:59pm,29,29,19,7:00pm-7:59pm,33,33,88,"Not Applicable (Not Transported) ",88,Not Applicable (Not Transported),,,,,,,1,
2023,9,90165,Connecticut,2,2,0,0,0,2,2,15,WINDHAM (15),858,WOODSTOCK,29,29,3,March,2023,4,Wednesday,7,7:00am-7:59am,26,26,0,This Section IS NOT on the NHS,1,Rural,5,Major Collector,3,Town or Township Highway Agency,5,Township,TS-PERRIN RD,HOPKINS RD,21,21,41.92642500,41.92642500,-72.045233330,-72.04523333,0,No Special Jurisdiction,12,Motor Vehicle In-Transport,6,Angle,0,No,2,Intersection,2,Four-Way Intersection,0,None,,,1,On Roadway,1,Daylight,,,,,1,Clear,0,No,0000000,Not Applicable,7,7:00am-7:59am,28,28,7,7:00am-7:59am,47,47,8,8:00am-8:59am,16,16,,,,,,,1,
2023,9,90166,Connecticut,1,1,0,0,0,1,1,13,TOLLAND (13),293,HEBRON,1,1,5,May,2023,2,Monday,21,9:00pm-9:59pm,3,3,0,This Section IS NOT on the NHS,2,Urban,4,Minor Arterial,1,State Highway Agency,3,State Highway,SR-66  W MAIN ST,,242,242,41.65016111,41.65016111,-72.397230560,-72.39723056,0,No Special Jurisdiction,53,Mail Box,0,The First Harmful Event was Not a Collision with a Motor Vehicle in Transport,0,No,1,Non-Junction,1,Not an Intersection,0,None,,,4,On Roadside,2,Dark - Not Lighted,,,,,1,Clear,0,No,0000000,Not Applicable,21,9:00pm-9:59pm,3,3,21,9:00pm-9:59pm,8,8,21,9:00pm-9:59pm,21,21,,,,,,,1,
2023,9,90167,Connecticut,3,3,0,0,0,6,6,11,NEW LONDON (11),520,NORWICH,31,31,7,July,2023,2,Monday,12,12:00pm-12:59pm,13,13,1,This Section IS ON the NHS,2,Urban,1,Interstate,1,State Highway Agency,1,Interstate,I-395,,177,177,41.58452778,41.58452778,-72.056630560,-72.05663056,0,No Special Jurisdiction,12,Motor Vehicle In-Transport,1,Front-to-Rear,0,No,1,Non-Junction,1,Not an Intersection,1,Construction,,,1,On Roadway,1,Daylight,,,,,1,Clear,0,No,0000000,Not Applicable,12,12:00pm-12:59pm,13,13,12,12:00pm-12:59pm,34,34,13,1:00pm-1:59pm,10,10,,,,,,,1,
2023,9,90168,Connecticut,1,1,0,0,0,2,2,3,HARTFORD (3),842,WINDSOR,4,4,10,October,2023,4,Wednesday,9,9:00am-9:59am,10,10,0,This Section IS NOT on the NHS,2,Urban,4,Minor Arterial,1,State Highway Agency,3,State Highway,SR-159,,29,29,41.84137222,41.84137222,-72.648980560,-72.64898056,0,No Special Jurisdiction,33,Curb,0,The First Harmful Event was Not a Collision with a Motor Vehicle in Transport,0,No,1,Non-Junction,1,Not an Intersection,0,None,,,3,On Median,1,Daylight,,,,,1,Clear,0,No,0000000,Not Applicable,9,9:00am-9:59am,27,27,9,9:00am-9:59am,35,35,99,Unknown,99,Unknown EMS Hospital Arrival Time,,,,,,,1,
2023,9,90169,Connecticut,2,2,0,0,0,2,2,11,NEW LONDON (11),470,NIANTIC,14,14,9,September,2023,5,Thursday,11,11:00am-11:59am,4,4,0,This Section IS NOT on the NHS,2,Urban,4,Minor Arterial,1,State Highway Agency,3,State Highway,SR-156  MAIN ST,,197,197,41.32368056,41.32368056,-72.178116670,-72.17811667,0,No Special Jurisdiction,12,Motor Vehicle In-Transport,2,Front-to-Front,0,No,1,Non-Junction,1,Not an Intersection,0,None,,,1,On Roadway,1,Daylight,,,,,1,Clear,0,No,0000000,Not Applicable,11,11:00am-11:59am,4,4,99,Unknown EMS Scene Arrival Hour,99,Unknown EMS Scene Arrival Minutes,99,Unknown,99,Unknown EMS Hospital Arrival Time,,,,,,,1,
2023,9,90170,Connecticut,1,1,0,0,0,2,2,15,WINDHAM (15),573,POMFRET,9,9,10,October,2023,2,Monday,20,8:00pm-8:59pm,24,24,0,This Section IS NOT on the NHS,1,Rural,4,Minor Arterial,1,State Highway Agency,3,State Highway,SR-169  POMFRET ST,,294,294,41.91242500,41.91242500,-71.956222220,-71.95622222,0,No Special Jurisdiction,24,Guardrail Face,0,The First Harmful Event was Not a Collision with a Motor Vehicle in Transport,0,No,1,Non-Junction,1,Not an Intersection,0,None,,,4,On Roadside,2,Dark - Not Lighted,,,,,1,Clear,0,No,0000000,Not Applicable,20,8:00pm-8:59pm,24,24,20,8:00pm-8:59pm,36,36,99,Unknown,99,Unknown EMS Hospital Arrival Time,,,,,,,1,
2023,9,90171,Connecticut,2,2,0,0,0,2,2,11,NEW LONDON (11),539,OLD LYME,29,29,9,September,2023,6,Friday,13,1:00pm-1:59pm,37,37,1,This Section IS ON the NHS,2,Urban,1,Interstate,1,State Highway Agency,1,Interstate,I-95,,833,833,41.32185000,41.32185000,-72.262855560,-72.26285556,0,No Special Jurisdiction,12,Motor Vehicle In-Transport,1,Front-to-Rear,1,Yes,18,Through Roadway,1,Not an Intersection,0,None,,,1,On Roadway,1,Daylight,,,,,2,Rain,0,No,0000000,Not Applicable,13,1:00pm-1:59pm,37,37,13,1:00pm-1:59pm,43,43,88,"Not Applicable (Not Transported) ",88,Not Applicable (Not Transported),,,,,,,1,
2023,9,90172,Connecticut,1,1,0,0,0,1,1,3,HARTFORD (3),90,BRISTOL,2,2,9,September,2023,7,Saturday,2,2:00am-2:59am,5,5,0,This Section IS NOT on the NHS,2,Urban,4,Minor Arterial,3,Town or Township Highway Agency,5,Township,TS-BROAD ST,,13,13,41.66984444,41.66984444,-72.921538890,-72.92153889,0,No Special Jurisdiction,33,Curb,0,The First Harmful Event was Not a Collision with a Motor Vehicle in Transport,0,No,1,Non-Junction,1,Not an Intersection,0,None,,,4,On Roadside,3,Dark - Lighted,,,,,1,Clear,0,No,0000000,Not Applicable,2,2:00am-2:59am,5,5,99,Unknown EMS Scene Arrival Hour,99,Unknown EMS Scene Arrival Minutes,99,Unknown,99,Unknown EMS Hospital Arrival Time,,,,,,,1,
2023,9,90173,Connecticut,1,1,0,1,1,1,1,1,FAIRFIELD (1),235,FAIRFIELD,11,11,10,October,2023,4,Wednesday,7,7:00am-7:59am,12,12,0,This Section IS NOT on the NHS,2,Urban,7,Local,3,Town or Township Highway Agency,5,Township,TS-CAMP FIELD DR,,0,None,41.18433889,41.18433889,-73.239586110,-73.23958611,0,No Special Jurisdiction,8,Pedestrian,0,The First Harmful Event was Not a Collision with a Motor Vehicle in Transport,0,No,1,Non-Junction,1,Not an Intersection,0,None,,,1,On Roadway,1,Daylight,,,,,1,Clear,0,No,0000000,Not Applicable,7,7:00am-7:59am,12,12,7,7:00am-7:59am,19,19,88,"Not Applicable (Not Transported) ",88,Not Applicable (Not Transported),,,,,,,1,
2023,9,90174,Connecticut,2,2,0,0,0,2,2,9,NEW HAVEN (9),370,MERIDEN,2,2,10,October,2023,2,Monday,5,5:00am-5:59am,47,47,0,This Section IS NOT on the NHS,2,Urban,4,Minor Arterial,3,Town or Township Highway Agency,5,Township,TS-COLONY ST,CAMP ST NO 1,4,4,41.54335000,41.54335000,-72.799225000,-72.79922500,0,No Special Jurisdiction,12,Motor Vehicle In-Transport,6,Angle,0,No,2,Intersection,3,T-Intersection,0,None,,,1,On Roadway,3,Dark - Lighted,,,,,1,Clear,0,No,0000000,Not Applicable,5,5:00am-5:59am,47,47,99,Unknown EMS Scene Arrival Hour,99,Unknown EMS Scene Arrival Minutes,99,Unknown,99,Unknown EMS Hospital Arrival Time,,,,,,,1,
2023,9,90175,Connecticut,2,2,0,0,0,2,2,15,WINDHAM (15),268,HAMPTON,19,19,10,October,2023,5,Thursday,14,2:00pm-2:59pm,52,52,1,This Section IS ON the NHS,1,Rural,3,Other Principal Arterial,1,State Highway Agency,2,U.S. Highway,US-6  PROVIDENCE TPKE,,1034,1034,41.78121944,41.78121944,-72.022683330,-72.02268333,0,No Special Jurisdiction,12,Motor Vehicle In-Transport,6,Angle,0,No,8,Driveway Access Related,1,Not an Intersection,0,None,,,1,On Roadway,1,Daylight,,,,,1,Clear,0,No,0000000,Not Applicable,99,Unknown,99,Unknown,99,Unknown EMS Scene Arrival Hour,99,Unknown EMS Scene Arrival Minutes,99,Unknown,99,Unknown EMS Hospital Arrival Time,,,,,,,1,
2023,9,90176,Connecticut,1,1,0,0,0,1,1,9,NEW HAVEN (9),810,WATERBURY,18,18,7,July,2023,3,Tuesday,20,8:00pm-8:59pm,56,56,0,This Section IS NOT on the NHS,2,Urban,4,Minor Arterial,3,Town or Township Highway Agency,5,Township,TS-BUNKER HILL AV,,18,18,41.57560000,41.57560000,-73.085408330,-73.08540833,0,No Special Jurisdiction,30,Utility Pole/Light Support,0,The First Harmful Event was Not a Collision with a Motor Vehicle in Transport,0,No,1,Non-Junction,1,Not an Intersection,0,None,,,4,On Roadside,3,Dark - Lighted,,,,,1,Clear,0,No,0000000,Not Applicable,20,8:00pm-8:59pm,57,57,21,9:00pm-9:59pm,9,9,21,9:00pm-9:59pm,36,36,,,,,,,1,
2023,9,90177,Connecticut,1,1,0,1,1,1,1,1,FAIRFIELD (1),715,STRATFORD,1,1,7,July,2023,7,Saturday,0,0:00am-0:59am,51,51,0,This Section IS NOT on the NHS,2,Urban,4,Minor Arterial,1,State Highway Agency,3,State Highway,SR-130  STRATFORD AVE,,59,59,41.18435000,41.18435000,-73.151152780,-73.15115278,0,No Special Jurisdiction,8,Pedestrian,0,The First Harmful Event was Not a Collision with a Motor Vehicle in Transport,0,No,1,Non-Junction,1,Not an Intersection,0,None,,,1,On Roadway,3,Dark - Lighted,,,,,1,Clear,0,No,0000000,Not Applicable,0,0:00am-0:59am,51,51,99,Unknown EMS Scene Arrival Hour,99,Unknown EMS Scene Arrival Minutes,99,Unknown,99,Unknown EMS Hospital Arrival Time,,,,,,,1,
2023,9,90178,Connecticut,2,2,0,0,0,2,2,7,MIDDLESEX (7),160,CROMWELL,12,12,10,October,2023,5,Thursday,16,4:00pm-4:59pm,45,45,0,This Section IS NOT on the NHS,2,Urban,4,Minor Arterial,1,State Highway Agency,3,State Highway,SR-372  BERLIN RD,,122,122,41.60269444,41.60269444,-72.697852780,-72.69785278,0,No Special Jurisdiction,12,Motor Vehicle In-Transport,6,Angle,0,No,8,Driveway Access Related,1,Not an Intersection,0,None,,,1,On Roadway,1,Daylight,,,,,1,Clear,0,No,0000000,Not Applicable,16,4:00pm-4:59pm,46,46,16,4:00pm-4:59pm,49,49,17,5:00pm-5:59pm,36,36,,,,,,,1,
2023,9,90179,Connecticut,1,1,0,0,0,1,1,1,FAIRFIELD (1),700,STAMFORD,26,26,5,May,2023,6,Friday,23,11:00pm-11:59pm,42,42,1,This Section IS ON the NHS,2,Urban,3,Other Principal Arterial,1,State Highway Agency,2,U.S. Highway,US-1  EAST MAIN ST,HOUSTON TER,88,88,41.05991667,41.05991667,-73.509883330,-73.50988333,0,No Special Jurisdiction,43,Other Fixed Object,0,The First Harmful Event was Not a Collision with a Motor Vehicle in Transport,0,No,3,Intersection-Related,3,T-Intersection,0,None,,,4,On Roadside,3,Dark - Lighted,,,,,1,Clear,0,No,0000000,Not Applicable,99,Unknown,99,Unknown,99,Unknown EMS Scene Arrival Hour,99,Unknown EMS Scene Arrival Minutes,88,"Not Applicable (Not Transported) ",88,Not Applicable (Not Transported),,,,,,,1,
2023,9,90180,Connecticut,3,3,0,0,0,5,5,9,NEW HAVEN (9),430,NEW HAVEN,24,24,5,May,2023,4,Wednesday,19,7:00pm-7:59pm,34,34,1,This Section IS ON the NHS,2,Urban,3,Other Principal Arterial,1,State Highway Agency,3,State Highway,SR-10  ELLA T GRASSO BLVD,WASHINGTON AV NO 1,7,7,41.29090000,41.29090000,-72.941466670,-72.94146667,0,No Special Jurisdiction,12,Motor Vehicle In-Transport,99,Reported as Unknown,0,No,2,Intersection,2,Four-Way Intersection,0,None,,,1,On Roadway,1,Daylight,,,,,1,Clear,0,No,0000000,Not Applicable,19,7:00pm-7:59pm,40,40,19,7:00pm-7:59pm,43,43,19,7:00pm-7:59pm,55,55,,,,,,,1,
2023,9,90181,Connecticut,1,1,0,0,0,1,1,3,HARTFORD (3),686,SOUTH WINDSOR,12,12,7,July,2023,4,Wednesday,1,1:00am-1:59am,16,16,0,This Section IS NOT on the NHS,2,Urban,6,Minor Collector,3,Town or Township Highway Agency,6,Municipal,MU-GRAHAM RD,,15,15,41.86363333,41.86363333,-72.548897220,-72.54889722,0,No Special Jurisdiction,59,"Traffic Sign Support ",0,The First Harmful Event was Not a Collision with a Motor Vehicle in Transport,0,No,1,Non-Junction,1,Not an Intersection,0,None,,,4,On Roadside,3,Dark - Lighted,,,,,1,Clear,0,No,0000000,Not Applicable,99,Unknown,99,Unknown,99,Unknown EMS Scene Arrival Hour,99,Unknown EMS Scene Arrival Minutes,88,"Not Applicable (Not Transported) ",88,Not Applicable (Not Transported),,,,,,,1,
2023,9,90182,Connecticut,2,2,0,0,0,2,2,1,FAIRFIELD (1),80,BRIDGEPORT,24,24,10,October,2023,3,Tuesday,6,6:00am-6:59am,5,5,0,This Section IS NOT on the NHS,2,Urban,5,Major Collector,3,Town or Township Highway Agency,6,Municipal,MU-CRESCENT AV,,2,2,41.18564167,41.18564167,-73.172997220,-73.17299722,0,No Special Jurisdiction,12,Motor Vehicle In-Transport,99,Reported as Unknown,0,No,1,Non-Junction,1,Not an Intersection,0,None,,,1,On Roadway,3,Dark - Lighted,,,,,1,Clear,0,No,0000000,Not Applicable,99,Unknown,99,Unknown,99,Unknown EMS Scene Arrival Hour,99,Unknown EMS Scene Arrival Minutes,99,Unknown,99,Unknown EMS Hospital Arrival Time,,,,,,,1,
2023,9,90183,Connecticut,1,1,0,1,1,1,1,1,FAIRFIELD (1),700,STAMFORD,17,17,9,September,2023,1,Sunday,20,8:00pm-8:59pm,17,17,1,This Section IS ON the NHS,2,Urban,1,Interstate,1,State Highway Agency,1,Interstate,I-95,,81,81,41.05110000,41.05110000,-73.532280560,-73.53228056,0,No Special Jurisdiction,8,Pedestrian,0,The First Harmful Event was Not a Collision with a Motor Vehicle in Transport,1,Yes,18,Through Roadway,1,Not an Intersection,0,None,,,1,On Roadway,3,Dark - Lighted,,,,,1,Clear,0,No,0000000,Not Applicable,20,8:00pm-8:59pm,21,21,20,8:00pm-8:59pm,25,25,20,8:00pm-8:59pm,45,45,,,,,,,1,
2023,9,90184,Connecticut,2,2,0,0,0,2,2,9,NEW HAVEN (9),385,MILFORD,22,22,9,September,2023,6,Friday,19,7:00pm-7:59pm,20,20,1,This Section IS ON the NHS,2,Urban,1,Interstate,1,State Highway Agency,1,Interstate,I-95,,387,387,41.23627222,41.23627222,-73.049225000,-73.04922500,0,No Special Jurisdiction,12,Motor Vehicle In-Transport,7,Sideswipe - Same Direction,0,No,1,Non-Junction,1,Not an Intersection,0,None,,,1,On Roadway,3,Dark - Lighted,,,,,1,Clear,0,No,0000000,Not Applicable,19,7:00pm-7:59pm,20,20,19,7:00pm-7:59pm,29,29,88,"Not Applicable (Not Transported) ",88,Not Applicable (Not Transported),,,,,,,1,
2023,9,90185,Connecticut,2,2,0,3,3,2,2,9,NEW HAVEN (9),810,WATERBURY,16,16,3,March,2023,5,Thursday,21,9:00pm-9:59pm,17,17,0,This Section IS NOT on the NHS,2,Urban,4,Minor Arterial,3,Town or Township Highway Agency,5,Township,TS-WOLCOTT ST,,12,12,41.55896389,41.55896389,-73.012383330,-73.01238333,0,No Special Jurisdiction,8,Pedestrian,0,The First Harmful Event was Not a Collision with a Motor Vehicle in Transport,0,No,1,Non-Junction,1,Not an Intersection,0,None,,,1,On Roadway,3,Dark - Lighted,,,,,1,Clear,0,No,0000000,Not Applicable,21,9:00pm-9:59pm,17,17,21,9:00pm-9:59pm,26,26,21,9:00pm-9:59pm,34,34,,,,,,,1,
2023,9,90186,Connecticut,1,1,0,0,0,1,1,9,NEW HAVEN (9),810,WATERBURY,29,29,7,July,2023,7,Saturday,20,8:00pm-8:59pm,13,13,0,This Section IS NOT on the NHS,2,Urban,4,Minor Arterial,1,State Highway Agency,3,State Highway,SR-847  THOMASTON AVE,,54,54,41.57829722,41.57829722,-73.049958330,-73.04995833,0,No Special Jurisdiction,33,Curb,0,The First Harmful Event was Not a Collision with a Motor Vehicle in Transport,0,No,1,Non-Junction,1,Not an Intersection,0,None,,,4,On Roadside,5,Dusk,,,,,2,Rain,0,No,0000000,Not Applicable,20,8:00pm-8:59pm,16,16,20,8:00pm-8:59pm,21,21,88,"Not Applicable (Not Transported) ",88,Not Applicable (Not Transported),,,,,,,1,
2023,9,90187,Connecticut,1,1,0,1,1,2,2,11,NEW LONDON (11),632,SALEM,29,29,10,October,2023,1,Sunday,18,6:00pm-6:59pm,56,56,0,This Section IS NOT on the NHS,1,Rural,5,Major Collector,1,State Highway Agency,3,State Highway,SR-354,,58,58,41.51015833,41.51015833,-72.248427780,-72.24842778,0,No Special Jurisdiction,8,Pedestrian,0,The First Harmful Event was Not a Collision with a Motor Vehicle in Transport,0,No,1,Non-Junction,1,Not an Intersection,0,None,,,1,On Roadway,2,Dark - Not Lighted,,,,,2,Rain,0,No,0000000,Not Applicable,18,6:00pm-6:59pm,56,56,18,6:00pm-6:59pm,56,56,99,Unknown,99,Unknown EMS Hospital Arrival Time,,,,,,,1,
2023,9,90188,Connecticut,2,2,0,0,0,2,2,13,TOLLAND (13),691,STAFFORD,22,22,10,October,2023,1,Sunday,11,11:00am-11:59am,52,52,0,This Section IS NOT on the NHS,2,Urban,5,Major Collector,1,State Highway Agency,3,State Highway,SR-190,,212,212,41.95181389,41.95181389,-72.269872220,-72.26987222,0,No Special Jurisdiction,5,Fell/Jumped from Vehicle,0,The First Harmful Event was Not a Collision with a Motor Vehicle in Transport,0,No,1,Non-Junction,1,Not an Intersection,0,None,,,1,On Roadway,1,Daylight,,,,,10,Cloudy,0,No,0000000,Not Applicable,11,11:00am-11:59am,52,52,11,11:00am-11:59am,59,59,88,"Not Applicable (Not Transported) ",88,Not Applicable (Not Transported),,,,,,,1,