caseyear,state,st_case,statename,ve_total,ve_forms,pvh_invl,peds,pernotmvit,permvit,persons,county,countyname,city,cityname,day,dayname,month,monthname,year,day_week,day_weekname,hour,hourname,minute,minutename,nhs,nhsname,rur_urb,rur_urbname,func_sys,func_sysname,rd_owner,rd_ownername,route,routename,tway_id,tway_id2,milept,mileptname,latitude,latitudename,longitud,longitudname,sp_jur,sp_jurname,harm_ev,harm_evname,man_coll,man_collname,reljct1,reljct1name,reljct2,reljct2name,typ_int,typ_intname,wrk_zone,wrk_zonename,road_fnc,road_fncname,rel_road,rel_roadname,lgt_cond,lgt_condname,weather1,weather1name,weather2,weather2name,weather,weathername,sch_bus,sch_busname,rail,railname,not_hour,not_hourname,not_min,not_minname,arr_hour,arr_hourname,arr_min,arr_minname,hosp_hr,hosp_hrname,hosp_mn,hosp_mnname,cf1,cf1name,cf2,cf2name,cf3,cf3name,fatals,drunk_dr
2023,9,90189,Connecticut,2,2,0,0,0,3,3,1,FAIRFIELD (1),510,NORWALK,28,28,10,October,2023,7,Saturday,18,6:00pm-6:59pm,6,6,0,This Section IS NOT on the NHS,2,Urban,4,Minor Arterial,3,Town or Township Highway Agency,5,Township,TS-BAYNE ST,EAST ROCKS RD,3,3,41.15637500,41.15637500,-73.414038890,-73.41403889,0,No Special Jurisdiction,12,Motor Vehicle In-Transport,1,Front-to-Rear,0,No,3,Intersection-Related,3,T-Intersection,0,None,,,1,On Roadway,5,Dusk,,,,,10,Cloudy,0,No,0000000,Not Applicable,18,6:00pm-6:59pm,6,6,99,Unknown EMS Scene Arrival Hour,99,Unknown EMS Scene Arrival Minutes,99,Unknown,99,Unknown EMS Hospital Arrival Time,,,,,,,1,
2023,9,90190,Connecticut,1,1,0,0,0,1,1,9,NEW HAVEN (9),370,MERIDEN,4,4,11,November,2023,7,Saturday,14,2:00pm-2:59pm,49,49,1,This Section IS ON the NHS,2,Urban,2,Other Freeways and Expressways,1,State Highway Agency,3,State Highway,SR-66-E-2,,0,None,41.53465000,41.53465000,-72.756758330,-72.75675833,0,No Special Jurisdiction,57,Cable Barrier,0,The First Harmful Event was Not a Collision with a Motor Vehicle in Transport,1,Yes,5,Entrance/Exit Ramp Related,1,Not an Intersection,0,None,,,4,On Roadside,1,Daylight,,,,,1,Clear,0,No,0000000,Not Applicable,14,2:00pm-2:59pm,49,49,14,2:00pm-2:59pm,52,52,88,"Not Applicable (Not Transported) ",88,Not Applicable (Not Transported),,,,,,,1,
2023,9,90191,Connecticut,1,1,0,0,0,1,1,5,LITCHFIELD (5),450,NEW MILFORD,2,2,7,July,2023,1,Sunday,0,0:00am-0:59am,29,29,0,This Section IS NOT on the NHS,2,Urban,4,Minor Arterial,3,Town or Township Highway Agency,5,Township,TS-SECOND HILL RD,,2,2,41.58102500,41.58102500,-73.370980560,-73.37098056,0,No Special Jurisdiction,33,Curb,0,The First Harmful Event was Not a Collision with a Motor Vehicle in Transport,0,No,1,Non-Junction,1,Not an Intersection,0,None,,,4,On Roadside,2,Dark - Not Lighted,,,,,10,Cloudy,0,No,0000000,Not Applicable,0,0:00am-0:59am,34,34,0,0:00am-0:59am,44,44,88,"Not Applicable (Not Transported) ",88,Not Applicable (Not Transported),,,,,,,1,
2023,9,90192,Connecticut,1,1,0,0,0,1,1,11,NEW LONDON (11),440,NEW LONDON,4,4,10,October,2023,4,Wednesday,22,10:00pm-10:59pm,36,36,1,This Section IS ON the NHS,2,Urban,3,Other Principal Arterial,1,State Highway Agency,2,U.S. Highway,US-1,,995,995,41.35759167,41.35759167,-72.113952780,-72.11395278,0,No Special Jurisdiction,33,Curb,0,The First Harmful Event was Not a Collision with a Motor Vehicle in Transport,0,No,1,Non-Junction,1,Not an Intersection,0,None,,,4,On Roadside,3,Dark - Lighted,,,,,1,Clear,0,No,0000000,Not Applicable,22,10:00pm-10:59pm,36,36,22,10:00pm-10:59pm,43,43,22,10:00pm-10:59pm,55,55,,,,,,,1,
2023,9,90193,Connecticut,1,1,0,0,0,2,2,9,NEW HAVEN (9),110,CHESHIRE,11,11,11,November,2023,7,Saturday,4,4:00am-4:59am,1,1,0,This Section IS NOT on the NHS,2,Urban,7,Local,3,Town or Township Highway Agency,6,Municipal,MU-PLANK RD NO 2,,8,8,41.53313333,41.53313333,-72.965186110,-72.96518611,0,No Special Jurisdiction,42,Tree (Standing Only),0,The First Harmful Event was Not a Collision with a Motor Vehicle in Transport,0,No,1,Non-Junction,1,Not an Intersection,0,None,,,4,On Roadside,2,Dark - Not Lighted,,,,,1,Clear,0,No,0000000,Not Applicable,4,4:00am-4:59am,7,7,4,4:00am-4:59am,17,17,99,Unknown,99,Unknown EMS Hospital Arrival Time,,,,,,,1,
2023,9,90194,Connecticut,1,1,0,0,0,1,1,7,MIDDLESEX (7),295,HIGGANUM,18,18,10,October,2023,4,Wednesday,16,4:00pm-4:59pm,43,43,1,This Section IS ON the NHS,1,Rural,2,Other Freeways and Expressways,1,State Highway Agency,3,State Highway,SR-9  CHESTER BOWLES HWY,,165,165,41.48158889,41.48158889,-72.561041670,-72.56104167,0,No Special Jurisdiction,57,Cable Barrier,0,The First Harmful Event was Not a Collision with a Motor Vehicle in Transport,0,No,1,Non-Junction,1,Not an Intersection,0,None,,,4,On Roadside,1,Daylight,,,,,1,Clear,0,No,0000000,Not Applicable,16,4:00pm-4:59pm,45,45,16,4:00pm-4:59pm,55,55,88,"Not Applicable (Not Transported) ",88,Not Applicable (Not Transported),,,,,,,1,
2023,9,90195,Connecticut,2,2,0,0,0,3,3,3,HARTFORD (3),280,HARTFORD,1,1,7,July,2023,7,Saturday,23,11:00pm-11:59pm,4,4,0,This Section IS NOT on the NHS,2,Urban,4,Minor Arterial,3,Town or Township Highway Agency,5,Township,TS-ZION ST NO 1,,3,3,41.75321667,41.75321667,-72.693405560,-72.69340556,0,No Special Jurisdiction,12,Motor Vehicle In-Transport,6,Angle,0,No,1,Non-Junction,1,Not an Intersection,0,None,,,1,On Roadway,3,Dark - Lighted,,,,,1,Clear,0,No,0000000,Not Applicable,23,11:00pm-11:59pm,7,7,23,11:00pm-11:59pm,9,9,23,11:00pm-11:59pm,26,26,,,,,,,1,
2023,9,90196,Connecticut,1,1,0,0,0,1,1,9,NEW HAVEN (9),854,WOODBRIDGE,25,25,11,November,2023,7,Saturday,0,0:00am-0:59am,10,10,0,This Section IS NOT on the NHS,2,Urban,4,Minor Arterial,3,Town or Township Highway Agency,5,Township,TS-FAIRGROUNDS RD,N PEASE RD,3,3,41.36363333,41.36363333,-72.997580560,-72.99758056,0,No Special Jurisdiction,35,Embankment,0,The First Harmful Event was Not a Collision with a Motor Vehicle in Transport,0,No,3,Intersection-Related,2,Four-Way Intersection,0,None,,,4,On Roadside,2,Dark - Not Lighted,,,,,1,Clear,0,No,0000000,Not Applicable,11,11:00am-11:59am,30,30,11,11:00am-11:59am,32,32,88,"Not Applicable (Not Transported) ",88,Not Applicable (Not Transported),,,,,,,1,
2023,9,90197,Connecticut,2,2,0,0,0,2,2,9,NEW HAVEN (9),267,HAMDEN,7,7,5,May,2023,1,Sunday,16,4:00pm-4:59pm,26,26,0,This Section IS NOT on the NHS,2,Urban,4,Minor Arterial,3,Town or Township Highway Agency,5,Township,TS-BENHAM ST,TS-PARADISE AVE NO 5,10,10,41.36701111,41.36701111,-72.941911110,-72.94191111,0,No Special Jurisdiction,12,Motor Vehicle In-Transport,1,Front-to-Rear,0,No,3,Intersection-Related,3,T-Intersection,0,None,,,1,On Roadway,1,Daylight,,,,,1,Clear,0,No,0000000,Not Applicable,16,4:00pm-4:59pm,26,26,99,Unknown EMS Scene Arrival Hour,99,Unknown EMS Scene Arrival Minutes,99,Unknown,99,Unknown EMS Hospital Arrival Time,,,,,,,1,
2023,9,90198,Connecticut,1,1,0,0,0,1,1,9,NEW HAVEN (9),222,EAST HAVEN,27,27,5,May,2023,7,Saturday,1,1:00am-1:59am,33,33,0,This Section IS NOT on the NHS,2,Urban,4,Minor Arterial,1,State Highway Agency,3,State Highway,SR-80,,29,29,41.32465278,41.32465278,-72.827316670,-72.82731667,0,No Special Jurisdiction,33,Curb,0,The First Harmful Event was Not a Collision with a Motor Vehicle in Transport,0,No,1,Non-Junction,1,Not an Intersection,0,None,,,4,On Roadside,3,Dark - Lighted,,,,,1,Clear,0,No,0000000,Not Applicable,1,1:00am-1:59am,33,33,99,Unknown EMS Scene Arrival Hour,99,Unknown EMS Scene Arrival Minutes,99,Unknown,99,Unknown EMS Hospital Arrival Time,,,,,,,1,
2023,9,90199,Connecticut,2,2,0,0,0,2,2,7,MIDDLESEX (7),380,MIDDLETOWN,4,4,6,June,2023,1,Sunday,17,5:00pm-5:59pm,49,49,1,This Section IS ON the NHS,2,Urban,3,Other Principal Arterial,1,State Highway Agency,3,State Highway,SR-17,,231,231,41.56664167,41.56664167,-72.651597220,-72.65159722,0,No Special Jurisdiction,12,Motor Vehicle In-Transport,8,Sideswipe - Opposite Direction,0,No,1,Non-Junction,1,Not an Intersection,0,None,,,1,On Roadway,1,Daylight,,,,,10,Cloudy,0,No,0000000,Not Applicable,17,5:00pm-5:59pm,49,49,17,5:00pm-5:59pm,55,55,99,Unknown,99,Unknown EMS Hospital Arrival Time,,,,,,,1,
2023,9,90200,Connecticut,1,1,0,0,0,1,1,1,FAIRFIELD (1),605,WEST REDDING,15,15,7,July,2023,7,Saturday,14,2:00pm-2:59pm,17,17,0,This Section IS NOT on the NHS,1,Rural,6,Minor Collector,3,Town or Township Highway Agency,6,Municipal,MU-CROSS HWY,,9,9,41.30792500,41.30792500,-73.369255560,-73.36925556,0,No Special Jurisdiction,53,Mail Box,0,The First Harmful Event was Not a Collision with a Motor Vehicle in Transport,0,No,1,Non-Junction,1,Not an Intersection,0,None,,,4,On Roadside,1,Daylight,,,,,1,Clear,0,No,0000000,Not Applicable,14,2:00pm-2:59pm,17,17,14,2:00pm-2:59pm,24,24,14,2:00pm-2:59pm,50,50,,,,,,,1,
2023,9,90201,Connecticut,1,1,0,0,0,1,1,7,MIDDLESEX (7),580,PORTLAND,8,8,9,September,2023,6,Friday,11,11:00am-11:59am,10,10,0,This Section IS NOT on the NHS,2,Urban,4,Minor Arterial,3,Town or Township Highway Agency,5,Township,TS-BARTLETT ST,,12,12,41.58892778,41.58892778,-72.602858330,-72.60285833,0,No Special Jurisdiction,1,Rollover/Overturn,0,The First Harmful Event was Not a Collision with a Motor Vehicle in Transport,0,No,1,Non-Junction,1,Not an Intersection,0,None,,,1,On Roadway,1,Daylight,,,,,1,Clear,0,No,0000000,Not Applicable,11,11:00am-11:59am,10,10,99,Unknown EMS Scene Arrival Hour,99,Unknown EMS Scene Arrival Minutes,99,Unknown,99,Unknown EMS Hospital Arrival Time,,,,,,,1,
2023,9,90202,Connecticut,1,1,0,0,0,1,1,13,TOLLAND (13),293,HEBRON,26,26,11,November,2023,1,Sunday,2,2:00am-2:59am,8,8,0,This Section IS NOT on the NHS,1,Rural,4,Minor Arterial,1,State Highway Agency,3,State Highway,SR-85,,271,271,41.67253889,41.67253889,-72.386750000,-72.38675000,0,No Special Jurisdiction,33,Curb,0,The First Harmful Event was Not a Collision with a Motor Vehicle in Transport,0,No,1,Non-Junction,1,Not an Intersection,0,None,,,4,On Roadside,2,Dark - Not Lighted,,,,,1,Clear,0,No,0000000,Not Applicable,2,2:00am-2:59am,8,8,2,2:00am-2:59am,19,19,88,"Not Applicable (Not Transported) ",88,Not Applicable (Not Transported),,,,,,,1,
2023,9,90203,Connecticut,1,1,0,0,0,1,1,5,LITCHFIELD (5),100,CANAAN,14,14,6,June,2023,4,Wednesday,16,4:00pm-4:59pm,46,46,0,This Section IS NOT on the NHS,1,Rural,4,Minor Arterial,1,State Highway Agency,2,U.S. Highway,US-7,,729,729,41.97734444,41.97734444,-73.332144440,-73.33214444,0,No Special Jurisdiction,30,Utility Pole/Light Support,0,The First Harmful Event was Not a Collision with a Motor Vehicle in Transport,0,No,1,Non-Junction,1,Not an Intersection,0,None,,,4,On Roadside,1,Daylight,,,,,10,Cloudy,0,No,0000000,Not Applicable,16,4:00pm-4:59pm,45,45,16,4:00pm-4:59pm,50,50,18,6:00pm-6:59pm,27,27,,,,,,,1,
2023,9,90204,Connecticut,1,1,0,0,0,1,1,1,FAIRFIELD (1),715,STRATFORD,10,10,7,July,2023,2,Monday,17,5:00pm-5:59pm,7,7,0,This Section IS NOT on the NHS,2,Urban,7,Local,3,Town or Township Highway Agency,6,Municipal,MU-WOODEND RD,,6,6,41.17134444,41.17134444,-73.136391670,-73.13639167,0,No Special Jurisdiction,33,Curb,0,The First Harmful Event was Not a Collision with a Motor Vehicle in Transport,0,No,1,Non-Junction,1,Not an Intersection,0,None,,,4,On Roadside,1,Daylight,,,,,1,Clear,0,No,0000000,Not Applicable,17,5:00pm-5:59pm,7,7,99,Unknown EMS Scene Arrival Hour,99,Unknown EMS Scene Arrival Minutes,99,Unknown,99,Unknown EMS Hospital Arrival Time,,,,,,,1,
2023,9,90205,Connecticut,2,2,0,0,0,3,3,3,HARTFORD (3),46,BERLIN,15,15,7,July,2023,7,Saturday,22,10:00pm-10:59pm,47,47,1,This Section IS ON the NHS,2,Urban,3,Other Principal Arterial,1,State Highway Agency,3,State Highway,SR-15,15-S-177,714,714,41.62251389,41.62251389,-72.741713890,-72.74171389,0,No Special Jurisdiction,12,Motor Vehicle In-Transport,6,Angle,1,Yes,2,Intersection,2,Four-Way Intersection,0,None,,,1,On Roadway,3,Dark - Lighted,,,,,1,Clear,0,No,0000000,Not Applicable,22,10:00pm-10:59pm,47,47,99,Unknown EMS Scene Arrival Hour,99,Unknown EMS Scene Arrival Minutes,99,Unknown,99,Unknown EMS Hospital Arrival Time,,,,,,,1,
2023,9,90206,Connecticut,2,2,0,0,0,3,3,1,FAIRFIELD (1),256,GREENWICH,28,28,7,July,2023,6,Friday,23,11:00pm-11:59pm,51,51,1,This Section IS ON the NHS,2,Urban,1,Interstate,1,State Highway Agency,1,Interstate,I-95,,52,52,41.03933611,41.03933611,-73.585197220,-73.58519722,0,No Special Jurisdiction,12,Motor Vehicle In-Transport,6,Angle,1,Yes,18,Through Roadway,1,Not an Intersection,0,None,,,1,On Roadway,3,Dark - Lighted,,,,,1,Clear,0,No,0000000,Not Applicable,23,11:00pm-11:59pm,56,56,23,11:00pm-11:59pm,59,59,0,0:00am-0:59am,22,22,,,,,,,1,
2023,9,90207,Connecticut,1,1,0,0,0,3,3,9,NEW HAVEN (9),502,NORTH HAVEN,8,8,7,July,2023,7,Saturday,16,4:00pm-4:59pm,44,44,1,This Section IS ON the NHS,2,Urban,2,Other Freeways and Expressways,1,State Highway Agency,3,State Highway,SR-15,,543,543,41.40342222,41.40342222,-72.863669440,-72.86366944,0,No Special Jurisdiction,57,Cable Barrier,0,The First Harmful Event was Not a Collision with a Motor Vehicle in Transport,0,No,1,Non-Junction,1,Not an Intersection,0,None,,,4,On Roadside,1,Daylight,,,,,1,Clear,0,No,0000000,Not Applicable,16,4:00pm-4:59pm,44,44,17,5:00pm-5:59pm,2,2,99,Unknown,99,Unknown EMS Hospital Arrival Time,,,,,,,1,
2023,9,90208,Connecticut,1,1,0,1,1,1,1,9,NEW HAVEN (9),430,NEW HAVEN,20,20,7,July,2023,5,Thursday,12,12:00pm-12:59pm,18,18,0,This Section IS NOT on the NHS,2,Urban,4,Minor Arterial,3,Town or Township Highway Agency,5,Township,TS-BREWERY ST,SARGENT DR,1,1,41.29885000,41.29885000,-72.919052780,-72.91905278,0,No Special Jurisdiction,8,Pedestrian,0,The First Harmful Event was Not a Collision with a Motor Vehicle in Transport,0,No,3,Intersection-Related,3,T-Intersection,0,None,,,1,On Roadway,1,Daylight,,,,,1,Clear,0,No,0000000,Not Applicable,99,Unknown,99,Unknown,99,Unknown EMS Scene Arrival Hour,99,Unknown EMS Scene Arrival Minutes,99,Unknown,99,Unknown EMS Hospital Arrival Time,,,,,,,1,
2023,9,90209,Connecticut,2,2,0,0,0,2,2,3,HARTFORD (3),224,EAST WINDSOR (HISTORICAL),18,18,11,November,2023,7,Saturday,17,5:00pm-5:59pm,21,21,1,This Section IS ON the NHS,2,Urban,3,Other Principal Arterial,1,State Highway Agency,2,U.S. Highway,US-5,,449,449,41.89141944,41.89141944,-72.608169440,-72.60816944,0,No Special Jurisdiction,12,Motor Vehicle In-Transport,6,Angle,0,No,8,Driveway Access Related,1,Not an Intersection,0,None,,,1,On Roadway,3,Dark - Lighted,,,,,1,Clear,0,No,0000000,Not Applicable,17,5:00pm-5:59pm,21,21,99,Unknown EMS Scene Arrival Hour,99,Unknown EMS Scene Arrival Minutes,99,Unknown,99,Unknown EMS Hospital Arrival Time,,,,,,,1,
2023,9,90210,Connecticut,1,1,0,1,1,1,1,15,WINDHAM (15),843,WINDHAM,1,1,8,August,2023,3,Tuesday,10,10:00am-10:59am,58,58,1,This Section IS ON the NHS,2,Urban,3,Other Principal Arterial,1,State Highway Agency,3,State Highway,SR-32,CANTOR DR,308,308,41.72455556,41.72455556,-72.240677780,-72.24067778,0,No Special Jurisdiction,15,Non-Motorist on Personal Conveyance,0,The First Harmful Event was Not a Collision with a Motor Vehicle in Transport,0,No,3,Intersection-Related,3,T-Intersection,0,None,,,1,On Roadway,1,Daylight,,,,,1,Clear,0,No,0000000,Not Applicable,10,10:00am-10:59am,58,58,99,Unknown EMS Scene Arrival Hour,99,Unknown EMS Scene Arrival Minutes,99,Unknown,99,Unknown EMS Hospital Arrival Time,,,,,,,1,
2023,9,90211,Connecticut,2,2,0,0,0,2,2,1,FAIRFIELD (1),80,BRIDGEPORT,8,8,8,August,2023,3,Tuesday,19,7:00pm-7:59pm,5,5,0,This Section IS NOT on the NHS,2,Urban,7,Local,3,Town or Township Highway Agency,6,Municipal,MU-PEARL HARBOR ST NO 1,,4,4,41.20098889,41.20098889,-73.161216670,-73.16121667,0,No Special Jurisdiction,12,Motor Vehicle In-Transport,6,Angle,0,No,8,Driveway Access Related,1,Not an Intersection,0,None,,,1,On Roadway,1,Daylight,,,,,10,Cloudy,0,No,0000000,Not Applicable,19,7:00pm-7:59pm,5,5,99,Unknown EMS Scene Arrival Hour,99,Unknown EMS Scene Arrival Minutes,99,Unknown,99,Unknown EMS Hospital Arrival Time,,,,,,,1,
2023,9,90212,Connecticut,1,1,0,1,1,1,1,9,NEW HAVEN (9),430,NEW HAVEN,22,22,8,August,2023,3,Tuesday,10,10:00am-10:59am,57,57,1,This Section IS ON the NHS,2,Urban,3,Other Principal Arterial,1,State Highway Agency,3,State Highway,SR-69,15-N-114,2,2,41.33795833,41.33795833,-72.976561110,-72.97656111,0,No Special Jurisdiction,8,Pedestrian,0,The First Harmful Event was Not a Collision with a Motor Vehicle in Transport,1,Yes,3,Intersection-Related,3,T-Intersection,0,None,,,1,On Roadway,1,Daylight,,,,,1,Clear,0,No,0000000,Not Applicable,10,10:00am-10:59am,57,57,99,Unknown EMS Scene Arrival Hour,99,Unknown EMS Scene Arrival Minutes,99,Unknown,99,Unknown EMS Hospital Arrival Time,,,,,,,1,
2023,9,90213,Connecticut,1,1,0,0,0,1,1,3,HARTFORD (3),282,HARTLAND,27,27,8,August,2023,1,Sunday,6,6:00am-6:59am,28,28,0,This Section IS NOT on the NHS,1,Rural,5,Major Collector,1,State Highway Agency,3,State Highway,SR-819,,20,20,42.02161111,42.02161111,-72.889175000,-72.88917500,0,No Special Jurisdiction,57,Cable Barrier,0,The First Harmful Event was Not a Collision with a Motor Vehicle in Transport,0,No,1,Non-Junction,1,Not an Intersection,0,None,,,4,On Roadside,4,Dawn,,,,,1,Clear,0,No,0000000,Not Applicable,88,Not Applicable (Not Notified),88,Not Applicable (Not Notified),88,Not Applicable,88,Not Applicable,88,"Not Applicable (Not Transported) ",88,Not Applicable (Not Transported),,,,,,,1,
2023,9,90214,Connecticut,1,1,0,0,0,5,5,3,HARTFORD (3),90,BRISTOL,23,23,11,November,2023,5,Thursday,19,7:00pm-7:59pm,13,13,0,This Section IS NOT on the NHS,2,Urban,4,Minor Arterial,3,Town or Township Highway Agency,5,Township,TS-STEVENS ST,,16,16,41.71729167,41.71729167,-72.897133330,-72.89713333,0,No Special Jurisdiction,59,"Traffic Sign Support ",0,The First Harmful Event was Not a Collision with a Motor Vehicle in Transport,0,No,1,Non-Junction,1,Not an Intersection,0,None,,,4,On Roadside,3,Dark - Lighted,,,,,1,Clear,0,No,0000000,Not Applicable,19,7:00pm-7:59pm,18,18,19,7:00pm-7:59pm,27,27,99,Unknown,99,Unknown EMS Hospital Arrival Time,,,,,,,2,
2023,9,90215,Connecticut,1,1,0,1,1,1,1,9,NEW HAVEN (9),430,NEW HAVEN,18,18,10,October,2023,4,Wednesday,23,11:00pm-11:59pm,8,8,1,This Section IS ON the NHS,2,Urban,3,Other Principal Arterial,1,State Highway Agency,3,State Highway,SR-69,SR-63,0,None,41.33480556,41.33480556,-72.976844440,-72.97684444,0,No Special Jurisdiction,15,Non-Motorist on Personal Conveyance,0,The First Harmful Event was Not a Collision with a Motor Vehicle in Transport,0,No,2,Intersection,7,"Five Point, or More",0,None,,,1,On Roadway,3,Dark - Lighted,,,,,1,Clear,0,No,0000000,Not Applicable,23,11:00pm-11:59pm,8,8,99,Unknown EMS Scene Arrival Hour,99,Unknown EMS Scene Arrival Minutes,99,Unknown,99,Unknown EMS Hospital Arrival Time,,,,,,,1,
2023,9,90216,Connecticut,2,2,0,0,0,1,1,3,HARTFORD (3),686,SOUTH WINDSOR,20,20,9,September,2023,4,Wednesday,13,1:00pm-1:59pm,58,58,0,This Section IS NOT on the NHS,2,Urban,5,Major Collector,3,Town or Township Highway Agency,5,Township,TS-SAND HILL RD,,1,1,41.83675000,41.83675000,-72.554855560,-72.55485556,0,No Special Jurisdiction,12,Motor Vehicle In-Transport,1,Front-to-Rear,0,No,1,Non-Junction,1,Not an Intersection,0,None,,,1,On Roadway,1,Daylight,,,,,1,Clear,0,No,0000000,Not Applicable,13,1:00pm-1:59pm,58,58,99,Unknown EMS Scene Arrival Hour,99,Unknown EMS Scene Arrival Minutes,99,Unknown,99,Unknown EMS Hospital Arrival Time,,,,,,,1,
2023,9,90217,Connecticut,5,5,0,0,0,7,7,3,HARTFORD (3),630,ROCKY HILL,5,5,10,October,2023,5,Thursday,16,4:00pm-4:59pm,38,38,0,This Section IS NOT on the NHS,2,Urban,4,Minor Arterial,1,State Highway Agency,3,State Highway,SR-3 CROMWELL AVE,SR-411 WEST ST,66,66,41.64913611,41.64913611,-72.678597220,-72.67859722,0,No Special Jurisdiction,12,Motor Vehicle In-Transport,1,Front-to-Rear,0,No,3,Intersection-Related,2,Four-Way Intersection,0,None,,,1,On Roadway,1,Daylight,,,,,1,Clear,0,No,0000000,Not Applicable,16,4:00pm-4:59pm,38,38,99,Unknown EMS Scene Arrival Hour,99,Unknown EMS Scene Arrival Minutes,99,Unknown,99,Unknown EMS Hospital Arrival Time,,,,,,,1,
2023,9,90218,Connecticut,1,1,0,0,0,1,1,5,LITCHFIELD (5),572,PLYMOUTH,1,1,10,October,2023,1,Sunday,20,8:00pm-8:59pm,54,54,1,This Section IS ON the NHS,2,Urban,3,Other Principal Arterial,1,State Highway Agency,3,State Highway,SR-72,,139,139,41.69099167,41.69099167,-73.004516670,-73.00451667,0,No Special Jurisdiction,1,Rollover/Overturn,0,The First Harmful Event was Not a Collision with a Motor Vehicle in Transport,0,No,1,Non-Junction,1,Not an Intersection,0,None,,,1,On Roadway,2,Dark - Not Lighted,,,,,1,Clear,0,No,0000000,Not Applicable,20,8:00pm-8:59pm,54,54,20,8:00pm-8:59pm,59,59,21,9:00pm-9:59pm,22,22,,,,,,,1,
2023,9,90219,Connecticut,1,1,0,0,0,2,2,7,MIDDLESEX (7),380,MIDDLETOWN,27,27,10,October,2023,6,Friday,17,5:00pm-5:59pm,19,19,0,This Section IS NOT on the NHS,2,Urban,7,Local,3,Town or Township Highway Agency,6,Municipal,MU-TUTTLE RD,,2,2,41.59396389,41.59396389,-72.680777780,-72.68077778,0,No Special Jurisdiction,30,Utility Pole/Light Support,0,The First Harmful Event was Not a Collision with a Motor Vehicle in Transport,0,No,1,Non-Junction,1,Not an Intersection,0,None,,,4,On Roadside,1,Daylight,,,,,1,Clear,0,No,0000000,Not Applicable,17,5:00pm-5:59pm,22,22,99,Unknown EMS Scene Arrival Hour,99,Unknown EMS Scene Arrival Minutes,99,Unknown,99,Unknown EMS Hospital Arrival Time,,,,,,,1,
2023,9,90220,Connecticut,2,2,0,0,0,3,3,11,NEW LONDON (11),584,PRESTON,10,10,12,December,2023,1,Sunday,17,5:00pm-5:59pm,8,8,0,This Section IS NOT on the NHS,1,Rural,5,Major Collector,1,State Highway Agency,3,State Highway,SR-164,,48,48,41.55386389,41.55386389,-71.970391670,-71.97039167,0,No Special Jurisdiction,12,Motor Vehicle In-Transport,6,Angle,0,No,1,Non-Junction,1,Not an Intersection,0,None,,,1,On Roadway,2,Dark - Not Lighted,,,,,2,Rain,0,No,0000000,Not Applicable,17,5:00pm-5:59pm,8,8,99,Unknown EMS Scene Arrival Hour,99,Unknown EMS Scene Arrival Minutes,99,Unknown,99,Unknown EMS Hospital Arrival Time,,,,,,,1,
2023,9,90221,Connecticut,1,1,0,0,0,1,1,1,FAIRFIELD (1),426,NEW FAIRFIELD,7,7,12,December,2023,5,Thursday,13,1:00pm-1:59pm,56,56,0,This Section IS NOT on the NHS,2,Urban,4,Minor Arterial,1,State Highway Agency,3,State Highway,SR-37,,44,44,41.45789444,41.45789444,-73.478277780,-73.47827778,0,No Special Jurisdiction,42,Tree (Standing Only),0,The First Harmful Event was Not a Collision with a Motor Vehicle in Transport,0,No,1,Non-Junction,1,Not an Intersection,0,None,,,4,On Roadside,1,Daylight,,,,,10,Cloudy,0,No,0000000,Not Applicable,13,1:00pm-1:59pm,55,55,14,2:00pm-2:59pm,0,0,99,Unknown,99,Unknown EMS Hospital Arrival Time,,,,,,,1,
2023,9,90222,Connecticut,1,1,0,0,0,1,1,9,NEW HAVEN (9),810,WATERBURY,2,2,9,September,2023,7,Saturday,5,5:00am-5:59am,36,36,0,This Section IS NOT on the NHS,2,Urban,4,Minor Arterial,3,Town or Township Highway Agency,5,Township,TS-COOKE ST,PERKINS AV,20,20,41.58593889,41.58593889,-73.042038890,-73.04203889,0,No Special Jurisdiction,39,Wall,0,The First Harmful Event was Not a Collision with a Motor Vehicle in Transport,0,No,3,Intersection-Related,3,T-Intersection,0,None,,,4,On Roadside,4,Dawn,,,,,1,Clear,0,No,0000000,Not Applicable,5,5:00am-5:59am,39,39,5,5:00am-5:59am,43,43,88,"Not Applicable (Not Transported) ",88,Not Applicable (Not Transported),,,,,,,1,
2023,9,90223,Connecticut,2,2,0,0,0,2,2,3,HARTFORD (3),838,WETHERSFIELD,25,25,11,November,2023,7,Saturday,2,2:00am-2:59am,41,41,0,This Section IS NOT on the NHS,2,Urban,4,Minor Arterial,1,State Highway Agency,3,State Highway,SR-99 SILAS DEANE HWY,,80,80,41.69163889,41.69163889,-72.656175000,-72.65617500,0,No Special Jurisdiction,12,Motor Vehicle In-Transport,1,Front-to-Rear,0,No,1,Non-Junction,1,Not an Intersection,0,None,,,1,On Roadway,3,Dark - Lighted,,,,,1,Clear,0,No,0000000,Not Applicable,2,2:00am-2:59am,41,41,99,Unknown EMS Scene Arrival Hour,99,Unknown EMS Scene Arrival Minutes,99,Unknown,99,Unknown EMS Hospital Arrival Time,,,,,,,1,
2023,9,90224,Connecticut,2,2,0,0,0,2,2,1,FAIRFIELD (1),80,BRIDGEPORT,14,14,12,December,2023,5,Thursday,22,10:00pm-10:59pm,27,27,0,This Section IS NOT on the NHS,2,Urban,4,Minor Arterial,3,Town or Township Highway Agency,6,Municipal,MU-HOUSATONIC AV NO 1,WELLS ST,8,8,41.19252500,41.19252500,-73.193183330,-73.19318333,0,No Special Jurisdiction,12,Motor Vehicle In-Transport,6,Angle,0,No,2,Intersection,3,T-Intersection,0,None,,,1,On Roadway,3,Dark - Lighted,,,,,1,Clear,0,No,0000000,Not Applicable,22,10:00pm-10:59pm,27,27,99,Unknown EMS Scene Arrival Hour,99,Unknown EMS Scene Arrival Minutes,99,Unknown,99,Unknown EMS Hospital Arrival Time,,,,,,,1,