caseyear,state,st_case,statename,ve_total,ve_forms,pvh_invl,peds,pernotmvit,permvit,persons,county,countyname,city,cityname,day,dayname,month,monthname,year,day_week,day_weekname,hour,hourname,minute,minutename,nhs,nhsname,rur_urb,rur_urbname,func_sys,func_sysname,rd_owner,rd_ownername,route,routename,tway_id,tway_id2,milept,mileptname,latitude,latitudename,longitud,longitudname,sp_jur,sp_jurname,harm_ev,harm_evname,man_coll,man_collname,reljct1,reljct1name,reljct2,reljct2name,typ_int,typ_intname,wrk_zone,wrk_zonename,road_fnc,road_fncname,rel_road,rel_roadname,lgt_cond,lgt_condname,weather1,weather1name,weather2,weather2name,weather,weathername,sch_bus,sch_busname,rail,railname,not_hour,not_hourname,not_min,not_minname,arr_hour,arr_hourname,arr_min,arr_minname,hosp_hr,hosp_hrname,hosp_mn,hosp_mnname,cf1,cf1name,cf2,cf2name,cf3,cf3name,fatals,drunk_dr
2023,9,90225,Connecticut,1,1,0,0,0,1,1,1,FAIRFIELD (1),650,SHELTON,2,2,12,December,2023,7,Saturday,3,3:00am-3:59am,41,41,1,This Section IS ON the NHS,2,Urban,2,Other Freeways and Expressways,1,State Highway Agency,3,State Highway,SR-8,,120,120,41.31022778,41.31022778,-73.093933330,-73.09393333,0,No Special Jurisdiction,42,Tree (Standing Only),0,The First Harmful Event was Not a Collision with a Motor Vehicle in Transport,0,No,1,Non-Junction,1,Not an Intersection,0,None,,,4,On Roadside,3,Dark - Lighted,,,,,99,Reported as Unknown,0,No,0000000,Not Applicable,3,3:00am-3:59am,41,41,3,3:00am-3:59am,45,45,88,"Not Applicable (Not Transported) ",88,Not Applicable (Not Transported),,,,,,,1,
2023,9,90226,Connecticut,2,2,0,0,0,2,2,3,HARTFORD (3),838,WETHERSFIELD,25,25,11,November,2023,7,Saturday,14,2:00pm-2:59pm,32,32,0,This Section IS NOT on the NHS,2,Urban,4,Minor Arterial,1,State Highway Agency,3,State Highway,SR-99 SILAS DEANE HWY,,76,76,41.68565833,41.68565833,-72.654830560,-72.65483056,0,No Special Jurisdiction,12,Motor Vehicle In-Transport,2,Front-to-Front,0,No,1,Non-Junction,1,Not an Intersection,0,None,,,1,On Roadway,1,Daylight,,,,,1,Clear,0,No,0000000,Not Applicable,14,2:00pm-2:59pm,32,32,99,Unknown EMS Scene Arrival Hour,99,Unknown EMS Scene Arrival Minutes,99,Unknown,99,Unknown EMS Hospital Arrival Time,,,,,,,2,
2023,9,90227,Connecticut,3,3,0,0,0,7,7,9,NEW HAVEN (9),810,WATERBURY,10,10,12,December,2023,1,Sunday,18,6:00pm-6:59pm,21,21,1,This Section IS ON the NHS,2,Urban,1,Interstate,1,State Highway Agency,1,Interstate,I-84,,313,313,41.54761389,41.54761389,-73.068725000,-73.06872500,0,No Special Jurisdiction,12,Motor Vehicle In-Transport,8,Sideswipe - Opposite Direction,0,No,1,Non-Junction,1,Not an Intersection,0,None,,,1,On Roadway,3,Dark - Lighted,,,,,2,Rain,0,No,0000000,Not Applicable,18,6:00pm-6:59pm,31,31,18,6:00pm-6:59pm,39,39,18,6:00pm-6:59pm,53,53,,,,,,,1,
2023,9,90228,Connecticut,1,1,0,0,0,1,1,1,FAIRFIELD (1),841,WILTON,20,20,12,December,2023,4,Wednesday,20,8:00pm-8:59pm,4,4,1,This Section IS ON the NHS,2,Urban,3,Other Principal Arterial,1,State Highway Agency,2,U.S. Highway,US-7,,103,103,41.23612222,41.23612222,-73.430686110,-73.43068611,0,No Special Jurisdiction,33,Curb,0,The First Harmful Event was Not a Collision with a Motor Vehicle in Transport,0,No,1,Non-Junction,1,Not an Intersection,0,None,,,4,On Roadside,2,Dark - Not Lighted,,,,,1,Clear,0,No,0000000,Not Applicable,20,8:00pm-8:59pm,4,4,99,Unknown EMS Scene Arrival Hour,99,Unknown EMS Scene Arrival Minutes,88,"Not Applicable (Not Transported) ",88,Not Applicable (Not Transported),,,,,,,1,
2023,9,90229,Connecticut,1,1,0,0,0,1,1,11,NEW LONDON (11),244,FRANKLIN,22,22,12,December,2023,6,Friday,6,6:00am-6:59am,44,44,0,This Section IS NOT on the NHS,1,Rural,7,Local,3,Town or Township Highway Agency,5,Township,TS-CHAMPION RD,,2,2,41.58875278,41.58875278,-72.154541670,-72.15454167,0,No Special Jurisdiction,43,Other Fixed Object,0,The First Harmful Event was Not a Collision with a Motor Vehicle in Transport,0,No,1,Non-Junction,1,Not an Intersection,0,None,,,1,On Roadway,2,Dark - Not Lighted,,,,,1,Clear,0,No,0000000,Not Applicable,6,6:00am-6:59am,45,45,7,7:00am-7:59am,12,12,7,7:00am-7:59am,41,41,,,,,,,1,
2023,9,90230,Connecticut,1,1,0,1,1,1,1,3,HARTFORD (3),280,HARTFORD,17,17,7,July,2023,2,Monday,20,8:00pm-8:59pm,57,57,1,This Section IS ON the NHS,2,Urban,3,Other Principal Arterial,1,State Highway Agency,2,U.S. Highway,US-44 ALBANY AVE,,527,527,41.77767222,41.77767222,-72.684958330,-72.68495833,0,No Special Jurisdiction,8,Pedestrian,0,The First Harmful Event was Not a Collision with a Motor Vehicle in Transport,0,No,1,Non-Junction,1,Not an Intersection,0,None,,,1,On Roadway,3,Dark - Lighted,,,,,1,Clear,0,No,0000000,Not Applicable,20,8:00pm-8:59pm,59,59,21,9:00pm-9:59pm,3,3,21,9:00pm-9:59pm,19,19,,,,,,,1,
2023,9,90231,Connecticut,2,2,0,0,0,2,2,1,FAIRFIELD (1),835,WESTPORT,21,21,8,August,2023,2,Monday,0,0:00am-0:59am,28,28,1,This Section IS ON the NHS,2,Urban,1,Interstate,1,State Highway Agency,1,Interstate,I-95,,182,182,41.12051667,41.12051667,-73.371894440,-73.37189444,0,No Special Jurisdiction,12,Motor Vehicle In-Transport,1,Front-to-Rear,0,No,1,Non-Junction,1,Not an Intersection,4,"Work Zone, Type Unknown",,,1,On Roadway,3,Dark - Lighted,,,,,1,Clear,0,No,0000000,Not Applicable,0,0:00am-0:59am,28,28,0,0:00am-0:59am,36,36,88,"Not Applicable (Not Transported) ",88,Not Applicable (Not Transported),,,,,,,1,
2023,9,90232,Connecticut,2,2,0,0,0,6,6,9,NEW HAVEN (9),810,WATERBURY,21,21,7,July,2023,6,Friday,2,2:00am-2:59am,25,25,0,This Section IS NOT on the NHS,2,Urban,4,Minor Arterial,3,Town or Township Highway Agency,5,Township,TS-EAST MAIN ST,TS-CHERRY ST,4,4,41.55448889,41.55448889,-73.034547220,-73.03454722,0,No Special Jurisdiction,12,Motor Vehicle In-Transport,6,Angle,0,No,2,Intersection,2,Four-Way Intersection,0,None,,,1,On Roadway,3,Dark - Lighted,,,,,1,Clear,0,No,0000000,Not Applicable,2,2:00am-2:59am,25,25,2,2:00am-2:59am,25,25,2,2:00am-2:59am,36,36,,,,,,,1,
2023,9,90233,Connecticut,1,1,0,0,0,2,2,1,FAIRFIELD (1),227,EASTON,8,8,10,October,2023,1,Sunday,6,6:00am-6:59am,39,39,0,This Section IS NOT on the NHS,2,Urban,4,Minor Arterial,1,State Highway Agency,3,State Highway,SR-59  STEPNEY RD,,82,82,41.27596111,41.27596111,-73.294391670,-73.29439167,0,No Special Jurisdiction,35,Embankment,0,The First Harmful Event was Not a Collision with a Motor Vehicle in Transport,0,No,1,Non-Junction,1,Not an Intersection,0,None,,,4,On Roadside,4,Dawn,,,,,1,Clear,0,No,0000000,Not Applicable,6,6:00am-6:59am,39,39,99,Unknown EMS Scene Arrival Hour,99,Unknown EMS Scene Arrival Minutes,88,"Not Applicable (Not Transported) ",88,Not Applicable (Not Transported),,,,,,,2,
2023,9,90234,Connecticut,2,2,0,0,0,3,3,9,NEW HAVEN (9),538,ORANGE,30,30,10,October,2023,2,Monday,3,3:00am-3:59am,53,53,0,This Section IS NOT on the NHS,2,Urban,4,Minor Arterial,1,State Highway Agency,3,State Highway,SR-152 ORANGE CENTER RD,SR-34 DERBY AVE,179,179,41.30216667,41.30216667,-73.026352780,-73.02635278,0,No Special Jurisdiction,12,Motor Vehicle In-Transport,6,Angle,0,No,2,Intersection,2,Four-Way Intersection,0,None,,,1,On Roadway,6,Dark - Unknown Lighting,,,,,10,Cloudy,0,No,0000000,Not Applicable,3,3:00am-3:59am,53,53,4,4:00am-4:59am,2,2,99,Unknown,99,Unknown EMS Hospital Arrival Time,,,,,,,1,
2023,9,90235,Connecticut,1,1,0,0,0,1,1,1,FAIRFIELD (1),650,SHELTON,15,15,8,August,2023,3,Tuesday,10,10:00am-10:59am,1,1,0,This Section IS NOT on the NHS,2,Urban,4,Minor Arterial,1,State Highway Agency,3,State Highway,SR-108  SHELTON AVE,,86,86,41.30425278,41.30425278,-73.130172220,-73.13017222,0,No Special Jurisdiction,42,Tree (Standing Only),0,The First Harmful Event was Not a Collision with a Motor Vehicle in Transport,0,No,1,Non-Junction,1,Not an Intersection,0,None,,,4,On Roadside,1,Daylight,,,,,1,Clear,0,No,0000000,Not Applicable,10,10:00am-10:59am,1,1,99,Unknown EMS Scene Arrival Hour,99,Unknown EMS Scene Arrival Minutes,99,Unknown,99,Unknown EMS Hospital Arrival Time,,,,,,,1,
2023,9,90236,Connecticut,1,1,0,1,1,3,3,9,NEW HAVEN (9),538,ORANGE,14,14,11,November,2023,3,Tuesday,18,6:00pm-6:59pm,22,22,1,This Section IS ON the NHS,2,Urban,3,Other Principal Arterial,1,State Highway Agency,2,U.S. Highway,US-1  BOSTON POST RD,,442,442,41.27825833,41.27825833,-72.987563890,-72.98756389,0,No Special Jurisdiction,8,Pedestrian,0,The First Harmful Event was Not a Collision with a Motor Vehicle in Transport,0,No,1,Non-Junction,1,Not an Intersection,0,None,,,1,On Roadway,3,Dark - Lighted,,,,,1,Clear,0,No,0000000,Not Applicable,18,6:00pm-6:59pm,22,22,18,6:00pm-6:59pm,24,24,99,Unknown,99,Unknown EMS Hospital Arrival Time,,,,,,,1,
2023,9,90237,Connecticut,2,2,0,0,0,2,2,1,FAIRFIELD (1),227,EASTON,20,20,11,November,2023,2,Monday,9,9:00am-9:59am,0,0,0,This Section IS NOT on the NHS,1,Rural,5,Major Collector,1,State Highway Agency,3,State Highway,SR-59,,97,97,41.29554722,41.29554722,-73.288033330,-73.28803333,0,No Special Jurisdiction,11,Live Animal,0,The First Harmful Event was Not a Collision with a Motor Vehicle in Transport,0,No,1,Non-Junction,1,Not an Intersection,0,None,,,1,On Roadway,1,Daylight,,,,,1,Clear,0,No,0000000,Not Applicable,9,9:00am-9:59am,0,0,99,Unknown EMS Scene Arrival Hour,99,Unknown EMS Scene Arrival Minutes,99,Unknown,99,Unknown EMS Hospital Arrival Time,,,,,,,1,
2023,9,90238,Connecticut,1,1,0,1,1,1,1,3,HARTFORD (3),420,NEW BRITAIN,1,1,11,November,2023,4,Wednesday,21,9:00pm-9:59pm,14,14,1,This Section IS ON the NHS,2,Urban,3,Other Principal Arterial,1,State Highway Agency,3,State Highway,SR-71,,132,132,41.66050278,41.66050278,-72.779183330,-72.77918333,0,No Special Jurisdiction,8,Pedestrian,0,The First Harmful Event was Not a Collision with a Motor Vehicle in Transport,0,No,1,Non-Junction,1,Not an Intersection,0,None,,,1,On Roadway,3,Dark - Lighted,,,,,1,Clear,0,No,0000000,Not Applicable,21,9:00pm-9:59pm,14,14,99,Unknown EMS Scene Arrival Hour,99,Unknown EMS Scene Arrival Minutes,99,Unknown,99,Unknown EMS Hospital Arrival Time,,,,,,,1,
2023,9,90239,Connecticut,2,1,1,1,1,1,1,9,NEW HAVEN (9),430,NEW HAVEN,5,5,12,December,2023,3,Tuesday,5,5:00am-5:59am,31,31,1,This Section IS ON the NHS,2,Urban,1,Interstate,1,State Highway Agency,1,Interstate,I-95,,470,470,41.29161944,41.29161944,-72.921325000,-72.92132500,0,No Special Jurisdiction,14,Parked Motor Vehicle,0,The First Harmful Event was Not a Collision with a Motor Vehicle in Transport,1,Yes,19,Other location within Interchange Area,1,Not an Intersection,0,None,,,2,On Shoulder,3,Dark - Lighted,,,,,1,Clear,0,No,0000000,Not Applicable,5,5:00am-5:59am,34,34,5,5:00am-5:59am,41,41,5,5:00am-5:59am,57,57,,,,,,,1,
2023,9,90240,Connecticut,1,1,0,0,0,1,1,3,HARTFORD (3),225,EAST HARTFORD,25,25,12,December,2023,2,Monday,2,2:00am-2:59am,6,6,0,This Section IS NOT on the NHS,2,Urban,7,Local,3,Town or Township Highway Agency,5,Township,TS-LARRABEE ST,TS-LIVINGSTON RD,5,5,41.78477500,41.78477500,-72.598847220,-72.59884722,0,No Special Jurisdiction,42,Tree (Standing Only),0,The First Harmful Event was Not a Collision with a Motor Vehicle in Transport,0,No,3,Intersection-Related,3,T-Intersection,0,None,,,4,On Roadside,3,Dark - Lighted,,,,,2,Rain,0,No,0000000,Not Applicable,2,2:00am-2:59am,10,10,2,2:00am-2:59am,12,12,2,2:00am-2:59am,29,29,,,,,,,1,
2023,9,90241,Connecticut,1,1,0,1,1,1,1,1,FAIRFIELD (1),256,GREENWICH,9,9,3,March,2023,5,Thursday,99,Unknown Hours,99,Unknown Minutes,0,This Section IS NOT on the NHS,2,Urban,7,Local,3,Town or Township Highway Agency,5,Township,TS-WEAVER ST,TS-HAWTHORNE ST NO 1,1,1,41.03648889,41.03648889,-73.661530560,-73.66153056,0,No Special Jurisdiction,33,Curb,0,The First Harmful Event was Not a Collision with a Motor Vehicle in Transport,0,No,3,Intersection-Related,3,T-Intersection,0,None,,,4,On Roadside,1,Daylight,,,,,1,Clear,0,No,0000000,Not Applicable,15,3:00pm-3:59pm,16,16,15,3:00pm-3:59pm,21,21,15,3:00pm-3:59pm,51,51,,,,,,,1,
2023,9,90242,Connecticut,1,1,0,1,1,1,1,1,FAIRFIELD (1),700,STAMFORD,19,19,12,December,2023,3,Tuesday,6,6:00am-6:59am,50,50,0,This Section IS NOT on the NHS,2,Urban,4,Minor Arterial,1,State Highway Agency,3,State Highway,SR-137  HIGH RIDGE RD,,31,31,41.09124444,41.09124444,-73.547913890,-73.54791389,0,No Special Jurisdiction,8,Pedestrian,0,The First Harmful Event was Not a Collision with a Motor Vehicle in Transport,0,No,1,Non-Junction,1,Not an Intersection,0,None,,,1,On Roadway,4,Dawn,,,,,1,Clear,0,No,0000000,Not Applicable,6,6:00am-6:59am,52,52,6,6:00am-6:59am,52,52,7,7:00am-7:59am,14,14,,,,,,,1,
2023,9,90243,Connecticut,1,1,0,0,0,2,2,5,LITCHFIELD (5),634,SALISBURY,25,25,12,December,2023,2,Monday,15,3:00pm-3:59pm,3,3,1,This Section IS ON the NHS,1,Rural,3,Other Principal Arterial,1,State Highway Agency,2,U.S. Highway,US-44,,85,85,42.00669722,42.00669722,-73.363455560,-73.36345556,0,No Special Jurisdiction,42,Tree (Standing Only),0,The First Harmful Event was Not a Collision with a Motor Vehicle in Transport,0,No,1,Non-Junction,1,Not an Intersection,0,None,,,4,On Roadside,1,Daylight,,,,,1,Clear,0,No,0000000,Not Applicable,15,3:00pm-3:59pm,0,0,15,3:00pm-3:59pm,9,9,15,3:00pm-3:59pm,43,43,,,,,,,1,
2023,9,90244,Connecticut,1,1,0,0,0,1,1,13,TOLLAND (13),785,VERNON,8,8,7,July,2023,7,Saturday,23,11:00pm-11:59pm,9,9,0,This Section IS NOT on the NHS,2,Urban,4,Minor Arterial,1,State Highway Agency,3,State Highway,SR-533,541-N,36,36,41.83116944,41.83116944,-72.465805560,-72.46580556,0,No Special Jurisdiction,33,Curb,0,The First Harmful Event was Not a Collision with a Motor Vehicle in Transport,0,No,3,Intersection-Related,3,T-Intersection,0,None,,,4,On Roadside,2,Dark - Not Lighted,,,,,1,Clear,0,No,0000000,Not Applicable,99,Unknown,99,Unknown,99,Unknown EMS Scene Arrival Hour,99,Unknown EMS Scene Arrival Minutes,99,Unknown,99,Unknown EMS Hospital Arrival Time,,,,,,,1,
2023,9,90245,Connecticut,2,2,0,0,0,3,3,1,FAIRFIELD (1),765,TRUMBULL,15,15,10,October,2023,1,Sunday,15,3:00pm-3:59pm,22,22,0,This Section IS NOT on the NHS,2,Urban,4,Minor Arterial,1,State Highway Agency,3,State Highway,SR-127,25 SB ENT 4,49,49,41.24236667,41.24236667,-73.190552780,-73.19055278,0,No Special Jurisdiction,12,Motor Vehicle In-Transport,2,Front-to-Front,1,Yes,3,Intersection-Related,3,T-Intersection,0,None,,,1,On Roadway,1,Daylight,,,,,1,Clear,0,No,0000000,Not Applicable,15,3:00pm-3:59pm,25,25,15,3:00pm-3:59pm,34,34,15,3:00pm-3:59pm,53,53,,,,,,,1,
2023,9,90246,Connecticut,2,2,0,0,0,2,2,9,NEW HAVEN (9),810,WATERBURY,13,13,6,June,2023,3,Tuesday,5,5:00am-5:59am,39,39,0,This Section IS NOT on the NHS,2,Urban,4,Minor Arterial,3,Town or Township Highway Agency,5,Township,TS-LAKEWOOD RD,,3,3,41.57650833,41.57650833,-73.020044440,-73.02004444,0,No Special Jurisdiction,12,Motor Vehicle In-Transport,2,Front-to-Front,1,Yes,18,Through Roadway,1,Not an Intersection,0,None,,,1,On Roadway,4,Dawn,,,,,1,Clear,0,No,0000000,Not Applicable,5,5:00am-5:59am,40,40,5,5:00am-5:59am,43,43,6,6:00am-6:59am,0,0,,,,,,,1,
2023,9,90247,Connecticut,2,2,0,0,0,2,2,9,NEW HAVEN (9),810,WATERBURY,17,17,9,September,2023,1,Sunday,3,3:00am-3:59am,41,41,0,This Section IS NOT on the NHS,2,Urban,4,Minor Arterial,3,Town or Township Highway Agency,5,Township,TS-WEST MAIN ST NO 2,,2,2,41.55661667,41.55661667,-73.043427780,-73.04342778,0,No Special Jurisdiction,33,Curb,0,The First Harmful Event was Not a Collision with a Motor Vehicle in Transport,0,No,1,Non-Junction,1,Not an Intersection,0,None,,,3,On Median,3,Dark - Lighted,,,,,1,Clear,0,No,0000000,Not Applicable,3,3:00am-3:59am,41,41,3,3:00am-3:59am,45,45,4,4:00am-4:59am,0,0,,,,,,,1,
2023,9,90248,Connecticut,2,2,0,0,0,3,3,1,FAIRFIELD (1),765,TRUMBULL,4,4,11,November,2023,7,Saturday,12,12:00pm-12:59pm,7,7,1,This Section IS ON the NHS,2,Urban,2,Other Freeways and Expressways,1,State Highway Agency,3,State Highway,SR-25,,71,71,41.25815833,41.25815833,-73.207488890,-73.20748889,0,No Special Jurisdiction,12,Motor Vehicle In-Transport,1,Front-to-Rear,0,No,1,Non-Junction,1,Not an Intersection,0,None,,,1,On Roadway,1,Daylight,,,,,1,Clear,0,No,0000000,Not Applicable,12,12:00pm-12:59pm,9,9,12,12:00pm-12:59pm,29,29,12,12:00pm-12:59pm,46,46,,,,,,,1,
2023,9,90249,Connecticut,2,2,0,0,0,2,2,3,HARTFORD (3),90,BRISTOL,22,22,12,December,2023,6,Friday,16,4:00pm-4:59pm,32,32,1,This Section IS ON the NHS,2,Urban,3,Other Principal Arterial,1,State Highway Agency,3,State Highway,SR-69,,251,251,41.65222500,41.65222500,-72.966316670,-72.96631667,0,No Special Jurisdiction,12,Motor Vehicle In-Transport,6,Angle,0,No,1,Non-Junction,1,Not an Intersection,0,None,,,1,On Roadway,5,Dusk,,,,,1,Clear,0,No,0000000,Not Applicable,16,4:00pm-4:59pm,35,35,16,4:00pm-4:59pm,39,39,17,5:00pm-5:59pm,8,8,,,,,,,1,
2023,9,90250,Connecticut,2,2,0,0,0,2,2,1,FAIRFIELD (1),510,NORWALK,21,21,7,July,2023,6,Friday,21,9:00pm-9:59pm,58,58,1,This Section IS ON the NHS,2,Urban,3,Other Principal Arterial,1,State Highway Agency,2,U.S. Highway,US-1,MAPLE ST,153,153,41.11176389,41.11176389,-73.419700000,-73.41970000,0,No Special Jurisdiction,12,Motor Vehicle In-Transport,6,Angle,0,No,2,Intersection,2,Four-Way Intersection,0,None,,,1,On Roadway,2,Dark - Not Lighted,,,,,1,Clear,0,No,0000000,Not Applicable,21,9:00pm-9:59pm,58,58,99,Unknown EMS Scene Arrival Hour,99,Unknown EMS Scene Arrival Minutes,99,Unknown,99,Unknown EMS Hospital Arrival Time,,,,,,,1,
2023,9,90251,Connecticut,1,1,0,1,1,1,1,3,HARTFORD (3),46,BERLIN,11,11,12,December,2023,2,Monday,5,5:00am-5:59am,6,6,1,This Section IS ON the NHS,2,Urban,3,Other Principal Arterial,1,State Highway Agency,3,State Highway,SR-15,SPRUCE BROOK RD NO 1,697,697,41.59941111,41.59941111,-72.754050000,-72.75405000,0,No Special Jurisdiction,8,Pedestrian,0,The First Harmful Event was Not a Collision with a Motor Vehicle in Transport,0,No,3,Intersection-Related,3,T-Intersection,0,None,,,1,On Roadway,3,Dark - Lighted,,,,,2,Rain,0,No,0000000,Not Applicable,99,Unknown,99,Unknown,99,Unknown EMS Scene Arrival Hour,99,Unknown EMS Scene Arrival Minutes,99,Unknown,99,Unknown EMS Hospital Arrival Time,,,,,,,1,
2023,9,90252,Connecticut,1,1,0,0,0,1,1,1,FAIRFIELD (1),510,NORWALK,14,14,6,June,2023,4,Wednesday,11,11:00am-11:59am,24,24,0,This Section IS NOT on the NHS,2,Urban,7,Local,3,Town or Township Highway Agency,5,Township,TS-COMMERCE ST,,1,1,41.11676111,41.11676111,-73.411797220,-73.41179722,0,No Special Jurisdiction,10,Railway Vehicle,0,The First Harmful Event was Not a Collision with a Motor Vehicle in Transport,0,No,6,"Railway Grade Crossing ",1,Not an Intersection,0,None,,,1,On Roadway,1,Daylight,,,,,1,Clear,0,No,500559T,500559T,11,11:00am-11:59am,24,24,99,Unknown EMS Scene Arrival Hour,99,Unknown EMS Scene Arrival Minutes,99,Unknown,99,Unknown EMS Hospital Arrival Time,,,,,,,1,
2023,9,90253,Connecticut,2,2,0,0,0,2,2,15,WINDHAM (15),749,THOMPSON,23,23,12,December,2023,7,Saturday,15,3:00pm-3:59pm,57,57,0,This Section IS NOT on the NHS,1,Rural,7,Local,3,Town or Township Highway Agency,5,Township,TS-BAKER RD,,11,11,41.97090278,41.97090278,-71.820175000,-71.82017500,0,No Special Jurisdiction,12,Motor Vehicle In-Transport,2,Front-to-Front,0,No,1,Non-Junction,1,Not an Intersection,0,None,,,1,On Roadway,1,Daylight,,,,,1,Clear,0,No,0000000,Not Applicable,99,Unknown,99,Unknown,99,Unknown EMS Scene Arrival Hour,99,Unknown EMS Scene Arrival Minutes,99,Unknown,99,Unknown EMS Hospital Arrival Time,,,,,,,1,
2023,9,90254,Connecticut,1,1,0,1,1,1,1,3,HARTFORD (3),280,HARTFORD,22,22,4,April,2023,7,Saturday,22,10:00pm-10:59pm,56,56,0,This Section IS NOT on the NHS,2,Urban,4,Minor Arterial,3,Town or Township Highway Agency,5,Township,TS-FARMINGTON AV,,8,8,41.76762500,41.76762500,-72.700888890,-72.70088889,0,No Special Jurisdiction,8,Pedestrian,0,The First Harmful Event was Not a Collision with a Motor Vehicle in Transport,0,No,1,Non-Junction,1,Not an Intersection,0,None,,,1,On Roadway,3,Dark - Lighted,,,,,2,Rain,0,No,0000000,Not Applicable,22,10:00pm-10:59pm,56,56,23,11:00pm-11:59pm,2,2,23,11:00pm-11:59pm,34,34,,,,,,,1,
2023,9,90255,Connecticut,2,2,0,0,0,2,2,9,NEW HAVEN (9),502,NORTH HAVEN,24,24,4,April,2023,2,Monday,3,3:00am-3:59am,13,13,1,This Section IS ON the NHS,2,Urban,1,Interstate,1,State Highway Agency,1,Interstate,I-91,,59,59,41.36385000,41.36385000,-72.869186110,-72.86918611,0,No Special Jurisdiction,12,Motor Vehicle In-Transport,6,Angle,0,No,1,Non-Junction,1,Not an Intersection,0,None,,,1,On Roadway,3,Dark - Lighted,,,,,5,"Fog, Smog, Smoke",0,No,0000000,Not Applicable,3,3:00am-3:59am,13,13,3,3:00am-3:59am,19,19,99,Unknown,99,Unknown EMS Hospital Arrival Time,,,,,,,1,
2023,9,90256,Connecticut,1,1,0,0,0,1,1,11,NEW LONDON (11),339,LEDYARD,8,8,12,December,2023,6,Friday,15,3:00pm-3:59pm,49,49,0,This Section IS NOT on the NHS,1,Rural,4,Minor Arterial,1,State Highway Agency,3,State Highway,SR-117 CENTER GROTON RD,,63,63,41.43377222,41.43377222,-72.014297220,-72.01429722,0,No Special Jurisdiction,53,Mail Box,0,The First Harmful Event was Not a Collision with a Motor Vehicle in Transport,0,No,1,Non-Junction,1,Not an Intersection,0,None,,,4,On Roadside,1,Daylight,,,,,1,Clear,0,No,0000000,Not Applicable,15,3:00pm-3:59pm,49,49,99,Unknown EMS Scene Arrival Hour,99,Unknown EMS Scene Arrival Minutes,99,Unknown,99,Unknown EMS Hospital Arrival Time,,,,,,,1,
2023,9,90257,Connecticut,2,2,0,0,0,2,2,1,FAIRFIELD (1),700,STAMFORD,27,27,12,December,2023,4,Wednesday,14,2:00pm-2:59pm,28,28,1,This Section IS ON the NHS,2,Urban,3,Other Principal Arterial,1,State Highway Agency,3,State Highway,SR-104 LONG RIDGE RD,TERRACE AV,5,5,41.07873056,41.07873056,-73.553597220,-73.55359722,0,No Special Jurisdiction,12,Motor Vehicle In-Transport,6,Angle,0,No,2,Intersection,3,T-Intersection,0,None,,,1,On Roadway,1,Daylight,,,,,2,Rain,0,No,0000000,Not Applicable,14,2:00pm-2:59pm,28,28,99,Unknown EMS Scene Arrival Hour,99,Unknown EMS Scene Arrival Minutes,99,Unknown,99,Unknown EMS Hospital Arrival Time,,,,,,,1,
2023,9,90258,Connecticut,1,1,0,0,0,1,1,7,MIDDLESEX (7),380,MIDDLETOWN,6,6,12,December,2023,4,Wednesday,23,11:00pm-11:59pm,36,36,0,This Section IS NOT on the NHS,2,Urban,7,Local,3,Town or Township Highway Agency,5,Township,TS-ATKINS ST,,22,22,41.59646111,41.59646111,-72.731644440,-72.73164444,0,No Special Jurisdiction,42,Tree (Standing Only),0,The First Harmful Event was Not a Collision with a Motor Vehicle in Transport,0,No,1,Non-Junction,1,Not an Intersection,0,None,,,4,On Roadside,2,Dark - Not Lighted,,,,,1,Clear,0,No,0000000,Not Applicable,23,11:00pm-11:59pm,44,44,23,11:00pm-11:59pm,47,47,88,"Not Applicable (Not Transported) ",88,Not Applicable (Not Transported),,,,,,,1,
2023,9,90259,Connecticut,2,2,0,0,0,3,3,7,MIDDLESEX (7),380,MIDDLETOWN,11,11,12,December,2023,2,Monday,19,7:00pm-7:59pm,46,46,0,This Section IS NOT on the NHS,2,Urban,4,Minor Arterial,1,State Highway Agency,3,State Highway,SR-17  SOUTH MAIN ST,,179,179,41.50380278,41.50380278,-72.672552780,-72.67255278,0,No Special Jurisdiction,12,Motor Vehicle In-Transport,1,Front-to-Rear,0,No,1,Non-Junction,1,Not an Intersection,0,None,,,1,On Roadway,3,Dark - Lighted,,,,,1,Clear,0,No,0000000,Not Applicable,19,7:00pm-7:59pm,49,49,19,7:00pm-7:59pm,57,57,99,Unknown,99,Unknown EMS Hospital Arrival Time,,,,,,,1,
2023,9,90261,Connecticut,2,2,0,0,0,3,3,1,FAIRFIELD (1),765,TRUMBULL,6,6,12,December,2023,4,Wednesday,20,8:00pm-8:59pm,23,23,1,This Section IS ON the NHS,2,Urban,2,Other Freeways and Expressways,1,State Highway Agency,3,State Highway,SR-8,,49,49,41.22716389,41.22716389,-73.164230560,-73.16423056,0,No Special Jurisdiction,12,Motor Vehicle In-Transport,7,Sideswipe - Same Direction,1,Yes,18,Through Roadway,1,Not an Intersection,0,None,,,1,On Roadway,3,Dark - Lighted,,,,,1,Clear,0,No,0000000,Not Applicable,20,8:00pm-8:59pm,24,24,20,8:00pm-8:59pm,33,33,99,Unknown,99,Unknown EMS Hospital Arrival Time,,,,,,,1,
2023,9,90262,Connecticut,2,2,0,1,1,2,2,1,FAIRFIELD (1),835,WESTPORT,23,23,12,December,2023,7,Saturday,22,10:00pm-10:59pm,38,38,1,This Section IS ON the NHS,2,Urban,2,Other Freeways and Expressways,1,State Highway Agency,3,State Highway,SR-15,,225,225,41.16852500,41.16852500,-73.342019440,-73.34201944,0,No Special Jurisdiction,12,Motor Vehicle In-Transport,1,Front-to-Rear,1,Yes,18,Through Roadway,1,Not an Intersection,0,None,,,1,On Roadway,3,Dark - Lighted,,,,,1,Clear,0,No,0000000,Not Applicable,22,10:00pm-10:59pm,50,50,23,11:00pm-11:59pm,0,0,23,11:00pm-11:59pm,42,42,,,,,,,1,