caseyear,state,st_case,statename,ve_total,ve_forms,pvh_invl,peds,pernotmvit,permvit,persons,county,countyname,city,cityname,day,dayname,month,monthname,year,day_week,day_weekname,hour,hourname,minute,minutename,nhs,nhsname,rur_urb,rur_urbname,func_sys,func_sysname,rd_owner,rd_ownername,route,routename,tway_id,tway_id2,milept,mileptname,latitude,latitudename,longitud,longitudname,sp_jur,sp_jurname,harm_ev,harm_evname,man_coll,man_collname,reljct1,reljct1name,reljct2,reljct2name,typ_int,typ_intname,wrk_zone,wrk_zonename,road_fnc,road_fncname,rel_road,rel_roadname,lgt_cond,lgt_condname,weather1,weather1name,weather2,weather2name,weather,weathername,sch_bus,sch_busname,rail,railname,not_hour,not_hourname,not_min,not_minname,arr_hour,arr_hourname,arr_min,arr_minname,hosp_hr,hosp_hrname,hosp_mn,hosp_mnname,cf1,cf1name,cf2,cf2name,cf3,cf3name,fatals,drunk_dr
2023,9,90263,Connecticut,2,2,0,0,0,2,2,13,TOLLAND (13),846,WILLINGTON HILL,28,28,11,November,2023,3,Tuesday,4,4:00am-4:59am,30,30,0,This Section IS NOT on the NHS,1,Rural,4,Minor Arterial,1,State Highway Agency,3,State Highway,SR- 32 RIVER RD,,467,467,41.92421389,41.92421389,-72.303877780,-72.30387778,0,No Special Jurisdiction,12,Motor Vehicle In-Transport,2,Front-to-Front,0,No,1,Non-Junction,1,Not an Intersection,0,None,,,1,On Roadway,2,Dark - Not Lighted,,,,,1,Clear,0,No,0000000,Not Applicable,4,4:00am-4:59am,31,31,4,4:00am-4:59am,43,43,5,5:00am-5:59am,37,37,,,,,,,1,
2023,9,90264,Connecticut,1,1,0,1,1,1,1,1,FAIRFIELD (1),700,STAMFORD,21,21,11,November,2023,3,Tuesday,6,6:00am-6:59am,13,13,0,This Section IS NOT on the NHS,2,Urban,3,Other Principal Arterial,1,State Highway Agency,2,U.S. Highway,US-1  WEST MAIN ST,ALVORD LA,58,58,41.04880833,41.04880833,-73.562933330,-73.56293333,0,No Special Jurisdiction,8,Pedestrian,0,The First Harmful Event was Not a Collision with a Motor Vehicle in Transport,0,No,2,Intersection,2,Four-Way Intersection,0,None,,,1,On Roadway,4,Dawn,,,,,1,Clear,0,No,0000000,Not Applicable,6,6:00am-6:59am,15,15,6,6:00am-6:59am,18,18,88,"Not Applicable (Not Transported) ",88,Not Applicable (Not Transported),,,,,,,1,
2023,9,90265,Connecticut,2,2,0,0,0,3,3,13,TOLLAND (13),785,VERNON,17,17,6,June,2023,7,Saturday,17,5:00pm-5:59pm,48,48,1,This Section IS ON the NHS,2,Urban,1,Interstate,1,State Highway Agency,1,Interstate,I-84,,770,770,41.85218889,41.85218889,-72.434386110,-72.43438611,0,No Special Jurisdiction,12,Motor Vehicle In-Transport,7,Sideswipe - Same Direction,0,No,1,Non-Junction,1,Not an Intersection,0,None,,,1,On Roadway,1,Daylight,,,,,1,Clear,0,No,0000000,Not Applicable,17,5:00pm-5:59pm,47,47,17,5:00pm-5:59pm,53,53,88,"Not Applicable (Not Transported) ",88,Not Applicable (Not Transported),,,,,,,1,
2023,9,90266,Connecticut,1,1,0,1,1,1,1,13,TOLLAND (13),785,VERNON,7,7,9,September,2023,5,Thursday,5,5:00am-5:59am,12,12,0,This Section IS NOT on the NHS,2,Urban,4,Minor Arterial,1,State Highway Agency,3,State Highway,SR-83  TALCOTTVILLE RD,,120,120,41.83004722,41.83004722,-72.495500000,-72.49550000,0,No Special Jurisdiction,8,Pedestrian,0,The First Harmful Event was Not a Collision with a Motor Vehicle in Transport,0,No,1,Non-Junction,1,Not an Intersection,0,None,,,1,On Roadway,3,Dark - Lighted,,,,,1,Clear,0,No,0000000,Not Applicable,5,5:00am-5:59am,12,12,5,5:00am-5:59am,24,24,88,"Not Applicable (Not Transported) ",88,Not Applicable (Not Transported),,,,,,,1,
2023,9,90267,Connecticut,1,1,0,0,0,2,2,3,HARTFORD (3),229,ENFIELD,10,10,12,December,2023,1,Sunday,1,1:00am-1:59am,57,57,1,This Section IS ON the NHS,2,Urban,1,Interstate,1,State Highway Agency,1,Interstate,I-91,,522,522,41.94345556,41.94345556,-72.606308330,-72.60630833,0,No Special Jurisdiction,24,Guardrail Face,0,The First Harmful Event was Not a Collision with a Motor Vehicle in Transport,0,No,1,Non-Junction,1,Not an Intersection,0,None,,,4,On Roadside,3,Dark - Lighted,,,,,5,"Fog, Smog, Smoke",0,No,0000000,Not Applicable,99,Unknown,99,Unknown,99,Unknown EMS Scene Arrival Hour,99,Unknown EMS Scene Arrival Minutes,99,Unknown,99,Unknown EMS Hospital Arrival Time,,,,,,,1,
2023,9,90268,Connecticut,2,2,0,0,0,4,4,11,NEW LONDON (11),520,NORWICH,1,1,12,December,2023,6,Friday,21,9:00pm-9:59pm,29,29,0,This Section IS NOT on the NHS,2,Urban,4,Minor Arterial,3,Town or Township Highway Agency,5,Township,TS-BROADWAY NO 2,TS-CRESCENT ST,9,9,41.53658056,41.53658056,-72.082913890,-72.08291389,0,No Special Jurisdiction,12,Motor Vehicle In-Transport,6,Angle,0,No,2,Intersection,3,T-Intersection,0,None,,,1,On Roadway,3,Dark - Lighted,,,,,2,Rain,0,No,0000000,Not Applicable,21,9:00pm-9:59pm,40,40,21,9:00pm-9:59pm,43,43,21,9:00pm-9:59pm,59,59,,,,,,,1,
2023,9,90269,Connecticut,3,3,0,0,0,4,4,3,HARTFORD (3),823,WEST HARTFORD,6,6,9,September,2023,4,Wednesday,20,8:00pm-8:59pm,8,8,1,This Section IS ON the NHS,2,Urban,1,Interstate,1,State Highway Agency,1,Interstate,I-84,,591,591,41.74992500,41.74992500,-72.719483330,-72.71948333,0,No Special Jurisdiction,35,Embankment,0,The First Harmful Event was Not a Collision with a Motor Vehicle in Transport,0,No,1,Non-Junction,1,Not an Intersection,0,None,,,3,On Median,3,Dark - Lighted,,,,,1,Clear,0,No,0000000,Not Applicable,99,Unknown,99,Unknown,99,Unknown EMS Scene Arrival Hour,99,Unknown EMS Scene Arrival Minutes,99,Unknown,99,Unknown EMS Hospital Arrival Time,,,,,,,2,
2023,9,90270,Connecticut,1,1,0,1,1,1,1,13,TOLLAND (13),368,MANSFIELD CENTER,23,23,10,October,2023,2,Monday,6,6:00am-6:59am,44,44,1,This Section IS ON the NHS,2,Urban,3,Other Principal Arterial,1,State Highway Agency,2,U.S. Highway,US-44 MIDDLE TPKE,WALTERS AVE,744,744,41.80886111,41.80886111,-72.299600000,-72.29960000,0,No Special Jurisdiction,9,Pedalcyclist,0,The First Harmful Event was Not a Collision with a Motor Vehicle in Transport,0,No,2,Intersection,2,Four-Way Intersection,0,None,,,1,On Roadway,6,Dark - Unknown Lighting,,,,,1,Clear,0,No,0000000,Not Applicable,6,6:00am-6:59am,44,44,6,6:00am-6:59am,51,51,7,7:00am-7:59am,57,57,,,,,,,1,
2023,9,90271,Connecticut,1,1,0,0,0,1,1,3,HARTFORD (3),842,WINDSOR,1,1,10,October,2023,1,Sunday,17,5:00pm-5:59pm,7,7,0,This Section IS NOT on the NHS,2,Urban,4,Minor Arterial,3,Town or Township Highway Agency,5,Township,TS-DAY HILL RD,,27,27,41.88015278,41.88015278,-72.708725000,-72.70872500,0,No Special Jurisdiction,5,Fell/Jumped from Vehicle,0,The First Harmful Event was Not a Collision with a Motor Vehicle in Transport,0,No,1,Non-Junction,1,Not an Intersection,0,None,,,1,On Roadway,1,Daylight,,,,,1,Clear,0,No,0000000,Not Applicable,17,5:00pm-5:59pm,8,8,17,5:00pm-5:59pm,13,13,88,"Not Applicable (Not Transported) ",88,Not Applicable (Not Transported),,,,,,,1,
2023,9,90272,Connecticut,1,1,0,1,1,1,1,9,NEW HAVEN (9),810,WATERBURY,21,21,12,December,2023,5,Thursday,17,5:00pm-5:59pm,24,24,0,This Section IS NOT on the NHS,2,Urban,4,Minor Arterial,1,State Highway Agency,3,State Highway,SR-73  WATERTOWN AVE,,17,17,41.58435556,41.58435556,-73.075219440,-73.07521944,0,No Special Jurisdiction,8,Pedestrian,0,The First Harmful Event was Not a Collision with a Motor Vehicle in Transport,0,No,1,Non-Junction,1,Not an Intersection,0,None,,,1,On Roadway,3,Dark - Lighted,,,,,1,Clear,0,No,0000000,Not Applicable,17,5:00pm-5:59pm,24,24,17,5:00pm-5:59pm,34,34,17,5:00pm-5:59pm,40,40,,,,,,,1,
2023,9,90273,Connecticut,1,1,0,0,0,1,1,3,HARTFORD (3),46,BERLIN,8,8,8,August,2023,3,Tuesday,19,7:00pm-7:59pm,30,30,1,This Section IS ON the NHS,2,Urban,2,Other Freeways and Expressways,1,State Highway Agency,3,State Highway,SR-9,,327,327,41.62885556,41.62885556,-72.750366670,-72.75036667,0,No Special Jurisdiction,24,Guardrail Face,0,The First Harmful Event was Not a Collision with a Motor Vehicle in Transport,0,No,1,Non-Junction,1,Not an Intersection,0,None,,,4,On Roadside,5,Dusk,,,,,1,Clear,0,No,0000000,Not Applicable,99,Unknown,99,Unknown,99,Unknown EMS Scene Arrival Hour,99,Unknown EMS Scene Arrival Minutes,88,"Not Applicable (Not Transported) ",88,Not Applicable (Not Transported),,,,,,,1,
2023,9,90274,Connecticut,3,3,0,0,0,5,5,5,LITCHFIELD (5),450,NEW MILFORD,22,22,9,September,2023,6,Friday,14,2:00pm-2:59pm,25,25,1,This Section IS ON the NHS,2,Urban,3,Other Principal Arterial,1,State Highway Agency,2,U.S. Highway,US-7  DANBURY RD,,352,352,41.54534444,41.54534444,-73.421027780,-73.42102778,0,No Special Jurisdiction,12,Motor Vehicle In-Transport,6,Angle,0,No,8,Driveway Access Related,1,Not an Intersection,0,None,,,1,On Roadway,1,Daylight,,,,,1,Clear,0,No,0000000,Not Applicable,14,2:00pm-2:59pm,27,27,14,2:00pm-2:59pm,33,33,14,2:00pm-2:59pm,50,50,,,,,,,1,
2023,9,90275,Connecticut,2,2,0,0,0,2,2,13,TOLLAND (13),756,TOLLAND,23,23,1,January,2023,2,Monday,13,1:00pm-1:59pm,16,16,1,This Section IS ON the NHS,2,Urban,1,Interstate,1,State Highway Agency,1,Interstate,I-84,,833,833,41.88073333,41.88073333,-72.323655560,-72.32365556,0,No Special Jurisdiction,12,Motor Vehicle In-Transport,6,Angle,0,No,1,Non-Junction,1,Not an Intersection,0,None,,,1,On Roadway,1,Daylight,,,,,4,Snow,0,No,0000000,Not Applicable,13,1:00pm-1:59pm,16,16,13,1:00pm-1:59pm,20,20,14,2:00pm-2:59pm,11,11,,,,,,,1,
2023,9,90276,Connecticut,2,2,0,0,0,5,5,9,NEW HAVEN (9),200,DERBY,8,8,9,September,2023,6,Friday,19,7:00pm-7:59pm,14,14,1,This Section IS ON the NHS,2,Urban,3,Other Principal Arterial,1,State Highway Agency,3,State Highway,SR-34  ROOSEVELT DR,,119,119,41.33700833,41.33700833,-73.115927780,-73.11592778,0,No Special Jurisdiction,12,Motor Vehicle In-Transport,2,Front-to-Front,0,No,1,Non-Junction,1,Not an Intersection,0,None,,,1,On Roadway,5,Dusk,,,,,10,Cloudy,0,No,0000000,Not Applicable,19,7:00pm-7:59pm,22,22,19,7:00pm-7:59pm,24,24,20,8:00pm-8:59pm,20,20,,,,,,,1,
2023,9,90277,Connecticut,3,3,0,0,0,5,5,5,LITCHFIELD (5),450,NEW MILFORD,13,13,8,August,2023,1,Sunday,18,6:00pm-6:59pm,33,33,1,This Section IS ON the NHS,2,Urban,3,Other Principal Arterial,1,State Highway Agency,2,U.S. Highway,US-7  KENT RD,SR-55  WEBATUCK RD,444,444,41.64653333,41.64653333,-73.484052780,-73.48405278,0,No Special Jurisdiction,12,Motor Vehicle In-Transport,6,Angle,0,No,2,Intersection,3,T-Intersection,0,None,,,1,On Roadway,1,Daylight,,,,,1,Clear,0,No,0000000,Not Applicable,18,6:00pm-6:59pm,37,37,18,6:00pm-6:59pm,47,47,19,7:00pm-7:59pm,20,20,,,,,,,1,
2023,9,90278,Connecticut,1,1,0,0,0,4,4,7,MIDDLESEX (7),380,MIDDLETOWN,30,30,9,September,2023,7,Saturday,22,10:00pm-10:59pm,16,16,0,This Section IS NOT on the NHS,2,Urban,7,Local,3,Town or Township Highway Agency,5,Township,TS-TRAINING HILL RD,,2,2,41.53791111,41.53791111,-72.611136110,-72.61113611,0,No Special Jurisdiction,72,"Cargo/Equipment Loss, Shift, or Damage [harmful]",0,The First Harmful Event was Not a Collision with a Motor Vehicle in Transport,0,No,1,Non-Junction,1,Not an Intersection,0,None,,,1,On Roadway,3,Dark - Lighted,,,,,1,Clear,0,No,0000000,Not Applicable,22,10:00pm-10:59pm,16,16,99,Unknown EMS Scene Arrival Hour,99,Unknown EMS Scene Arrival Minutes,99,Unknown,99,Unknown EMS Hospital Arrival Time,,,,,,,1,
2023,9,90279,Connecticut,2,2,0,0,0,4,4,11,NEW LONDON (11),386,PALMERTOWN,19,19,8,August,2023,7,Saturday,20,8:00pm-8:59pm,12,12,0,This Section IS NOT on the NHS,2,Urban,4,Minor Arterial,1,State Highway Agency,3,State Highway,SR-32  NORWICH-NEW LONDON TPK,,69,69,41.45352500,41.45352500,-72.106658330,-72.10665833,0,No Special Jurisdiction,12,Motor Vehicle In-Transport,6,Angle,0,No,8,Driveway Access Related,1,Not an Intersection,0,None,,,1,On Roadway,5,Dusk,,,,,1,Clear,0,No,0000000,Not Applicable,20,8:00pm-8:59pm,10,10,20,8:00pm-8:59pm,13,13,88,"Not Applicable (Not Transported) ",88,Not Applicable (Not Transported),,,,,,,1,
2023,9,90280,Connecticut,1,1,0,0,0,1,1,9,NEW HAVEN (9),385,MILFORD,2,2,9,September,2023,7,Saturday,17,5:00pm-5:59pm,5,5,0,This Section IS NOT on the NHS,2,Urban,4,Minor Arterial,3,Town or Township Highway Agency,5,Township,TS-DEPOT RD,TS-RUSSELL RD,1,1,41.23610000,41.23610000,-72.997750000,-72.99775000,0,No Special Jurisdiction,1,Rollover/Overturn,0,The First Harmful Event was Not a Collision with a Motor Vehicle in Transport,0,No,3,Intersection-Related,3,T-Intersection,0,None,,,1,On Roadway,1,Daylight,,,,,1,Clear,0,No,0000000,Not Applicable,17,5:00pm-5:59pm,4,4,17,5:00pm-5:59pm,10,10,17,5:00pm-5:59pm,36,36,,,,,,,1,
2023,9,90281,Connecticut,2,2,0,0,0,3,3,3,HARTFORD (3),280,HARTFORD,19,19,7,July,2023,4,Wednesday,20,8:00pm-8:59pm,24,24,0,This Section IS NOT on the NHS,2,Urban,4,Minor Arterial,3,Town or Township Highway Agency,5,Township,TS-WINDSOR ST,TS-LOOMIS ST,4,4,41.78621667,41.78621667,-72.670272220,-72.67027222,0,No Special Jurisdiction,12,Motor Vehicle In-Transport,6,Angle,0,No,2,Intersection,3,T-Intersection,0,None,,,1,On Roadway,1,Daylight,,,,,1,Clear,0,No,0000000,Not Applicable,20,8:00pm-8:59pm,24,24,20,8:00pm-8:59pm,24,24,88,"Not Applicable (Not Transported) ",88,Not Applicable (Not Transported),,,,,,,1,
2023,9,90282,Connecticut,1,1,0,1,1,1,1,3,HARTFORD (3),660,SIMSBURY,21,21,9,September,2023,5,Thursday,9,9:00am-9:59am,47,47,1,This Section IS ON the NHS,2,Urban,3,Other Principal Arterial,1,State Highway Agency,3,State Highway,SR-10  HOPMEADOW ST,TS-OWENS BROOK BLVD,458,458,41.88516944,41.88516944,-72.798575000,-72.79857500,0,No Special Jurisdiction,8,Pedestrian,0,The First Harmful Event was Not a Collision with a Motor Vehicle in Transport,0,No,3,Intersection-Related,2,Four-Way Intersection,0,None,,,1,On Roadway,1,Daylight,,,,,1,Clear,0,No,0000000,Not Applicable,9,9:00am-9:59am,47,47,9,9:00am-9:59am,53,53,10,10:00am-10:59am,16,16,,,,,,,1,
2023,9,90283,Connecticut,3,3,0,0,0,5,5,3,HARTFORD (3),225,EAST HARTFORD,16,16,11,November,2023,5,Thursday,17,5:00pm-5:59pm,45,45,1,This Section IS ON the NHS,2,Urban,1,Interstate,1,State Highway Agency,1,Interstate,I-84,,638,638,41.76476389,41.76476389,-72.646097220,-72.64609722,0,No Special Jurisdiction,12,Motor Vehicle In-Transport,1,Front-to-Rear,0,No,1,Non-Junction,1,Not an Intersection,0,None,,,1,On Roadway,3,Dark - Lighted,,,,,1,Clear,0,No,0000000,Not Applicable,17,5:00pm-5:59pm,45,45,17,5:00pm-5:59pm,52,52,99,Unknown,99,Unknown EMS Hospital Arrival Time,,,,,,,1,
2023,9,90284,Connecticut,1,1,0,0,0,1,1,3,HARTFORD (3),225,EAST HARTFORD,6,6,12,December,2023,4,Wednesday,21,9:00pm-9:59pm,42,42,1,This Section IS ON the NHS,2,Urban,2,Other Freeways and Expressways,1,State Highway Agency,3,State Highway,SR-2,,6,6,41.76604167,41.76604167,-72.657936110,-72.65793611,0,No Special Jurisdiction,24,Guardrail Face,0,The First Harmful Event was Not a Collision with a Motor Vehicle in Transport,0,No,1,Non-Junction,1,Not an Intersection,0,None,,,4,On Roadside,3,Dark - Lighted,,,,,1,Clear,0,No,0000000,Not Applicable,99,Unknown,99,Unknown,99,Unknown EMS Scene Arrival Hour,99,Unknown EMS Scene Arrival Minutes,88,"Not Applicable (Not Transported) ",88,Not Applicable (Not Transported),,,,,,,1,
2023,9,90285,Connecticut,1,1,0,0,0,2,2,3,HARTFORD (3),842,WINDSOR,15,15,12,December,2023,6,Friday,22,10:00pm-10:59pm,19,19,1,This Section IS ON the NHS,1,Rural,3,Other Principal Arterial,1,State Highway Agency,3,State Highway,SR-20  BRADLEY INTL AIRPT CON,,291,291,41.91497500,41.91497500,-72.673125000,-72.67312500,0,No Special Jurisdiction,59,"Traffic Sign Support ",0,The First Harmful Event was Not a Collision with a Motor Vehicle in Transport,0,No,1,Non-Junction,1,Not an Intersection,0,None,,,4,On Roadside,3,Dark - Lighted,,,,,1,Clear,0,No,0000000,Not Applicable,22,10:00pm-10:59pm,19,19,22,10:00pm-10:59pm,24,24,99,Unknown,99,Unknown EMS Hospital Arrival Time,,,,,,,1,
2023,9,90286,Connecticut,2,2,0,0,0,4,4,7,MIDDLESEX (7),380,MIDDLETOWN,25,25,12,December,2023,2,Monday,9,9:00am-9:59am,4,4,1,This Section IS ON the NHS,2,Urban,1,Interstate,1,State Highway Agency,1,Interstate,I-91,,221,221,41.55718611,41.55718611,-72.741669440,-72.74166944,0,No Special Jurisdiction,12,Motor Vehicle In-Transport,7,Sideswipe - Same Direction,0,No,1,Non-Junction,1,Not an Intersection,0,None,,,1,On Roadway,1,Daylight,,,,,5,"Fog, Smog, Smoke",0,No,0000000,Not Applicable,9,9:00am-9:59am,4,4,99,Unknown EMS Scene Arrival Hour,99,Unknown EMS Scene Arrival Minutes,99,Unknown,99,Unknown EMS Hospital Arrival Time,,,,,,,1,
2023,9,90287,Connecticut,2,1,1,1,1,1,1,3,HARTFORD (3),280,HARTFORD,5,5,10,October,2023,5,Thursday,22,10:00pm-10:59pm,39,39,0,This Section IS NOT on the NHS,2,Urban,4,Minor Arterial,3,Town or Township Highway Agency,5,Township,TS-HAMILTON ST,,6,6,41.75291111,41.75291111,-72.697227780,-72.69722778,0,No Special Jurisdiction,8,Pedestrian,0,The First Harmful Event was Not a Collision with a Motor Vehicle in Transport,0,No,1,Non-Junction,1,Not an Intersection,0,None,,,1,On Roadway,3,Dark - Lighted,,,,,1,Clear,0,No,0000000,Not Applicable,22,10:00pm-10:59pm,40,40,22,10:00pm-10:59pm,46,46,23,11:00pm-11:59pm,3,3,,,,,,,1,
2023,9,90288,Connecticut,1,1,0,0,0,1,1,9,NEW HAVEN (9),810,WATERBURY,13,13,12,December,2023,4,Wednesday,20,8:00pm-8:59pm,49,49,0,This Section IS NOT on the NHS,2,Urban,7,Local,3,Town or Township Highway Agency,5,Township,TS-PERKINS AVE,,4,4,41.58383056,41.58383056,-73.035141670,-73.03514167,0,No Special Jurisdiction,18,Other Object (not fixed),0,The First Harmful Event was Not a Collision with a Motor Vehicle in Transport,0,No,1,Non-Junction,1,Not an Intersection,0,None,,,4,On Roadside,6,Dark - Unknown Lighting,,,,,99,Reported as Unknown,0,No,0000000,Not Applicable,20,8:00pm-8:59pm,49,49,20,8:00pm-8:59pm,53,53,21,9:00pm-9:59pm,53,53,,,,,,,1,
2023,9,90289,Connecticut,1,1,0,0,0,1,1,9,NEW HAVEN (9),70,BRANFORD,19,19,12,December,2023,3,Tuesday,10,10:00am-10:59am,4,4,1,This Section IS ON the NHS,2,Urban,1,Interstate,1,State Highway Agency,1,Interstate,I-95,,539,539,41.29167500,41.29167500,-72.808250000,-72.80825000,0,No Special Jurisdiction,59,"Traffic Sign Support ",0,The First Harmful Event was Not a Collision with a Motor Vehicle in Transport,0,No,1,Non-Junction,1,Not an Intersection,0,None,,,4,On Roadside,1,Daylight,,,,,1,Clear,0,No,0000000,Not Applicable,10,10:00am-10:59am,4,4,10,10:00am-10:59am,13,13,10,10:00am-10:59am,30,30,,,,,,,1,
2023,9,90290,Connecticut,2,2,0,0,0,3,3,9,NEW HAVEN (9),200,DERBY,22,22,12,December,2023,6,Friday,15,3:00pm-3:59pm,33,33,0,This Section IS NOT on the NHS,2,Urban,4,Minor Arterial,1,State Highway Agency,3,State Highway,SR-115  DERBY AVE,,2,2,41.32078889,41.32078889,-73.080672220,-73.08067222,0,No Special Jurisdiction,12,Motor Vehicle In-Transport,2,Front-to-Front,0,No,1,Non-Junction,1,Not an Intersection,0,None,,,1,On Roadway,1,Daylight,,,,,1,Clear,0,No,0000000,Not Applicable,15,3:00pm-3:59pm,34,34,15,3:00pm-3:59pm,41,41,16,4:00pm-4:59pm,13,13,,,,,,,1,
2023,9,90291,Connecticut,1,1,0,1,1,1,1,3,HARTFORD (3),680,SOUTHINGTON,3,3,10,October,2023,3,Tuesday,1,1:00am-1:59am,46,46,1,This Section IS ON the NHS,2,Urban,1,Interstate,1,State Highway Agency,1,Interstate,I-84,,434,434,41.59883333,41.59883333,-72.902655560,-72.90265556,0,No Special Jurisdiction,8,Pedestrian,0,The First Harmful Event was Not a Collision with a Motor Vehicle in Transport,0,No,1,Non-Junction,1,Not an Intersection,0,None,,,1,On Roadway,2,Dark - Not Lighted,,,,,1,Clear,0,No,0000000,Not Applicable,1,1:00am-1:59am,46,46,99,Unknown EMS Scene Arrival Hour,99,Unknown EMS Scene Arrival Minutes,88,"Not Applicable (Not Transported) ",88,Not Applicable (Not Transported),,,,,,,1,
2023,9,90292,Connecticut,2,1,1,0,1,6,7,3,HARTFORD (3),838,WETHERSFIELD,22,22,10,October,2023,1,Sunday,4,4:00am-4:59am,53,53,1,This Section IS ON the NHS,2,Urban,1,Interstate,1,State Highway Agency,1,Interstate,I-91,,341,341,41.71158611,41.71158611,-72.646963890,-72.64696389,0,No Special Jurisdiction,14,Parked Motor Vehicle,0,The First Harmful Event was Not a Collision with a Motor Vehicle in Transport,0,No,1,Non-Junction,1,Not an Intersection,0,None,,,2,On Shoulder,3,Dark - Lighted,,,,,1,Clear,0,No,0000000,Not Applicable,4,4:00am-4:59am,53,53,4,4:00am-4:59am,59,59,5,5:00am-5:59am,27,27,,,,,,,3,
2023,9,90293,Connecticut,1,1,0,0,0,1,1,11,NEW LONDON (11),632,SALEM,18,18,2,February,2023,7,Saturday,19,7:00pm-7:59pm,0,0,0,This Section IS NOT on the NHS,1,Rural,7,Local,3,Town or Township Highway Agency,5,Township,TS-WEST RD,,7,7,41.50941944,41.50941944,-72.312486110,-72.31248611,0,No Special Jurisdiction,5,Fell/Jumped from Vehicle,0,The First Harmful Event was Not a Collision with a Motor Vehicle in Transport,0,No,1,Non-Junction,1,Not an Intersection,0,None,,,1,On Roadway,2,Dark - Not Lighted,,,,,1,Clear,0,No,0000000,Not Applicable,99,Unknown,99,Unknown,99,Unknown EMS Scene Arrival Hour,99,Unknown EMS Scene Arrival Minutes,99,Unknown,99,Unknown EMS Hospital Arrival Time,,,,,,,1,
2023,9,90294,Connecticut,2,2,0,0,0,2,2,3,HARTFORD (3),280,HARTFORD,17,17,10,October,2023,3,Tuesday,0,0:00am-0:59am,27,27,1,This Section IS ON the NHS,2,Urban,2,Other Freeways and Expressways,1,State Highway Agency,3,State Highway,SR-15,I-91 TR 832,814,814,41.74776944,41.74776944,-72.660058330,-72.66005833,0,No Special Jurisdiction,20,Impact Attenuator/Crash Cushion,0,The First Harmful Event was Not a Collision with a Motor Vehicle in Transport,1,Yes,5,Entrance/Exit Ramp Related,1,Not an Intersection,0,None,,,8,Gore,3,Dark - Lighted,,,,,1,Clear,0,No,0000000,Not Applicable,0,0:00am-0:59am,27,27,0,0:00am-0:59am,38,38,88,"Not Applicable (Not Transported) ",88,Not Applicable (Not Transported),,,,,,,1,
2023,9,90295,Connecticut,2,2,0,1,1,3,3,3,HARTFORD (3),280,HARTFORD,7,7,10,October,2023,7,Saturday,2,2:00am-2:59am,59,59,1,This Section IS ON the NHS,2,Urban,1,Interstate,1,State Highway Agency,1,Interstate,I-84,,626,626,41.76948056,41.76948056,-72.667869440,-72.66786944,0,No Special Jurisdiction,12,Motor Vehicle In-Transport,6,Angle,0,No,1,Non-Junction,1,Not an Intersection,0,None,,,1,On Roadway,3,Dark - Lighted,,,,,1,Clear,0,No,0000000,Not Applicable,99,Unknown,99,Unknown,99,Unknown EMS Scene Arrival Hour,99,Unknown EMS Scene Arrival Minutes,99,Unknown,99,Unknown EMS Hospital Arrival Time,,,,,,,1,
2023,9,90296,Connecticut,1,1,0,1,1,2,2,1,FAIRFIELD (1),715,STRATFORD,2,2,10,October,2023,2,Monday,19,7:00pm-7:59pm,17,17,0,This Section IS NOT on the NHS,2,Urban,4,Minor Arterial,1,State Highway Agency,3,State Highway,SR-113,GARDEN ST EAST,69,69,41.20517778,41.20517778,-73.131911110,-73.13191111,0,No Special Jurisdiction,8,Pedestrian,0,The First Harmful Event was Not a Collision with a Motor Vehicle in Transport,0,No,2,Intersection,3,T-Intersection,0,None,,,1,On Roadway,3,Dark - Lighted,,,,,1,Clear,0,No,0000000,Not Applicable,19,7:00pm-7:59pm,17,17,19,7:00pm-7:59pm,23,23,19,7:00pm-7:59pm,43,43,,,,,,,1,
2023,9,90297,Connecticut,1,1,0,1,1,1,1,3,HARTFORD (3),229,ENFIELD,20,20,2,February,2023,2,Monday,99,Unknown Hours,99,Unknown Minutes,1,This Section IS ON the NHS,2,Urban,1,Interstate,1,State Highway Agency,1,Interstate,I-91,,565,565,41.76948056,41.76948056,-72.667866670,-72.66786667,0,No Special Jurisdiction,8,Pedestrian,0,The First Harmful Event was Not a Collision with a Motor Vehicle in Transport,0,No,1,Non-Junction,1,Not an Intersection,0,None,,,1,On Roadway,3,Dark - Lighted,,,,,1,Clear,0,No,0000000,Not Applicable,22,10:00pm-10:59pm,23,23,22,10:00pm-10:59pm,34,34,88,"Not Applicable (Not Transported) ",88,Not Applicable (Not Transported),,,,,,,1,
2023,9,90298,Connecticut,1,1,0,0,0,1,1,9,NEW HAVEN (9),70,BRANFORD,29,29,8,August,2023,3,Tuesday,99,Unknown Hours,99,Unknown Minutes,1,This Section IS ON the NHS,2,Urban,1,Interstate,1,State Highway Agency,1,Interstate,I-95 NB SERVICE AREA RDWY,,99999,Unknown,41.28644722,41.28644722,-72.833405560,-72.83340556,0,No Special Jurisdiction,30,Utility Pole/Light Support,0,The First Harmful Event was Not a Collision with a Motor Vehicle in Transport,0,No,1,Non-Junction,1,Not an Intersection,0,None,,,4,On Roadside,8,Not Reported,,,,,98,Not Reported,0,No,0000000,Not Applicable,99,Unknown,99,Unknown,99,Unknown EMS Scene Arrival Hour,99,Unknown EMS Scene Arrival Minutes,99,Unknown,99,Unknown EMS Hospital Arrival Time,,,,,,,1,